01000	Bourg-en-Bresse	Saint-Denis-lès-Bourg
01090	Francheleins	Genouilleux	Guéreins	Lurcy	Montceaux	Montmerle-sur-Saône
01100	Apremont	Arbent	Bellignat	Géovreisset	Groissiat	Martignat	Oyonnax
01110	Aranc	Brénod	Champdor-Corcelles	Corlier	Plateau d'Hauteville	Prémillieu	Champdor|Champdor-Corcelles	Corcelles|Champdor-Corcelles	Cormaranche-en-Bugey|Plateau d'Hauteville	Hauteville-Lompnes|Plateau d'Hauteville	Hostiaz|Plateau d'Hauteville	Thézillieu|Plateau d'Hauteville
01120	Dagneux	La Boisse	Montluel	Niévroz	Pizay	Sainte-Croix	Thil	Cordieux|Montluel
01130	Belleydoux	Charix	Échallon	Giron	Le Poizat-Lalleyriat	Les Neyrolles	Nantua	Plagne	Saint-Germain-de-Joux	Lalleyriat|Le Poizat-Lalleyriat	Le Poizat|Le Poizat-Lalleyriat
01140	Garnerans	Illiat	Mogneneins	Peyzieux-sur-Saône	Saint-Didier-sur-Chalaronne	Saint-Étienne-sur-Chalaronne	Thoissey	Valeins
01150	Blyes	Chazey-sur-Ain	Lagnieu	Leyment	Saint-Sorlin-en-Bugey	Saint-Vulbas	Sainte-Julie	Sault-Brénaz	Souclin	Vaux-en-Bugey	Villebois
01160	Druillat	La Tranclière	Neuville-sur-Ain	Pont-d'Ain	Priay	Saint-Martin-du-Mont	Varambon
01170	Cessy	Chevry	Crozet	Échenevex	Gex	Mijoux	Ségny	Vesancy
01190	Arbigny	Boissey	Boz	Chavannes-sur-Reyssouze	Chevroux	Gorrevod	Ozan	Pont-de-Vaux	Reyssouze	Saint-Bénigne	Saint-Étienne-sur-Reyssouze	Sermoyer
01200	Billiat	Chézery-Forens	Confort	Éloise	Injoux-Génissiat	Léaz	Montanges	Valserhône	Villes	Bellegarde-sur-Valserine|Valserhône	Châtillon-en-Michaille|Valserhône	Lancrans|Valserhône
01210	Ferney-Voltaire	Ornex	Versonnex
01220	Divonne-les-Bains	Grilly	Sauverny
01230	Arandas	Argis	Chaley	Cleyzieu	Conand	Évosges	Nivollet-Montgriffon	Oncieu	Saint-Rambert-en-Bugey	Tenay	Torcieu
01240	Certines	Dompierre-sur-Veyle	La Chapelle-du-Châtelard	Lent	Marlieux	Saint-André-le-Bouchoux	Saint-Germain-sur-Renon	Saint-Paul-de-Varax
01250	Bohas-Meyriat-Rignat	Ceyzériat	Cize	Corveissiat	Drom	Grand-Corent	Hautecourt-Romanèche	Jasseron	Journans	Montagnat	Nivigne et Suran	Pouillat	Ramasse	Revonnas	Saint-Just	Simandre-sur-Suran	Tossiat	Villereversure
01260	Arvière-en-Valromey	Champagne-en-Valromey	Haut Valromey	Valromey-sur-Séran	Belmont-Luthézieu|Valromey-sur-Séran	Brénaz|Arvière-en-Valromey	Chavornay|Arvière-en-Valromey	Lochieu|Arvière-en-Valromey	Lompnieu|Valromey-sur-Séran	Ruffieu|Haut Valromey	Sutrieu|Valromey-sur-Séran	Vieu|Valromey-sur-Séran	Virieu-le-Petit|Arvière-en-Valromey
01270	Beaupont	Coligny	Domsure	Pirajoux	Salavre	Verjon	Villemotier
01280	Prévessin-Moëns
01290	Bey	Biziat	Cormoranche-sur-Saône	Crottet	Cruzilles-lès-Mépillat	Grièges	Laiz	Pont-de-Veyle	Saint-André-d'Huiriat	Saint-Jean-sur-Veyle
01300	Ambléon	Andert-et-Condon	Arboys en Bugey	Belley	Brégnier-Cordon	Brens	Chazey-Bons	Colomieu	Contrevoz	Conzieu	Cuzieu	Groslée-Saint-Benoit	Izieu	Magnieu	Marignieu	Massignieu-de-Rives	Murs-et-Gélignieux	Parves et Nattages	Peyrieu	Prémeyzel	Saint-Germain-les-Paroisses	Virignin	Arbignieu|Arboys en Bugey	Groslée|Groslée-Saint-Benoit	Nattages|Parves et Nattages	Parves|Parves et Nattages	Saint-Benoît|Groslée-Saint-Benoit	Saint-Bois|Arboys en Bugey
01310	Buellas	Confrançon	Curtafond	Montcet	Montracol	Polliat	Saint-Martin-le-Châtel	Saint-Rémy
01320	Chalamont	Châtenay	Châtillon-la-Palud	Crans	Saint-Nizier-le-Désert	Villette-sur-Ain
01330	Ambérieux-en-Dombes	Birieux	Bouligneux	Lapeyrouse	Le Plantay	Sainte-Olive	Versailleux	Villars-les-Dombes
01340	Attignat	Béréziat	Bresse Vallons	Foissiat	Jayat	Malafretaz	Marsonnas	Montrevel-en-Bresse	Saint-Didier-d'Aussiat	Saint-Sulpice	Cras-sur-Reyssouze|Bresse Vallons	Étrez|Bresse Vallons
01350	Anglefort	Ceyzérieu	Cressin-Rochefort	Culoz-Béon	Flaxieu	Lavours	Pollieu	Vongnes	Béon|Culoz-Béon	Culoz|Culoz-Béon
01360	Balan	Béligneux	Bressolles	Loyettes
01370	Bény	Courmangoux	Meillonnas	Saint-Étienne-du-Bois	Val-Revermont	Cuisiat|Val-Revermont	Pressiat|Val-Revermont
01380	Bâgé-Dommartin	Bâgé-le-Châtel	Boissey	Saint-André-de-Bâgé	Saint-Cyr-sur-Menthon	Saint-Genis-sur-Menthon	Bâgé-la-Ville|Bâgé-Dommartin	Dommartin|Bâgé-Dommartin
01390	Civrieux	Mionnay	Monthieux	Rancé	Saint-André-de-Corcy	Saint-Jean-de-Thurigneux	Saint-Marcel	Tramoyes
01400	Chanoz-Châtenay	Châtillon-sur-Chalaronne	Condeissiat	Dompierre-sur-Chalaronne	L'Abergement-Clémenciat	Neuville-les-Dames	Romans	Saint-Georges-sur-Renon	Sandrans	Sulignat
01410	Champfromier	Chézery-Forens	Lajoux	Lélex	Mijoux
01420	Chanay	Corbonod	Seyssel	Surjoux-Lhopital	Lhôpital|Surjoux-Lhopital	Surjoux|Surjoux-Lhopital
01430	Ceignes	Chevillard	Condamine	Izenave	Lantenay	Maillat	Outriaz	Peyriat	Saint-Martin-du-Frêne	Vieu-d'Izenave
01440	Viriat
01450	Bolozon	Cerdon	Challes-la-Montagne	Labalme	Leyssard	Mérignat	Poncin	Saint-Alban	Serrières-sur-Ain
01460	Béard-Géovreissiat	Brion	Montréal-la-Cluse	Nantua	Nurieux-Volognat	Port
01470	Bénonces	Briord	Montagnieu	Seillonnaz	Serrières-de-Briord
01480	Ars-sur-Formans	Beauregard	Chaleins	Fareins	Frans	Jassans-Riottier	Messimy-sur-Saône	Savigneux	Villeneuve
01500	Ambérieu-en-Bugey	Ambronay	Ambutrix	Bettant	Château-Gaillard	Douvres	Saint-Denis-en-Bugey	Saint-Maurice-de-Rémens
01510	Armix	Artemare	Chazey-Bons	Cheignieu-la-Balme	La Burbanche	Ordonnaz	Rossillon	Saint-Martin-de-Bavel	Talissieu	Virieu-le-Grand
01540	Perrex	Saint-Julien-sur-Veyle	Vonnas
01550	Collonges	Farges	Pougny
01560	Cormoz	Courtes	Curciat-Dongalon	Lescheroux	Mantenay-Montlin	Saint-Jean-sur-Reyssouze	Saint-Julien-sur-Reyssouze	Saint-Nizier-le-Bouchoux	Saint-Trivier-de-Courtes	Servignat	Vernoux	Vescours
01570	Asnières-sur-Saône	Feillens	Manziat	Vésines
01580	Izernore	Matafelon-Granges	Samognat	Sonthonnax-la-Montagne
01590	Chancia	Dortan	Lavancia-Epercy
01600	Massieux	Misérieux	Parcieux	Reyrieux	Saint-Bernard	Saint-Didier-de-Formans	Sainte-Euphémie	Toussieux	Trévoux
01630	Challex	Péron	Saint-Genis-Pouilly	Saint-Jean-de-Gonville	Sergy
01640	Boyeux-Saint-Jérôme	Jujurieux	L'Abergement-de-Varey	Saint-Jean-le-Vieux
01660	Chaveyriat	Mézériat	Vandeins
01680	Innimond	Lhuis	Lompnas	Marchamp
01700	Beynost	Miribel	Neyron	Saint-Maurice-de-Beynost
01710	Thoiry
01750	Crottet	Replonges	Saint-Laurent-sur-Saône
01800	Bourg-Saint-Christophe	Charnoz-sur-Ain	Faramans	Joyeux	Le Montellier	Meximieux	Pérouges	Rignieux-le-Franc	Saint-Éloi	Saint-Jean-de-Niost	Saint-Maurice-de-Gourdans	Villieu-Loyes-Mollon
01851	Marboz
01960	Péronnas	Saint-André-sur-Vieux-Jonc	Servas
01990	Baneins	Chaneins	Relevant	Saint-Trivier-sur-Moignans
02000	Aulnois-sous-Laon	Barenton-Bugny	Barenton-Cel	Bourguignon-sous-Montbavin	Braye-en-Laonnois	Chaillevois	Chambry	Chavignon	Chéry-lès-Pouilly	Chevregny	Chivy-lès-Étouvelles	Clacy-et-Thierret	Étouvelles	Laniscourt	Laon	Merlieux-et-Fouquerolles	Molinchart	Monampteuil	Mons-en-Laonnois	Montbavin	Pargny-et-Filain	Royaucourt-et-Chailvet	Urcel	Vaucelles-et-Beffecourt	Verneuil-sur-Serre
02100	Essigny-le-Petit	Fayet	Gricourt	Harly	Lesdins	Morcourt	Neuville-Saint-Amand	Omissy	Remaucourt	Rouvroy	Saint-Quentin
02110	Aisonville-et-Bernoville	Beaurevoir	Becquigny	Bohain-en-Vermandois	Brancourt-le-Grand	Croix-Fonsomme	Étaves-et-Bocquiaux	Fieulaine	Fonsomme	Fontaine-Notre-Dame	Fontaine-Uterte	Grougis	La Vallée-Mulâtre	Molain	Montbrehain	Montigny-en-Arrouaise	Prémont	Ramicourt	Ribeauville	Saint-Martin-Rivière	Seboncourt	Serain	Vaux-Andigny
02120	Audigny	Bernot	Chigny	Colonfay	Crupilly	Flavigny-le-Grand-et-Beaurain	Grand-Verly	Guise	Hauteville	Landifay-et-Bertaignemont	Le Hérie-la-Viéville	Lesquielles-Saint-Germain	Macquigny	Malzy	Marly-Gomont	Monceau-sur-Oise	Noyales	Proisy	Proix	Puisieux-et-Clanlieu	Romery	Sains-Richaumont	Tupigny	Vadencourt	Villers-lès-Guise	Wiège-Faty
02130	Arcy-Sainte-Restitue	Beuvardes	Bruyères-sur-Fère	Cierges	Coulonges-Cohan	Courmont	Cramaille	Dravegny	Fère-en-Tardenois	Fresnes-en-Tardenois	Goussancourt	Loupeigne	Mareuil-en-Dôle	Ronchères	Saponay	Sergy	Seringes-et-Nesles	Vézilly	Villeneuve-sur-Fère	Villers-Agron-Aiguizy	Villers-sur-Fère
02140	Bancigny	Braye-en-Thiérache	Burelles	Dagny-Lambercy	Fontaine-lès-Vervins	Franqueville	Gercy	Gronard	Harcigny	Hary	Haution	Houry	Jeantes	La Bouteille	La Vallée-au-Blé	Laigny	Landouzy-la-Cour	Landouzy-la-Ville	Le Sourd	Lemé	Lugny	Marfontaine	Nampcelles-la-Cour	Plomion	Prisces	Rogny	Rougeries	Saint-Gobert	Saint-Pierre-lès-Franqueville	Thenailles	Vervins	Voharies	Voulpaix
02150	La Selve	Lappion	Nizy-le-Comte	Sissonne
02160	Beaurieux	Blanzy-lès-Fismes	Bouffignereux	Bourg-et-Comin	Chaudardes	Concevreux	Craonne	Craonnelle	Cuiry-lès-Chaudardes	Cuissy-et-Geny	Guyencourt	Jumigny	La Ville-aux-Bois-lès-Pontavert	Les Septvallons	Maizy	Meurival	Moulins	Moussy-Verneuil	Muscourt	Oulches-la-Vallée-Foulon	Paissy	Pargnan	Pont-Arcy	Pontavert	Roucy	Serval	Soupir	Œuilly	Vassogne	Vendresse-Beaulne	Viel-Arcy	Glennes|Les Septvallons	Longueval-Barbonval|Les Septvallons	Merval|Les Septvallons	Perles|Les Septvallons	Révillon|Les Septvallons	Vauxcéré|Les Septvallons	Villers-en-Prayères|Les Septvallons
02170	Barzy-en-Thiérache	Esquéhéries	Fontenelle	Le Nouvion-en-Thiérache	Leschelle
02190	Aguilcourt	Amifontaine	Berry-au-Bac	Bertricourt	Condé-sur-Suippe	Évergnicourt	Juvincourt-et-Damary	La Malmaison	Lor	Neufchâtel-sur-Aisne	Orainville	Pignicourt	Prouvais	Proviseux-et-Plesnoy	Variscourt	Villeneuve-sur-Aisne	Guignicourt|Villeneuve-sur-Aisne	Menneville|Villeneuve-sur-Aisne
02200	Acy	Ambrief	Belleu	Bernoy-le-Château	Billy-sur-Aisne	Buzancy	Chacrise	Chaudun	Courmelles	Cuisy-en-Almont	Mercin-et-Vaux	Missy-aux-Bois	Nampteuil-sous-Muret	Pasly	Pernant	Ploisy	Pommiers	Rozières-sur-Crise	Saconin-et-Breuil	Septmonts	Soissons	Vauxbuin	Vauxrezis	Venizel	Villeneuve-Saint-Germain
02210	Armentières-sur-Ourcq	Beugneux	Billy-sur-Ourcq	Brécy	Breny	Chouy	Coincy	Droizy	Grand-Rozoy	Grisolles	Hartennes-et-Taux	La Croix-sur-Ourcq	Latilly	Launoy	Le Plessier-Huleu	Montgru-Saint-Hilaire	Muret-et-Crouttes	Nanteuil-Notre-Dame	Oulchy-la-Ville	Oulchy-le-Château	Parcy-et-Tigny	Rocourt-Saint-Martin	Rozet-Saint-Albin	Saint-Rémy-Blanzy	Vichel-Nanteuil	Vierzy	Villemontoire
02220	Augy	Bazoches-et-Saint-Thibaut	Braine	Brenelle	Bruys	Cerseuil	Chéry-Chartreuve	Ciry-Salsogne	Courcelles-sur-Vesle	Couvrelles	Cuiry-Housse	Cys-la-Commune	Dhuizel	Jouaignes	Lesges	Lhuys	Limé	Maast-et-Violaine	Mont-Notre-Dame	Mont-Saint-Martin	Paars	Quincy-sous-le-Mont	Saint-Mard	Serches	Sermoise	Tannières	Vasseny	Vauxtin	Ville-Savoye	Bazoches-sur-Vesles|Bazoches-et-Saint-Thibaut	Saint-Thibaut|Bazoches-et-Saint-Thibaut
02230	Fresnoy-le-Grand
02240	Alaincourt	Berthenicourt	Brissay-Choigny	Brissy-Hamégicourt	Cerizy	Châtillon-sur-Oise	Itancourt	Mézières-sur-Oise	Parpeville	Pleine-Selve	Regny	Renansart	Ribemont	Séry-lès-Mézières	Sissy	Surfontaine	Villers-le-Sec
02250	Autremencourt	Berlancourt	Bosmont-sur-Serre	Chevennes	Cilly	Erlon	Housset	La Neuville-Bosmont	La Neuville-Housset	Marcy-sous-Marle	Marle	Montigny-le-Franc	Montigny-sous-Marle	Saint-Pierremont	Tavaux-et-Pontséricourt	Thiernu	Toulis-et-Attencourt	Voyenne
02260	Clairfontaine	Englancourt	Erloy	Froidestrées	Gergny	La Capelle	La Flamengrie	Lerzy	Papleux	Rocquigny	Saint-Algis	Sommeron
02270	Assis-sur-Serre	Barenton-sur-Serre	Bois-lès-Pargny	Chalandry	Châtillon-lès-Sons	Chevresis-Monceau	Couvron-et-Aumencourt	Crécy-sur-Serre	Dercy	Froidmont-Cohartille	La Ferté-Chevresis	Mesbrecourt-Richecourt	Monceau-le-Neuf-et-Faucouzy	Monceau-lès-Leups	Montigny-sur-Crécy	Mortiers	Nouvion-et-Catillon	Pargny-les-Bois	Pouilly-sur-Serre	Remies	Sons-et-Ronchères
02290	Ambleny	Bagneux	Berny-Rivière	Bieuxy	Épagny	Fontenoy	Montigny-Lengrain	Morsain	Nouvron-Vingré	Osly-Courtil	Ressons-le-Long	Saint-Bandry	Saint-Christophe-à-Berry	Tartiers	Vassens	Vézaponin	Vic-sur-Aisne
02300	Abbécourt	Audignicourt	Autreville	Beaumont-en-Beine	Besmé	Béthancourt-en-Vaux	Bichancourt	Blérancourt	Bourguignon-sous-Coucy	Caillouël-Crépigny	Camelin	Caumont	Chauny	Commenchon	Guivry	Guny	La Neuville-en-Beine	Manicamp	Marest-Dampcourt	Neuflieux	Ognes	Pierremande	Quierzy	Saint-Aubin	Saint-Paul-aux-Bois	Selens	Sinceny	Trosly-Loire	Ugny-le-Gay	Villequier-Aumont	Viry-Noureuil
02310	Bézu-le-Guéry	Charly-sur-Marne	Coupru	Crouttes-sur-Marne	Domptin	Montreuil-aux-Lions	Nogent-l'Artaud	Pavant	Romeny-sur-Marne	Saulchery	Villiers-Saint-Denis
02320	Allemant	Anizy-le-Grand	Brancourt-en-Laonnois	Cessières-Suzy	Pinon	Prémontré	Vaudesson	Vauxaillon	Wissignicourt	Anizy-le-Château|Anizy-le-Grand	Cessières|Cessières-Suzy	Faucoucourt|Anizy-le-Grand	Lizy|Anizy-le-Grand	Suzy|Cessières-Suzy
02330	Celles-lès-Condé	Condé-en-Brie	Connigis	Courboin	Dhuys et Morin-en-Brie	Monthurel	Montigny-lès-Condé	Montlevon	Pargny-la-Dhuys	Saint-Eugène	Vallées en Champagne	Artonges|Dhuys et Morin-en-Brie	Baulne-en-Brie|Vallées en Champagne	La Chapelle-Monthodon|Vallées en Champagne	Saint-Agnan|Vallées en Champagne
02340	Agnicourt-et-Séchelles	Berlise	Chaourse	Clermont-les-Fermes	Dizy-le-Gros	La Ville-aux-Bois-lès-Dizy	Le Thuel	Lislet	Montcornet	Montloué	Noircourt	Renneval	Sainte-Geneviève	Soize	Vigneux-Hocquet	Vincy-Reuil-et-Magny
02350	Boncourt	Bucy-lès-Pierrepont	Chivres-en-Laonnois	Cuirieux	Ébouleau	Gizy	Goudelancourt-lès-Pierrepont	Grandlup-et-Fay	Liesse-Notre-Dame	Mâchecourt	Marchais	Missy-lès-Pierrepont	Pierrepont	Sainte-Preuve	Vesles-et-Caumont
02360	Archon	Brunehamel	Chéry-lès-Rozoy	Coingt	Cuiry-lès-Iviers	Dohis	Dolignon	Grandrieux	Iviers	Les Autels	Mont-Saint-Jean	Morgny-en-Thiérache	Parfondeval	Raillimont	Résigny	Rouvroy-sur-Serre	Rozoy-sur-Serre	Saint-Clément
02370	Aizy-Jouy	Celles-sur-Aisne	Chassemy	Chavonne	Condé-sur-Aisne	Ostel	Presles-et-Boves	Vailly-sur-Aisne
02380	Bassoles-Aulers	Coucy-la-Ville	Coucy-le-Château-Auffrique	Crécy-au-Mont	Fresnes-sous-Coucy	Jumencourt	Landricourt	Leuilly-sous-Coucy	Pont-Saint-Mard	Quincy-Basse	Verneuil-sous-Coucy
02390	Mont-d'Origny	Neuvillette	Origny-Sainte-Benoite	Thenelles
02400	Azy-sur-Marne	Belleau	Bézu-Saint-Germain	Blesmes	Bonneil	Bonnesvalyn	Bouresches	Brasles	Chartèves	Château-Thierry	Chierry	Épaux-Bézu	Épieds	Essômes-sur-Marne	Étampes-sur-Marne	Étrépilly	Gland	Lucy-le-Bocage	Mont-Saint-Père	Monthiers	Nesles-la-Montagne	Nogentel	Verdilly
02410	Saint-Gobain	Saint-Nicolas-aux-Bois	Septvaux
02420	Aubencheul-aux-Bois	Bellenglise	Bellicourt	Bony	Estrées	Gouy	Hargicourt	Joncourt	Le Catelet	Lehaucourt	Lempire	Levergies	Magny-la-Fosse	Nauroy	Sequehart	Vendhuile	Villeret
02430	Gauchy
02440	Benay	Clastres	Gibercourt	Hinacourt	Ly-Fontaine	Montescourt-Lizerolles	Remigny
02450	Bergues-sur-Sambre	Boué	Dorengt	Fesmy-le-Sart	La Neuville-lès-Dorengt	Lavaqueresse	Oisy
02460	La Ferté-Milon	Silly-la-Poterie	Troësnes
02470	Dammard	Macogny	Marizy-Saint-Mard	Marizy-Sainte-Geneviève	Monnes	Neuilly-Saint-Front	Passy-en-Valois	Priez	Sommelans
02480	Annois	Artemps	Bray-Saint-Christophe	Cugny	Dury	Happencourt	Jussy	Ollezy	Pithon	Sommette-Eaucourt
02490	Attilly	Caulaincourt	Jeancourt	Le Verguier	Maissemy	Pontru	Pontruet	Trefcon	Vendelles	Vermand
02500	Any-Martin-Rieux	Aubenton	Beaumé	Besmont	Bucilly	Buire	Effry	Éparcy	Hirson	La Hérie	Leuze	Logny-lès-Aubenton	Luzoir	Martigny	Mondrepuis	Neuve-Maison	Ohis	Wimy
02510	Étreux	Hannapes	Iron	Vénérolles
02520	Flavy-le-Martel
02540	Dhuys et Morin-en-Brie	L'Épine-aux-Bois	Montfaucon	Rozoy-Bellevalle	Vendières	Viels-Maisons	Viffort	Fontenelle-en-Brie|Dhuys et Morin-en-Brie	La Celle-sous-Montmirail|Dhuys et Morin-en-Brie	Marchais-en-Brie|Dhuys et Morin-en-Brie
02550	Origny-en-Thiérache
02570	Chézy-sur-Marne	Essises	La Chapelle-sur-Chézy
02580	Autreppes	Étréaupont	Sorbais
02590	Aubigny-aux-Kaisnes	Beauvois-en-Vermandois	Douchy	Étreillers	Fluquières	Foreste	Germaine	Lanchy	Roupy	Savy	Vaux-en-Vermandois	Villers-Saint-Christophe
02600	Ancienville	Corcy	Coyolles	Cutry	Cœuvres-et-Valsery	Dampleux	Dommiers	Faverolles	Fleury	Haramont	Largny-sur-Automne	Laversine	Longpont	Louâtre	Montgobert	Mortefontaine	Noroy-sur-Ourcq	Oigny-en-Valois	Puiseux-en-Retz	Retheuil	Saint-Pierre-Aigle	Soucy	Taillefontaine	Villers-Cotterêts	Villers-Hélon	Vivières
02610	Moÿ-de-l'Aisne
02620	Buironfosse
02630	Mennevret	Petit-Verly	Wassigny
02640	Saint-Simon	Tugny-et-Pont
02650	Crézancy	Fossoy	Mézy-Moulins
02670	Champs	Folembray
02680	Castres	Contescourt	Dallon	Fontaine-lès-Clercs	Grugies
02690	Essigny-le-Grand	Urvillers
02700	Amigny-Rouy	Barisis-aux-Bois	Condren	Deuillet	Frières-Faillouël	Liez	Mennessis	Servais	Tergnier	Fargniers|Tergnier	Quessy|Tergnier	Vouël|Tergnier
02720	Homblières	Marcy	Mesnil-Saint-Laurent
02760	Francilly-Selency	Holnon
02790	Seraucourt-le-Grand
02800	Achery	Andelain	Anguilcourt-le-Sart	Beautor	Bertaucourt-Epourdon	Charmes	Courbes	Danizy	Fressancourt	La Fère	Mayot	Nouvion-le-Comte	Rogécourt	Travecy	Vendeuil	Versigny
02810	Brumetz	Bussiares	Chézy-en-Orxois	Courchamps	Gandelu	Hautevesnes	Licy-Clignon	Marigny-en-Orxois	Montigny-l'Allier	Saint-Gengoulph	Torcy-en-Valois	Veuilly-la-Poterie
02820	Aizelles	Aubigny-en-Laonnois	Berrieux	Corbeny	Courtrizy-et-Fussigny	Goudelancourt-lès-Berrieux	Mauregny-en-Haye	Montaigu	Saint-Erme-Outre-et-Ramecourt	Saint-Thomas	Sainte-Croix
02830	Saint-Michel	Watigny
02840	Athies-sous-Laon	Coucy-lès-Eppes	Eppes	Festieux	Monceau-le-Waast	Parfondru	Samoussy	Veslud
02850	Barzy-sur-Marne	Courtemont-Varennes	Jaulgonne	Le Charmel	Passy-sur-Marne	Reuilly-Sauvigny	Trélou-sur-Marne
02860	Arrancy	Bièvres	Bouconville-Vauclair	Bruyères-et-Montbérault	Cerny-en-Laonnois	Chamouille	Chérêt	Chermizy-Ailles	Colligis-Crandelain	Laval-en-Laonnois	Lierval	Martigny-Courpierre	Montchâlons	Monthenault	Neuville-sur-Ailette	Nouvion-le-Vineux	Orgeval	Pancy-Courtecon	Ployart-et-Vaurseine	Presles-et-Thierny	Trucy	Vorges
02870	Besny-et-Loizy	Brie	Bucy-lès-Cerny	Cerny-lès-Bucy	Crépy	Fourdrain	Vivaise
02880	Braye	Bucy-le-Long	Chavigny	Chivres-Val	Clamecy	Crouy	Cuffies	Juvigny	Laffaux	Leury	Margival	Missy-sur-Aisne	Nanteuil-la-Fosse	Neuville-sur-Margival	Sancy-les-Cheminots	Terny-Sorny	Vregny	Vuillery
03000	Avermes	Bressolles	Coulandon	Montilly	Moulins	Neuvy
03100	Lavault-Sainte-Anne	Montluçon
03110	Broût-Vernet	Charmeil	Cognat-Lyonne	Escurolles	Espinasse-Vozelle	Saint-Didier-la-Forêt	Saint-Pont	Saint-Rémy-en-Rollat	Vendat
03120	Andelaroche	Arfeuilles	Barrais-Bussolles	Billezois	Châtelus	Droiturier	Isserpent	Lapalisse	Le Breuil	Périgny	Saint-Christophe-en-Bourbonnais	Saint-Prix	Servilly
03130	Avrilly	Bert	Le Bouchaud	Le Donjon	Le Pin	Lenax	Liernolles	Loddes	Luneau	Montaiguët-en-Forez	Montcombroux-les-Mines	Neuilly-en-Donjon	Saint-Didier-en-Donjon	Saint-Léger-sur-Vouzance
03140	Barberier	Chantelle	Chareil-Cintrat	Charroux	Chezelle	Deneuille-lès-Chantelle	Étroussat	Fleuriel	Fourilles	Monestier	Saint-Germain-de-Salles	Target	Taxat-Senat	Ussel-d'Allier	Voussac
03150	Boucé	Créchy	Langy	Montaigu-le-Blin	Montoldre	Rongères	Saint-Gérand-le-Puy	Saint-Loup	Sanssat	Varennes-sur-Allier
03160	Bourbon-l'Archambault	Couzon	Franchesse	Saint-Aubin-le-Monial	Saint-Léopardin-d'Augy	Saint-Plaisir	Ygrande
03170	Bézenet	Bizeneuille	Chamblet	Deneuille-les-Mines	Doyet	Montvicq	Saint-Angel
03190	Audes	Estivareilles	Haut-Bocage	Hérisson	Nassigny	Reugny	Saint-Caprais	Vallon-en-Sully	Vaux	Venas	Verneix	Givarlais|Haut-Bocage	Louroux-Hodement|Haut-Bocage	Maillet|Haut-Bocage
03200	Abrest	Le Vernet	Vichy
03210	Agonges	Autry-Issards	Besson	Bresnay	Châtillon	Chemilly	Gipcy	Marigny	Meillers	Noyant-d'Allier	Saint-Menoux	Souvigny
03220	Châtelperron	Chavroches	Cindré	Jaligny-sur-Besbre	Saint-Léon	Saint-Voir	Sorbier	Thionne	Treteau	Trézelles	Varennes-sur-Tèche	Vaumas
03230	Beaulon	Chevagnes	Chézy	Gannay-sur-Loire	Garnat-sur-Engièvre	La Chapelle-aux-Chasses	Lusigny	Paray-le-Frésil	Saint-Martin-des-Lais	Thiel-sur-Acolin
03240	Cressanges	Deux-Chaises	Le Montet	Le Theil	Rocles	Saint-Sornin	Treban	Tronget
03250	Arronnes	Châtel-Montagne	Ferrières-sur-Sichon	La Chabanne	La Guillermie	Laprugne	Lavoine	Le Mayet-de-Montagne	Nizerolles	Saint-Clément	Saint-Nicolas-des-Biefs
03260	Billy	Magnet	Marcenat	Saint-Félix	Saint-Germain-des-Fossés	Seuillet
03270	Busset	Hauterive	Mariol	Saint-Yorre
03290	Diou	Dompierre-sur-Besbre	Saint-Pourçain-sur-Besbre
03300	Bost	Creuzier-le-Neuf	Creuzier-le-Vieux	Cusset	La Chapelle	Molles	Saint-Étienne-de-Vicq
03310	Durdat-Larequille	Néris-les-Bains	Saint-Genest	Villebret
03320	Château-sur-Allier	Couleuvre	Le Veurdre	Limoise	Lurcy-Lévis	Neure	Pouzy-Mésangy
03330	Bellenaves	Chirat-l'Église	Coutansouze	Échassières	Louroux-de-Bouble	Naves	Valignat
03340	Bessay-sur-Allier	Chapeau	Gouise	La Ferté-Hauterive	Mercy	Montbeugny	Neuilly-le-Réal	Saint-Gérand-de-Vaux
03350	Cérilly	Le Brethon	Le Vilhain	Louroux-Bourbonnais	Theneuille
03360	Ainay-le-Château	Braize	Isle-et-Bardais	Lételon	Meaulne-Vitray	Saint-Bonnet-Tronçais	Urçay	Valigny	Meaulne|Meaulne-Vitray	Vitray|Meaulne-Vitray
03370	Chambérat	Chazemais	Courçais	Mesples	Saint-Désiré	Saint-Éloy-d'Allier	Saint-Palais	Saint-Sauvier	Viplaix
03380	Archignat	Huriel	La Chapelaude	Lamaids	Quinssaines	Saint-Martinien	Treignat
03390	Beaune-d'Allier	Blomard	Chappes	Montmarault	Murat	Saint-Bonnet-de-Four	Saint-Marcel-en-Murat	Saint-Priest-en-Murat	Sazeret	Vernusse
03400	Gennetines	Saint-Ennemond	Toulon-sur-Allier	Yzeure
03410	Domérat	Lignerolles	Prémilhat	Saint-Victor	Teillet-Argenty
03420	Arpheuilles-Saint-Priest	La Petite-Marche	Marcillat-en-Combraille	Mazirat	Ronnet	Saint-Fargeol	Saint-Marcel-en-Marcillat	Sainte-Thérence	Terjat
03430	Cosne-d'Allier	Sauvagny	Tortezais	Vieure	Villefranche-d'Allier
03440	Buxières-les-Mines	Chavenon	Saint-Hilaire
03450	Chouvigny	Ébreuil	Lalizolle	Nades	Sussat	Veauce	Vicq
03460	Aubigny	Aurouër	Bagneux	Trévol	Villeneuve-sur-Allier
03470	Coulanges	Monétay-sur-Loire	Pierrefitte-sur-Loire	Saligny-sur-Roudon
03500	Bayet	Bransat	Cesset	Châtel-de-Neuvre	Contigny	Laféline	Loriges	Louchy-Montfand	Meillard	Monétay-sur-Allier	Montord	Paray-sous-Briailles	Saint-Pourçain-sur-Sioule	Saulcet	Verneuil-en-Bourbonnais
03510	Chassenard	Molinet
03600	Colombier	Commentry	Hyds	La Celle	Louroux-de-Beaune	Malicorne
03630	Désertines
03700	Bellerive-sur-Allier	Brugheas	Serbannes
03800	Bègues	Biozat	Charmes	Gannat	Jenzat	Le Mayet-d'École	Mazerier	Monteignet-sur-l'Andelot	Poëzat	Saint-Bonnet-de-Rochefort	Saint-Priest-d'Andelot	Saulzet
04000	Digne-les-Bains	Entrages	La Javie	La Robine-sur-Galabre
04100	Manosque
04110	Aubenas-les-Alpes	Montfuron	Montjustin	Oppedette	Reillanne	Sainte-Croix-à-Lauze	Vachères	Villemus
04120	Castellane	Demandolx	La Garde	La Palud-sur-Verdon	Peyroules	Rougon	Soleilhas	Châteauneuf-lès-Moustiers|La Palud-sur-Verdon
04130	Volx
04140	Auzet	Barles	Le Vernet	Montclar	Saint-Martin-lès-Seyne	Selonnet	Seyne	Verdaches
04150	Banon	L'Hospitalet	La Rochegiron	Montsalier	Redortiers	Revest-des-Brousses	Revest-du-Bion	Saumane	Simiane-la-Rotonde
04160	Château-Arnoux-Saint-Auban	L'Escale
04170	Allons	Angles	La Mure-Argens	Lambruisse	Moriez	Saint-André-les-Alpes	Saint-Julien-du-Verdon	Thorame-Basse	Thorame-Haute	Vergons	Argens|La Mure-Argens
04180	Villeneuve
04190	Les Mées
04200	Aubignosc	Authon	Bevons	Châteauneuf-Miravail	Châteauneuf-Val-Saint-Donat	Curel	Entrepierres	Les Omergues	Mison	Noyers-sur-Jabron	Peipin	Saint-Geniez	Saint-Vincent-sur-Jabron	Sigoyer	Sisteron	Thèze	Valbelle	Valernes	Vaumeilh
04210	Brunet	Valensole
04220	Corbières-en-Provence	Sainte-Tulle
04230	Cruis	Fontienne	Lardiers	Mallefougasse-Augès	Montlaux	Ongles	Revest-Saint-Martin	Saint-Étienne-les-Orgues
04240	Annot	Braux	Le Fugeret	Méailles	Saint-Benoît	Ubraye
04250	Bayons	Bellaffaire	Châteaufort	Clamensane	Faucon-du-Caire	Gigors	La Motte-du-Caire	Le Caire	Melve	Nibles	Turriers	Valavoire	Astoin|Bayons	Esparron-la-Bâtie|Bayons	Reynier|Bayons
04260	Allos
04270	Beynes	Bras-d'Asse	Châteauredon	Entrages	Estoublon	Majastres	Mézel	Saint-Jeannet	Saint-Julien-d'Asse	Senez	Le Poil|Senez
04280	Céreste-en-Luberon
04290	Salignac	Sourribes	Volonne
04300	Dauphin	Forcalquier	Limans	Mane	Niozelles	Pierrerue	Saint-Maime	Saint-Martin-les-Eaux	Sigonce
04310	Ganagobie	Peyruis
04320	Castellet-lès-Sausses	Entrevaux	Sausses	Val-de-Chalvagne
04330	Barrême	Blieux	Chaudon-Norante	Clumanc	Saint-Jacques	Saint-Lions	Senez	Tartonne
04340	Le Lauzet-Ubaye	Méolans-Revel	Ubaye-Serre-Ponçon	La Bréole|Ubaye-Serre-Ponçon	Saint-Vincent-les-Forts|Ubaye-Serre-Ponçon
04350	Malijai
04360	Moustiers-Sainte-Marie
04370	Beauvezer	Colmars	Villars-Colmars
04380	Barras	Hautes-Duyes	Le Castellard-Mélan	Thoard
04400	Barcelonnette	Enchastrayes	Faucon-de-Barcelonnette	Les Thuiles	Saint-Pons	Uvernet-Fours
04410	Puimoisson	Saint-Jurs
04420	Archail	Beaujeu	Draix	La Javie	Le Brusquet	Marcoux	Prads-Haute-Bléone	Blégiers|Prads-Haute-Bléone
04500	Allemagne-en-Provence	Montagnac-Montpezat	Quinson	Riez	Roumoules	Saint-Laurent-du-Verdon	Sainte-Croix-du-Verdon	Montpezat|Montagnac-Montpezat
04510	Aiglun	Le Chaffaut-Saint-Jurson	Malijai	Mallemoisson	Mirabeau
04530	La Condamine-Châtelard	Saint-Paul-sur-Ubaye	Val d'Oronaye	Larche|Val d'Oronaye	Meyronnes|Val d'Oronaye
04600	Château-Arnoux-Saint-Auban	Montfort
04660	Champtercier
04700	Entrevennes	La Brillanne	Le Castellet	Lurs	Oraison	Puimichel
04800	Esparron-de-Verdon	Gréoux-les-Bains	Saint-Martin-de-Brômes	Albiosc|Esparron-de-Verdon
04850	Jausiers
04860	Pierrevert
04870	Saint-Michel-l'Observatoire	Lincel|Saint-Michel-l'Observatoire
05000	Châteauvieux	Gap	La Bâtie-Vieille	La Freissinouse	La Rochette	Neffes	Pelleautier	Rambaud	Romette|Gap
05100	Briançon	Cervières	Montgenèvre	Névache	Puy-Saint-André	Puy-Saint-Pierre	Val-des-Prés	Villar-Saint-Pancrace
05110	Barcillonnette	Claret	Curbans	Esparron	La Saulce	Lardier-et-Valença	Monêtier-Allemont	Vitrolles
05120	L'Argentière-la-Bessée	Les Vigneaux	Saint-Martin-de-Queyrières
05130	Fouillouse	Jarjayes	Lettret	Piégut	Saint-Étienne-le-Laus	Sigoyer	Tallard	Valserres	Venterol
05140	Aspremont	Aspres-sur-Buëch	La Beaume	La Faurie	La Haute-Beaume	Montbrand	Saint-Julien-en-Beauchêne	Saint-Pierre-d'Argençon
05150	Montjay	Moydans	Ribeyret	Rosans	Saint-André-de-Rosans	Sorbiers	Valdoule
05160	Le Sauze-du-Lac	Pontis	Réallon	Saint-Apollinaire	Savines-le-Lac
05170	Orcières
05190	Bréziers	Espinasses	Remollon	Rochebrune	Rousset-Serre-Ponçon	Théus
05200	Baratier	Crévoux	Crots	Embrun	Les Orres	Puy-Saint-Eusèbe	Puy-Sanières	Saint-André-d'Embrun	Saint-Sauveur
05220	Le Monêtier-les-Bains
05230	Avançon	Chorges	La Bâtie-Neuve	Montgardin	Prunières
05240	La Salle-les-Alpes
05250	Dévoluy
05260	Ancelle	Chabottes	Champoléon	Forest-Saint-Julien	Saint-Jean-Saint-Nicolas	Saint-Léger-les-Mélèzes	Saint-Michel-de-Chaillol
05290	Puy-Saint-Vincent	Vallouise-Pelvoux
05300	Barret-sur-Méouge	Éourres	Garde-Colombe	Laragne-Montéglin	Lazer	Le Poët	Saint-Pierre-Avez	Saléon	Salérans	Upaix	Val Buëch-Méouge	Ventavon	Antonaves|Val Buëch-Méouge	Châteauneuf-de-Chabre|Val Buëch-Méouge	Ribiers|Val Buëch-Méouge
05310	Champcella	Freissinières	La Roche-de-Rame
05320	La Grave
05330	Saint-Chaffrey
05340	Vallouise-Pelvoux
05350	Arvieux	Château-Ville-Vieille	Molines-en-Queyras	Saint-Véran
05380	Châteauroux-les-Alpes
05400	Chabestan	Châteauneuf-d'Oze	Furmeyer	La Roche-des-Arnauds	Le Saix	Manteyer	Montmaur	Oze	Rabou	Saint-Auban-d'Oze	Veynes
05460	Abriès-Ristolas	Abriès|Abriès-Ristolas	Ristolas|Abriès-Ristolas
05470	Aiguilles
05480	Villar-d'Arêne
05500	Aubessagne	Buissard	La Fare-en-Champsaur	La Motte-en-Champsaur	Laye	Le Noyer	Poligny	Saint-Bonnet-en-Champsaur	Saint-Julien-en-Champsaur	Saint-Laurent-du-Cros
05560	Vars
05600	Ceillac	Eygliers	Guillestre	Mont-Dauphin	Réotier	Risoul	Saint-Clément-sur-Durance	Saint-Crépin
05700	Chanousse	Étoile-Saint-Cyrice	L'Épine	La Bâtie-Montsaléon	La Piarre	Le Bersac	Méreuil	Montclus	Montrond	Nossage-et-Bénévent	Orpierre	Sainte-Colombe	Savournon	Serres	Sigottier	Trescléoux	Villebois-les-Pins
05800	Aspres-lès-Corps	Aubessagne	La Chapelle-en-Valgaudémar	Le Glaizil	Saint-Firmin	Saint-Jacques-en-Valgodemard	Saint-Maurice-en-Valgodemard	Villar-Loubière
06000	Nice
06100	Nice
06110	Le Cannet
06130	Grasse
06140	Coursegoules	Tourrettes-sur-Loup	Vence
06150	Cannes
06160	Antibes
06190	Roquebrune-Cap-Martin
06200	Nice
06210	Mandelieu-la-Napoule
06220	Vallauris
06230	Saint-Jean-Cap-Ferrat	Villefranche-sur-Mer
06240	Beausoleil
06250	Mougins
06260	Ascros	Auvare	La Croix-sur-Roudoule	La Penne	La Rochette	Lieuche	Pierlas	Puget-Rostang	Puget-Théniers	Rigaud	Saint-Antonin	Saint-Léger	Saint-Pierre
06270	Villeneuve-Loubet
06300	Nice
06310	Beaulieu-sur-Mer
06320	Cap-d'Ail	La Turbie
06330	Roquefort-les-Pins
06340	Cantaron	Drap	La Trinité
06360	Èze
06370	Mouans-Sartoux
06380	Moulinet	Sospel
06390	Bendejun	Berre-les-Alpes	Châteauneuf-Villevieille	Coaraze	Contes
06400	Cannes
06410	Biot
06420	Bairols	Clans	Ilonse	Isola	La Tour	Marie	Rimplas	Roubion	Roure	Saint-Sauveur-sur-Tinée	Tournefort	Valdeblore
06430	La Brigue	Tende
06440	Blausasc	L'Escarène	Lucéram	Peille	Peillon	Touët-de-l'Escarène
06450	Belvédère	La Bollène-Vésubie	Lantosque	Roquebillière	Saint-Martin-Vésubie	Utelle	Venanson
06460	Caussols	Escragnolles	Saint-Vallier-de-Thiey
06470	Beuil	Châteauneuf-d'Entraunes	Daluis	Entraunes	Guillaumes	Péone	Saint-Martin-d'Entraunes	Sauze	Villeneuve-d'Entraunes
06480	La Colle-sur-Loup
06500	Castellar	Castillon	Gorbio	Menton	Sainte-Agnès
06510	Bézaudun-les-Alpes	Bouyon	Carros	Conségudes	Gattières	Le Broc	Les Ferres
06520	Grasse
06530	Cabris	Le Tignet	Peymeinade	Saint-Cézaire-sur-Siagne	Spéracèdes
06540	Breil-sur-Roya	Fontan	Saorge
06550	La Roquette-sur-Siagne
06560	Valbonne
06570	Saint-Paul-de-Vence
06580	Pégomas
06590	Théoule-sur-Mer
06600	Antibes
06610	La Gaude
06620	Cipières	Courmes	Gourdon	Gréolières	Le Bar-sur-Loup
06640	Saint-Jeannet
06650	Le Rouret	Opio
06660	Saint-Dalmas-le-Selvage	Saint-Étienne-de-Tinée
06670	Castagniers	Colomars	Duranus	La Roquette-sur-Var	Levens	Saint-Blaise	Saint-Martin-du-Var
06690	Tourrette-Levens
06700	Saint-Laurent-du-Var
06710	Malaussène	Massoins	Thiéry	Touët-sur-Var	Villars-sur-Var
06730	Saint-André-de-la-Roche
06740	Châteauneuf-Grasse
06750	Andon	Caille	Séranon	Valderoure
06790	Aspremont
06800	Cagnes-sur-Mer
06810	Auribeau-sur-Siagne
06830	Bonson	Gilette	Revest-les-Roches	Toudon	Tourette-du-Château
06850	Briançonnet	Gars	Saint-Auban
06910	Aiglun	Amirat	Collongues	Cuébris	La Roque-en-Provence	Le Mas	Les Mujouls	Pierrefeu	Roquestéron	Sallagriffon	Sigale
06950	Falicon
07000	Ajoux	Coux	Creysseilles	Flaviac	Freyssenet	Gourdon	Lyas	Pourchères	Pranles	Privas	Saint-Julien-en-Saint-Alban	Saint-Priest	Veyras
07100	Annonay	Boulieu-lès-Annonay	Roiffieux	Saint-Marcel-lès-Annonay
07110	Beaumont	Chassiers	Chazeaux	Joannas	Laboule	Largentière	Laurac-en-Vivarais	Loubaresse	Montréal	Prunet	Rocher	Rocles	Sanilhac	Tauriers	Uzer	Valgorge	Vinezac
07120	Balazuc	Chauzon	Grospierres	Labeaume	Pradons	Ruoms	Saint-Alban-Auriolles	Sampzon
07130	Châteaubourg	Cornas	Saint-Péray	Saint-Romain-de-Lerps	Soyons	Toulaud
07140	Chambonas	Gravières	Les Assions	Les Salelles	Les Vans	Malarce-sur-la-Thines	Malbosc	Montselgues	Saint-Pierre-Saint-Jean	Sainte-Marguerite-Lafigère	Brahic|Les Vans	Chassagnes|Les Vans	Naves|Les Vans	Saint-Jean-de-Pourcharesse|Saint-Pierre-Saint-Jean
07150	Bessas	Labastide-de-Virac	Lagorce	Orgnac-l'Aven	Salavas	Vagnas	Vallon-Pont-d'Arc
07160	Accons	Belsentes	Dornas	Jaunac	Le Chambon	Le Cheylard	Mariac	Saint-Andéol-de-Fourchades	Saint-Barthélemy-le-Meil	Saint-Christol	Saint-Cierge-sous-le-Cheylard	Saint-Genest-Lachamp	Saint-Jean-Roure	Saint-Michel-d'Aurance	Nonières|Belsentes	Saint-Julien-Labrousse|Belsentes
07170	Darbres	Lavilledieu	Lussas	Mirabel	Saint-Andéol-de-Berg	Saint-Germain	Saint-Laurent-sous-Coiron	Saint-Maurice-d'Ibie	Villeneuve-de-Berg
07190	Albon-d'Ardèche	Beauvène	Gluiras	Issamoulenc	Marcols-les-Eaux	Saint-Étienne-de-Serre	Saint-Genest-Lachamp	Saint-Julien-du-Gua	Saint-Maurice-en-Chalencon	Saint-Pierreville	Saint-Sauveur-de-Montagut
07200	Ailhon	Aubenas	Fons	Labégude	Lachapelle-sous-Aubenas	Lanas	Lentillères	Mercuer	Rochecolombe	Saint-Didier-sous-Aubenas	Saint-Étienne-de-Boulogne	Saint-Étienne-de-Fontbellon	Saint-Julien-du-Serre	Saint-Maurice-d'Ardèche	Saint-Michel-de-Boulogne	Saint-Privat	Saint-Sernin	Ucel	Vesseaux	Vogüé
07210	Alissas	Baix	Chomérac	Rochessauve	Saint-Bauzile	Saint-Lager-Bressac	Saint-Symphorien-sous-Chomérac	Saint-Vincent-de-Barrès
07220	Larnas	Saint-Montan	Saint-Thomé	Viviers
07230	Chandolas	Faugères	Lablachère	Payzac	Planzolles	Saint-André-Lachamp	Saint-Genest-de-Beauzon
07240	Chalencon	Châteauneuf-de-Vernoux	Saint-Apollinaire-de-Rias	Saint-Jean-Chambre	Saint-Julien-le-Roux	Silhac	Vernoux-en-Vivarais
07250	Le Pouzin	Rompon
07260	Dompnac	Joyeuse	Ribes	Rosières	Sablières	Saint-Mélany	Vernon
07270	Boucieu-le-Roi	Colombier-le-Jeune	Empurany	Gilhoc-sur-Ormèze	Lamastre	Le Crestet	Nozières	Saint-Barthélemy-Grozon	Saint-Basile	Saint-Prix
07290	Ardoix	Préaux	Quintenas	Saint-Jeure-d'Ay	Saint-Romain-d'Ay	Saint-Symphorien-de-Mahun	Satillieu
07300	Cheminas	Étables	Glun	Mauves	Plats	Saint-Barthélemy-le-Plain	Saint-Jean-de-Muzols	Tournon-sur-Rhône
07310	Arcens	Borée	Chanéac	La Rochette	Lachapelle-sous-Chanéac	Saint-Clément	Saint-Julien-d'Intres	Saint-Martial	Saint-Martin-de-Valamas
07320	Devesset	Mars	Rochepaule	Saint-Agrève	Saint-Jeure-d'Andaure	Saint-Julien-d'Intres
07330	Astet	Barnas	Mayres	Thueyts
07340	Andance	Bogy	Brossainc	Champagne	Charnas	Félines	Limony	Peaugres	Peyraud	Saint-Désirat	Saint-Étienne-de-Valoux	Saint-Jacques-d'Atticieux	Serrières	Talencieux	Thorrenc	Vinzieux
07350	Cruas
07360	Dunière-sur-Eyrieux	Les Ollières-sur-Eyrieux	Saint-Fortunat-sur-Eyrieux	Saint-Michel-de-Chabrillanoux	Saint-Vincent-de-Durfort
07370	Arras-sur-Rhône	Eclassan	Ozon	Sarras
07380	Chirols	Fabras	Jaujac	La Souche	Lalevade-d'Ardèche	Meyras	Pont-de-Labeaume	Prades	Saint-Cirgues-de-Prades
07400	Alba-la-Romaine	Aubignas	Le Teil	Meysse	Rochemaure	Saint-Martin-sur-Lavezon	Saint-Pierre-la-Roche	Sceautres	Valvignères
07410	Arlebosc	Bozas	Colombier-le-Vieux	Pailharès	Saint-Félicien	Saint-Victor	Vaudevant
07430	Colombier-le-Cardinal	Davézieux	Saint-Clair	Saint-Cyr	Savas	Vernosc-lès-Annonay
07440	Alboussière	Boffres	Champis	Saint-Sylvestre
07450	Burzet	Péreyres	Sagnes-et-Goudoulet	Saint-Pierre-de-Colombier
07460	Banne	Beaulieu	Berrias-et-Casteljau	Saint-André-de-Cruzières	Saint-Paul-le-Jeune	Saint-Sauveur-de-Cruzières	Casteljau|Berrias-et-Casteljau
07470	Coucouron	Issarlès	Lachapelle-Graillouse	Le Lac-d'Issarlès
07500	Guilherand-Granges
07510	Cros-de-Géorand	Issanlas	Mazan-l'Abbaye	Saint-Cirgues-en-Montagne	Sainte-Eulalie	Usclades-et-Rieutord
07520	Lafarre	Lalouvesc	Saint-Pierre-sur-Doux
07530	Aizac	Genestelle	Lachamp-Raphaël	Laviolle	Mézilhac	Saint-Joseph-des-Bancs	Vallées-d'Antraigues-Asperjoc	Antraigues-sur-Volane|Vallées-d'Antraigues-Asperjoc
07560	Le Roux	Montpezat-sous-Bauzon
07570	Désaignes	Labatie-d'Andaure
07580	Berzème	Saint-Gineys-en-Coiron	Saint-Jean-le-Centenier	Saint-Pons
07590	Borne	Cellier-du-Luc	Le Plagnal	Saint-Alban-en-Montagne	Saint-Étienne-de-Lugdarès	Saint-Laurent-les-Bains-Laval-d'Aurelle	Laval-d'Aurelle|Saint-Laurent-les-Bains-Laval-d'Aurelle	Saint-Laurent-les-Bains|Saint-Laurent-les-Bains-Laval-d'Aurelle
07600	Juvinas	Labastide-sur-Bésorgues	Saint-Andéol-de-Vals	Vallées-d'Antraigues-Asperjoc	Vals-les-Bains	Asperjoc|Vallées-d'Antraigues-Asperjoc
07610	Lemps	Sécheras	Vion
07630	Cros-de-Géorand	Le Béage
07660	Issanlas	Lanarce	Lavillatte	Lespéron
07690	Monestier	Saint-André-en-Vivarais	Saint-Julien-Vocance	Vanosc	Villevocance	Vocance
07700	Bidon	Bourg-Saint-Andéol	Gras	Saint-Just-d'Ardèche	Saint-Marcel-d'Ardèche	Saint-Martin-d'Ardèche	Saint-Remèze
07790	Saint-Alban-d'Ay
07800	Beauchastel	Charmes-sur-Rhône	Gilhac-et-Bruzac	La Voulte-sur-Rhône	Rompon	Saint-Cierge-la-Serre	Saint-Georges-les-Bains	Saint-Laurent-du-Pape
08000	Charleville-Mézières	La Francheville	Les Ayvelles	Prix-lès-Mézières	Villers-Semeuse	Warcq
08090	Aiglemont	Arreux	Belval	Cliron	Damouzy	Évigny	Fagnon	Ham-les-Moines	Haudrecy	Houldizy	Montcornet	Montcy-Notre-Dame	Neuville-lès-This	Saint-Laurent	Sury	This	Tournes	Warnécourt
08110	Blagny	Carignan	Escombres-et-le-Chesnois	Les Deux-Villes	Linay	Matton-et-Clémency	Messincourt	Mogues	Osnes	Pure	Sachy	Sailly	Tétaigne	Tremblois-lès-Carignan	Williers
08120	Bogny-sur-Meuse
08130	Alland'Huy-et-Sausseuil	Ambly-Fleury	Attigny	Charbogne	Chuffilly-Roche	Coulommes-et-Marqueny	Écordal	Givry	Guincourt	Jonval	La Sabotterie	Lametz	Mont-Laurent	Neuville-Day	Rilly-sur-Aisne	Saint-Lambert-et-Mont-de-Jeux	Saint-Loup-Terrier	Sainte-Vaubourg	Saulces-Champenoises	Semuy	Suzanne	Tourteron	Vaux-Champagne
08140	Bazeilles	Brévilly	Daigny	Douzy	Francheval	Pouru-aux-Bois	Pouru-Saint-Remy	La Moncelle|Bazeilles	Mairy|Douzy	Rubécourt-et-Lamécourt|Bazeilles	Villers-Cernay|Bazeilles
08150	Aubigny-les-Pothées	Harcy	L'Échelle	Laval-Morency	Le Châtelet-sur-Sormonne	Lépron-les-Vallées	Logny-Bogny	Lonny	Murtin-et-Bogny	Remilly-les-Pothées	Renwez	Rimogne	Rouvroy-sur-Audry	Sécheval	Sormonne	Tremblois-lès-Rocroi	Vaux-Villaine
08160	Chalandry-Elaire	Dom-le-Mesnil	Étrépigny	Flize	Hannogne-Saint-Martin	Nouvion-sur-Meuse	Saint-Marceau	Sapogne-et-Feuchères	Vendresse	Balaives-et-Butz|Flize	Boutancourt|Flize	Élan|Flize
08170	Fépin	Fumay	Hargnies	Haybes	Montigny-sur-Meuse
08190	Aire	Asfeld	Avaux	Balham	Blanzy-la-Salonnaise	Brienne-sur-Aisne	Gomont	Houdilcourt	Le Thour	Poilcourt-Sydney	Roizy	Saint-Germainmont	Sault-Saint-Remy	Vieux-lès-Asfeld	Villers-devant-le-Thour
08200	Balan	Fleigneux	Floing	Givonne	Glaire	Illy	La Chapelle	Saint-Menges	Sedan	Wadelincourt
08210	Autrecourt-et-Pourron	Beaumont-en-Argonne	Euilly-et-Lombut	Létanne	Mouzon	Vaux-lès-Mouzon	Villers-devant-Mouzon	Yoncq	Amblimont|Mouzon
08220	Banogne-Recouvrance	Chappes	Chaumont-Porcien	Doumely-Bégny	Draize	Fraillicourt	Givron	Hannogne-Saint-Rémy	La Romagne	Montmeillant	Remaucourt	Renneville	Rocquigny	Rubigny	Saint-Jean-aux-Bois	Saint-Quentin-le-Petit	Seraincourt	Sévigny-Waleppe	Vaux-lès-Rubigny	La Hardoye|Rocquigny	Logny-lès-Chaumont|Chaumont-Porcien	Mainbresson|Rocquigny	Mainbressy|Rocquigny	Wadimont|Chaumont-Porcien
08230	Bourg-Fidèle	Gué-d'Hossus	Regniowez	Rocroi	Sévigny-la-Forêt	Taillette
08240	Authe	Autruche	Bar-lès-Buzancy	Bayonville	Belleville-et-Châtillon-sur-Bar	Belval-Bois-des-Dames	Boult-aux-Bois	Brieulles-sur-Bar	Briquenay	Buzancy	Fossé	Germont	Harricourt	Imécourt	La Berlière	Landres-et-Saint-Georges	Nouart	Oches	Saint-Pierremont	Sommauthe	Tailly	Thénorgues	Vaux-en-Dieulet	Verpel	Andevanne|Tailly	Barricourt|Tailly	Châtillon-sur-Bar|Belleville-et-Châtillon-sur-Bar	Rémonville|Tailly
08250	Apremont	Autry	Beffu-et-le-Morthomme	Bouconville	Champigneulle	Chatel-Chéhéry	Chevières	Condé-lès-Autry	Cornay	Exermont	Fléville	Grandham	Grandpré	Lançon	Marcq	Montcheutin	Mouron	Olizy-Primat	Saint-Juvin	Séchault	Senuc	Sommerance	Vaux-lès-Mouron	Primat|Olizy-Primat	Termes|Grandpré
08260	Antheny	Auvillers-les-Forges	Blombay	Cernion	Champlin	Chilly	Estrebay	Étalle	Éteignières	Flaignes-Havys	Girondelle	Marby	Maubert-Fontaine	Foulzy|Girondelle
08270	Auboncourt-Vauzelles	Chesnois-Auboncourt	Corny-Machéroménil	Faissault	Faux	Grandchamp	Justine-Herbigny	La Neuville-lès-Wasigny	Mesmont	Novion-Porcien	Puiseux	Saulces-Monclin	Sery	Sorcy-Bauthémont	Vaux-Montreuil	Viel-Saint-Remy	Wagnon	Wasigny	Wignicourt
08290	Aouste	Blanchefosse-et-Bay	Bossus-lès-Rumigny	Hannappes	La Férée	Le Fréty	Liart	Marlemont	Prez	Rumigny	Bay|Blanchefosse-et-Bay
08300	Acy-Romance	Amagne	Arnicourt	Avançon	Barby	Bergnicourt	Bertoncourt	Biermes	Coucy	Doux	Écly	Hauteville	Inaumont	L'Écaille	Le Châtelet-sur-Retourne	Lucquy	Nanteuil-sur-Aisne	Neuflize	Novy-Chevrières	Perthes	Rethel	Saint-Loup-en-Champagne	Saint-Remy-le-Petit	Sault-lès-Rethel	Seuil	Son	Sorbon	Tagnon	Thugny-Trugny	Pargny-Resson|Rethel
08310	Alincourt	Annelles	Aussonce	Bignicourt	Cauroy	Dricourt	Hauviné	Juniville	La Neuville-en-Tourne-à-Fuy	Leffincourt	Machault	Ménil-Annelles	Ménil-Lépinois	Mont-Saint-Remy	Pauvres	Saint-Clément-à-Arnes	Saint-Étienne-à-Arnes	Saint-Pierre-à-Arnes	Ville-sur-Retourne
08320	Aubrives	Hierges	Vireux-Molhain	Vireux-Wallerand
08330	Vrigne aux Bois
08350	Chémery-Chéhéry	Cheveuges	Donchery	Noyers-Pont-Maugis	Saint-Aignan	Thelonne	Villers-sur-Bar	Vrigne aux Bois	Vrigne-Meuse	Bosseval-et-Briancourt|Vrigne aux Bois	Chéhéry|Chémery-Chéhéry
08360	Château-Porcien	Condé-lès-Herpy	Herpy-l'Arlésienne	Saint-Fergeux	Taizy
08370	Auflance	Bièvres	Fromy	Herbeuval	La Ferté-sur-Chiers	Malandry	Margny	Margut	Moiry	Puilly-et-Charbeaux	Sapogne-sur-Marche	Signy-Montlibert	Villy
08380	Auge	Brognon	Fligny	La Neuville-aux-Joûtes	Neuville-lez-Beaulieu	Signy-le-Petit	Tarzy
08390	Artaise-le-Vivier	Bairon et ses environs	Les Grandes-Armoises	Les Petites-Armoises	Marquigny	Montgon	Sauville	Stonne	Sy	Tannay-le-Mont-Dieu	Verrières	Le Chesne|Bairon et ses environs	Louvergny|Bairon et ses environs
08400	Ardeuil-et-Montfauxelles	Aure	Bairon et ses environs	Ballay	Bourcq	Brécy-Brières	Challerange	Chardeny	Contreuve	Falaise	Grivy-Loisy	La Croix-aux-Bois	Liry	Longwé	Manre	Mars-sous-Bourcq	Marvaux-Vieux	Mont-Saint-Martin	Monthois	Noirval	Quatre-Champs	Quilly	Saint-Morel	Sainte-Marie	Savigny-sur-Aisne	Semide	Sugny	Toges	Tourcelles-Chaumont	Vandy	Voncq	Vouziers	Blaise|Vouziers	Les Alleux|Bairon et ses environs	Terron-sur-Aisne|Vouziers	Vrizy|Vouziers
08410	Boulzicourt
08430	Baâlons	Barbaise	Bouvellemont	Chagny	Champigneul-sur-Vence	Gruyères	Guignicourt-sur-Vence	Hagnicourt	Jandun	La Horgne	Launois-sur-Vence	Mazerny	Mondigny	Montigny-sur-Vence	Neuvizy	Omont	Poix-Terron	Raillicourt	Saint-Pierre-sur-Vence	Singly	Touligny	Villers-le-Tilleul	Villers-le-Tourneur	Villers-sur-le-Mont	Yvernaumont
08440	Gernelle	Issancourt-et-Rumel	Lumes	Ville-sur-Lumes	Vivier-au-Court
08450	Angecourt	Bulson	Chémery-Chéhéry	Haraucourt	La Besace	La Neuville-à-Maire	Maisoncelle-et-Villers	Omicourt	Raucourt-et-Flaba	Remilly-Aillicourt	Chémery-sur-Bar|Chémery-Chéhéry
08460	Clavy-Warby	Dommery	Lalobbe	Maranwez	Neufmaison	Saint-Marcel	Signy-l'Abbaye	Thin-le-Moutier
08500	Anchamps	Les Mazures	Revin
08600	Charnois	Chooz	Foisches	Fromelennes	Givet	Ham-sur-Meuse	Landrichamps	Rancennes
08700	Gespunsart	Joigny-sur-Meuse	La Grandville	Neufmanil	Nouzonville	Meillier-Fontaine|Nouzonville
08800	Deville	Haulmé	Laifour	Les Hautes-Rivières	Monthermé	Thilay	Tournavaux
09000	Arabaux	Baulou	Bénac	Brassac	Burret	Celles	Cos	Ferrières-sur-Ariège	Foix	Ganac	L'Herm	Le Bosc	Loubières	Montoulieu	Pradières	Prayols	Saint-Jean-de-Verges	Saint-Martin-de-Caralp	Saint-Paul-de-Jarrat	Saint-Pierre-de-Rivière	Serres-sur-Arget	Soula	Vernajoul
09100	Arvigna	Benagues	Bézac	Bonnac	Escosse	La Tour-du-Crieu	Le Carlaret	Les Issards	Les Pujols	Lescousse	Ludiès	Madière	Pamiers	Saint-Amadou	Saint-Jean-du-Falga	Saint-Martin-d'Oydes	Saint-Michel	Saint-Victor-Rouzaud	Unzent	Villeneuve-du-Paréage	Saint-Amans|Bézac
09110	Ascou	Ax-les-Thermes	Ignaux	Mérens-les-Vals	Montaillou	Orgeix	Orlu	Perles-et-Castelet	Prades	Savignac-les-Ormeaux	Sorgeat	Tignac	Vaychis
09120	Artix	Calzan	Cazaux	Coussa	Crampagna	Dalou	Gudas	Loubens	Malléon	Montégut-Plantaurel	Rieux-de-Pelleport	Saint-Bauzeil	Saint-Félix-de-Rieutord	Ségura	Varilhes	Ventenac	Vira
09130	Artigat	Carla-Bayle	Castéras	Durfort	Lanoux	Le Fossat	Monesple	Pailhès	Sainte-Suzanne	Sieuras	Villeneuve-du-Latou
09140	Aulus-les-Bains	Couflens	Ercé	Oust	Seix	Sentenac-d'Oust	Soueix-Rogalle	Ustou
09160	Betchat	Caumont	Cazavet	La Bastide-du-Salat	Lacave	Mauvezin-de-Prat	Mercenac	Montgauch	Prat-Bonrepaux	Taurignan-Castet
09190	Gajan	Lorp-Sentaraille	Saint-Lizier	Taurignan-Vieux
09200	Alos	Encourtiech	Erp	Eycheil	Lacourt	Montégut-en-Couserans	Montesquieu-Avantès	Montjoie-en-Couserans	Moulis	Rivèrenert	Saint-Girons
09210	Lézat-sur-Lèze	Saint-Ybars
09220	Auzat	Gestiès	Illier-et-Laramade	Lercoul	Orus	Siguer	Val-de-Sos	Goulier|Val-de-Sos	Sem|Val-de-Sos	Suc-et-Sentenac|Val-de-Sos	Vicdessos|Val-de-Sos
09230	Bagert	Barjac	Bédeille	Cérizols	Contrazy	Fabas	Lasserre	Mauvezin-de-Sainte-Croix	Mérigon	Montardit	Sainte-Croix-Volvestre	Tourtouse
09240	Aigues-Juntes	Allières	Alzen	Cadarcet	Durban-sur-Arize	La Bastide-de-Sérou	Larbont	Montagagne	Montels	Montseron	Nescus	Sentenac-de-Sérou	Suzan
09250	Appy	Axiat	Bestiac	Caussou	Caychax-et-Senconac	Garanou	Lordat	Luzenac	Unac	Vernaux	Caychax|Caychax-et-Senconac	Senconac|Caychax-et-Senconac
09270	Mazères
09290	Camarade	Gabre	Le Mas-d'Azil
09300	Bélesta	Bénaix	Carla-de-Roquefort	Dreuilhe	Fougax-et-Barrineuf	Freychenet	Ilhat	L'Aiguillon	Lavelanet	Lesparrou	Leychert	Lieurac	Montferrier	Montségur	Nalzen	Péreille	Raissac	Roquefixade	Roquefort-les-Cascades	Saint-Jean-d'Aigues-Vives	Sautel	Villeneuve-d'Olmes
09310	Albiès	Aston	Aulos-Sinsat	Bouan	Château-Verdun	Larcat	Larnat	Lassur	Les Cabannes	Pech	Urs	Vèbre	Verdun	Aulos|Aulos-Sinsat	Sinsat|Aulos-Sinsat
09320	Aleu	Biert	Boussenac	Le Port	Massat	Soulan
09330	Montgailhard
09340	Verniolle
09350	Campagne-sur-Arize	Castex	Daumazan-sur-Arize	Fornex	La Bastide-de-Besplas	Les Bordes-sur-Arize	Loubaut	Méras	Montfa	Sabarat	Thouars-sur-Arize
09390	L'Hospitalet-près-l'Andorre
09400	Alliat	Arignac	Arnave	Bédeilhac-et-Aynat	Bompas	Capoulet-et-Junac	Cazenave-Serres-et-Allens	Génat	Gourbit	Lapège	Mercus-Garrabet	Miglos	Niaux	Ornolac-Ussat-les-Bains	Quié	Rabat-les-Trois-Seigneurs	Saurat	Surba	Tarascon-sur-Ariège	Ussat	Banat|Tarascon-sur-Ariège
09420	Castelnau-Durban	Clermont	Esplas-de-Sérou	Lescure	Rimont
09460	Artigues	Carcanières	Le Pla	Le Puch	Mijanès	Quérigut	Rouze
09500	Besset	Camon	Cazals-des-Baylès	Coutens	La Bastide-de-Bousignac	Lagarde	Lapenne	Malegoude	Manses	Mirepoix	Moulin-Neuf	Rieucros	Roumengoux	Saint-Félix-de-Tournegat	Saint-Julien-de-Gras-Capou	Saint-Quentin-la-Tour	Sainte-Foi	Teilhet	Tourtrol	Troye-d'Ariège	Vals	Viviès
09600	Aigues-Vives	Belloc	Dun	Esclagne	La Bastide-sur-l'Hers	Laroque-d'Olmes	Le Peyrat	Léran	Limbrassac	Montbel	Pradettes	Régat	Tabre
09700	Brie	Canté	Esplas	Gaudiès	Justiniac	La Bastide-de-Lordat	Labatut	Le Vernet	Lissac	Montaut	Saint-Quirc	Saverdun	Trémoulet
09800	Antras	Argein	Arrien-en-Bethmale	Arrout	Aucazein	Audressein	Augirein	Balacet	Balaguères	Bethmale	Bonac-Irazein	Bordes-Uchentein	Buzan	Castillon-en-Couserans	Cescau	Engomer	Galey	Illartein	Orgibet	Saint-Jean-du-Castillonnais	Saint-Lary	Salsein	Sentein	Sor	Villeneuve	Les Bordes-sur-Lez|Bordes-Uchentein	Uchentein|Bordes-Uchentein
10000	Troyes
10100	Crancey	Gélannes	La Fosse-Corduan	Ossey-les-Trois-Maisons	Pars-lès-Romilly	Romilly-sur-Seine	Saint-Hilaire-sous-Romilly	Saint-Loup-de-Buffigny	Saint-Martin-de-Bossenay
10110	Balnot-sur-Laignes	Bar-sur-Seine	Bertignolles	Bourguignons	Buxeuil	Buxières-sur-Arce	Celles-sur-Ource	Chacenay	Chauffour-lès-Bailly	Chervey	Éguilly-sous-Bois	Fralignes	Landreville	Loches-sur-Ource	Magnant	Marolles-lès-Bailly	Merrey-sur-Arce	Poligny	Polisot	Polisy	Ville-sur-Arce	Villemorien	Vitry-le-Croisé	Viviers-sur-Artaut
10120	Laines-aux-Bois	Saint-André-les-Vergers	Saint-Germain	Saint-Pouange
10130	Auxon	Avreuil	Bernon	Chamoy	Chessy-les-Prés	Coursan-en-Othe	Courtaoult	Davrey	Eaux-Puiseaux	Ervy-le-Châtel	Les Croûtes	Lignières	Marolles-sous-Lignières	Montfey	Montigny-les-Monts	Racines	Saint-Phal	Villeneuve-au-Chemin	Vosnon
10140	Amance	Argançon	Beurey	Bossancourt	Briel-sur-Barse	Champ-sur-Barse	Jessains	Juvanzé	La Loge-aux-Chèvres	La Villeneuve-au-Chêne	Longpré-le-Sec	Magny-Fouchard	Maison-des-Champs	Mesnil-Saint-Père	Montmartin-le-Haut	Puits-et-Nuisement	Thieffrain	Trannes	Unienville	Vauchonvilliers	Vendeuvre-sur-Barse	Villy-en-Trodes
10150	Aubeterre	Charmont-sous-Barbuise	Creney-près-Troyes	Feuges	Lavau	Luyères	Montsuzain	Pont-Sainte-Marie	Sainte-Maure	Vailly	Voué
10160	Aix-Villemaur-Pâlis	Bérulle	Maraye-en-Othe	Nogent-en-Othe	Paisy-Cosdon	Planty	Rigny-le-Ferron	Saint-Benoist-sur-Vanne	Saint-Mards-en-Othe	Villemoiron-en-Othe	Vulaines	Aix-en-Othe|Aix-Villemaur-Pâlis
10170	Bessy	Chauchigny	Droupt-Saint-Basle	Droupt-Sainte-Marie	Étrelles-sur-Aube	Les Grandes-Chapelles	Longueville-sur-Aube	Méry-sur-Seine	Mesgrigny	Orvilliers-Saint-Julien	Prémierfait	Rhèges	Saint-Oulph	Vallant-Saint-Georges
10180	Saint-Benoît-sur-Seine	Saint-Lyé
10190	Aix-Villemaur-Pâlis	Bercenay-en-Othe	Bucey-en-Othe	Chennegy	Dierrey-Saint-Julien	Dierrey-Saint-Pierre	Estissac	Fontvannes	Mesnil-Saint-Loup	Messon	Neuville-sur-Vanne	Prugny	Vauchassis	Palis|Aix-Villemaur-Pâlis	Villemaur-sur-Vanne|Aix-Villemaur-Pâlis
10200	Ailleville	Arconville	Arrentières	Arsonval	Bar-sur-Aube	Baroville	Bergères	Bligny	Champignol-lez-Mondeville	Colombé-la-Fosse	Colombé-le-Sec	Couvignon	Dolancourt	Éclance	Engente	Fontaine	Fravaux	Fresnay	Fuligny	Jaucourt	Lévigny	Lignol-le-Château	Maisons-lès-Soulaines	Meurville	Montier-en-l'Isle	Proverville	Rouvres-les-Vignes	Saulcy	Soulaines-Dhuys	Spoy	Thil	Thors	Urville	Vernonvilliers	Ville-sur-Terre	Voigny
10210	Balnot-la-Grange	Chaource	Chaserey	Chesley	Coussegrey	Cussangy	Étourvy	La Loge-Pomblin	Lagesse	Lantages	Les Granges	Les Loges-Margueron	Maisons-lès-Chaource	Metz-Robert	Pargues	Praslin	Prusy	Turgy	Vallières	Vanlay	Villiers-le-Bois	Villiers-sous-Praslin	Vougrey
10220	Assencières	Bouy-Luxembourg	Brévonnes	Dosches	Géraudot	Mesnil-Sellières	Onjon	Piney	Rouilly-Sacey	Val-d'Auzon
10230	Mailly-le-Camp
10240	Aulnay	Avant-lès-Ramerupt	Brillecourt	Chaudrey	Coclois	Dampierre	Dommartin-le-Coq	Isle-Aubigny	Longsols	Magnicourt	Mesnil-Lettre	Morembert	Nogent-sur-Aube	Pougy	Ramerupt	Vaucogne	Verricourt
10250	Courteron	Gyé-sur-Seine	Mussy-sur-Seine	Neuville-sur-Seine	Plaines-Saint-Lange
10260	Chappes	Courtenot	Fouchères	Jully-sur-Sarce	Montceaux-lès-Vaudes	Rumilly-lès-Vaudes	Saint-Parres-lès-Vaudes	Vaudes	Villemoyenne	Virey-sous-Bar
10270	Bouranton	Courteranges	Fresnoy-le-Château	Laubressel	Lusigny-sur-Barse	Montaulin	Montiéramey	Montreuil-sur-Barse
10280	Fontaine-les-Grès	Rilly-Sainte-Syre	Saint-Mesmin
10290	Avon-la-Pèze	Bercenay-le-Hayer	Bourdenay	Charmoy	Faux-Villecerf	Fay-lès-Marcilly	Marcilly-le-Hayer	Pouy-sur-Vannes	Rigny-la-Nonneuse	Trancault	Villadin
10300	Macey	Montgueux	Sainte-Savine
10310	Bayel	Juvancourt	Longchamp-sur-Aujon	Ville-sous-la-Ferté
10320	Assenay	Bouilly	Crésantignes	Fays-la-Chapelle	Javernant	Jeugny	Lirey	Longeville-sur-Mogne	Machy	Maupas	Roncenay	Saint-Jean-de-Bonneval	Sommeval	Souligny	Villery
10330	Arrembécourt	Bailly-le-Franc	Balignicourt	Chavanges	Donnement	Jasseines	Joncreuil	Lentilles	Montmorency-Beaufort	Pars-lès-Chavanges	Saint-Léger-sous-Margerie	Villeret
10340	Arrelles	Avirey-Lingey	Bagneux-la-Fosse	Bragelogne-Beauvoir	Channes	Les Riceys	Beauvoir-sur-Sarce|Bragelogne-Beauvoir
10350	Échemines	Le Pavillon-Sainte-Julie	Marigny-le-Châtel	Prunay-Belleville	Saint-Flavy	Saint-Lupien	Villeloup
10360	Cunfin	Essoyes	Fontette	Noé-les-Mallets	Saint-Usage	Verpillières-sur-Ource
10370	Villenauxe-la-Grande
10380	Boulages	Charny-le-Bachot	Plancy-l'Abbaye	Viâpres-le-Petit
10390	Clérey	Verrières
10400	Avant-lès-Marcilly	Barbuise	Bouy-sur-Orvin	Courceroy	Ferreux-Quincey	Fontaine-Mâcon	Fontenay-de-Bossery	Gumery	La Louptière-Thénard	La Motte-Tilly	La Saulsotte	La Villeneuve-au-Châtelot	Le Mériot	Marnay-sur-Seine	Montpothier	Nogent-sur-Seine	Périgny-la-Rose	Plessis-Barbuise	Pont-sur-Seine	Saint-Aubin	Saint-Nicolas-la-Chapelle	Soligny-les-Étangs	Traînel	Quincey|Ferreux-Quincey
10410	Ruvigny	Saint-Parres-aux-Tertres	Thennelières	Villechétif
10420	Les Noës-près-Troyes
10430	Rosières-près-Troyes
10440	La Rivière-de-Corps	Torvilliers
10450	Bréviandes
10500	Bétignicourt	Blaincourt-sur-Aube	Blignicourt	Braux	Brienne-la-Vieille	Brienne-le-Château	Chalette-sur-Voire	Chaumesnil	Courcelles-sur-Voire	Crespy-le-Neuf	Dienville	Épagne	Épothémont	Hampigny	Juzanvigny	La Chaise	La Rothière	Lassicourt	Lesmont	Maizières-lès-Brienne	Mathaux	Molins-sur-Aube	Morvilliers	Pel-et-Der	Perthes-lès-Brienne	Petit-Mesnil	Précy-Notre-Dame	Précy-Saint-Martin	Radonvilliers	Rances	Rosnay-l'Hôpital	Saint-Christophe-Dodinicourt	Saint-Léger-sous-Brienne	Vallentigny	Ville-aux-Bois	Yèvres-le-Petit
10510	Châtres	Maizières-la-Grande-Paroisse	Origny-le-Sec
10600	Barberey-Saint-Sulpice	La Chapelle-Saint-Luc	Mergey	Payns	Savières	Villacerf
10700	Allibaudières	Arcis-sur-Aube	Champfleury	Champigny-sur-Aube	Chapelle-Vallon	Dosnon	Grandville	Herbisse	Le Chêne	Lhuître	Mesnil-la-Comtesse	Nozay	Ormes	Ortillon	Poivres	Pouan-les-Vallées	Saint-Étienne-sous-Barbuise	Saint-Nabord-sur-Aube	Saint-Remy-sous-Barbuise	Salon	Semoine	Torcy-le-Grand	Torcy-le-Petit	Trouans	Vaupoisson	Villette-sur-Aube	Villiers-Herbisse	Vinets
10800	Buchères	Cormost	Isle-Aumont	La Vendue-Mignot	Les Bordes-Aumont	Moussey	Rouilly-Saint-Loup	Saint-Julien-les-Villas	Saint-Léger-près-Troyes	Saint-Thibault	Villemereuil	Villy-le-Bois	Villy-le-Maréchal
11000	Berriac	Carcassonne
11100	Bages	Montredon-des-Corbières	Narbonne
11110	Armissan	Coursan	Salles-d'Aude	Vinassan
11120	Argeliers	Bize-Minervois	Ginestas	Mailhac	Marcorignan	Mirepeisset	Moussan	Pouzols-Minervois	Saint-Marcel-sur-Aude	Saint-Nazaire-d'Aude	Sainte-Valière	Ventenac-en-Minervois
11130	Sigean
11140	Artigues	Aunat	Axat	Belfort-sur-Rebenty	Bessède-de-Sault	Cailla	Campagna-de-Sault	Counozouls	Escouloubre	Fontanès-de-Sault	Galinagues	Gincla	Joucou	La Fajolle	Le Bousquet	Le Clat	Marsa	Mazuby	Mérial	Montfort-sur-Boulzane	Niort-de-Sault	Puilaurens	Rodome	Roquefort-de-Sault	Sainte-Colombe-sur-Guette	Salvezines
11150	Bram	Pexiora	Villasavary	Villepinte	Villesiscle
11160	Cabrespine	Castans	Caunes-Minervois	Citou	Lespinassière	Peyriac-Minervois	Rieux-Minervois	Trassanel	Trausse	Villeneuve-Minervois
11170	Alzonne	Carlipa	Caux-et-Sauzens	Cenne-Monestiés	Montolieu	Moussoulens	Pezens	Raissac-sur-Lampy	Saint-Martin-le-Vieil	Sainte-Eulalie	Villesèquelande	Villespy
11190	Antugnac	Arques	Bugarach	Camps-sur-l'Agly	Cassaignes	Couiza	Coustaussa	Cubières-sur-Cinoble	Fourtou	La Serpent	Luc-sur-Aude	Montazels	Peyrolles	Rennes-le-Château	Rennes-les-Bains	Roquetaillade-et-Conilhac	Serres	Sougraigne	Conilhac-de-la-Montagne|Roquetaillade-et-Conilhac
11200	Argens-Minervois	Bizanet	Boutenac	Camplong-d'Aude	Canet	Conilhac-Corbières	Cruscades	Escales	Fabrezan	Ferrals-les-Corbières	Homps	Lézignan-Corbières	Luc-sur-Orbieu	Montséret	Névian	Ornaisons	Paraza	Raissac-d'Aude	Roubia	Saint-André-de-Roquelongue	Thézan-des-Corbières	Tourouzelle	Villedaigne
11210	Port-la-Nouvelle
11220	Arquettes-en-Val	Caunettes-en-Val	Coustouge	Fajac-en-Val	Jonquières	Labastide-en-Val	Lagrasse	Mayronnes	Ribaute	Rieux-en-Val	Saint-Laurent-de-la-Cabrerisse	Saint-Martin-des-Puits	Saint-Pierre-des-Champs	Serviès-en-Val	Talairan	Taurize	Tournissan	Val-de-Dagne	Villar-en-Val	Villetritouls	Montlaur|Val-de-Dagne	Pradelles-en-Val|Val-de-Dagne
11230	Chalabre	Corbières	Courtauly	Montjardin	Peyrefitte-du-Razès	Puivert	Rivel	Saint-Benoît	Sainte-Colombe-sur-l'Hers	Sonnac-sur-l'Hers	Tréziers	Val de Lambronne	Villefort	Gueytes-et-Labastide|Val de Lambronne
11240	Alaigne	Bellegarde-du-Razès	Belvèze-du-Razès	Cailhau	Cailhavel	Cambieure	Donazac	Escueillens-et-Saint-Just-de-Bélengard	Fenouillet-du-Razès	Ferran	Gramazie	Hounoux	La Courtète	Lignairolles	Mazerolles-du-Razès	Montgradail	Monthaut	Routier	Seignalens	Saint-Just-de-Bélengard|Escueillens-et-Saint-Just-de-Bélengard
11250	Caunette-sur-Lauquet	Clermont-sur-Lauquet	Couffoulens	Gardie	Greffeil	Ladern-sur-Lauquet	Leuc	Montclar	Pomas	Preixan	Rouffiac-d'Aude	Saint-Hilaire	Verzeille	Villar-Saint-Anselme	Villebazy
11260	Campagne-sur-Aude	Espéraza	Saint-Jean-de-Paracol	Val-du-Faby	Fa|Val-du-Faby	Rouvenac|Val-du-Faby
11270	Brézilhac	Cazalrenoux	Fanjeaux	Gaja-la-Selve	Generville	La Cassaigne	La Force	Lasserre-de-Prouille	Laurac	Orsans	Plavilla	Ribouisse	Saint-Amans	Saint-Gaudéric	Saint-Julien-de-Briola
11290	Alairac	Arzens	Lavalette	Montréal	Roullens	Villeneuve-lès-Montréal
11300	Ajac	Bouriège	Bourigeole	Brugairolles	Castelreng	Cépie	Cournanel	Festes-et-Saint-André	Gaja-et-Villedieu	La Bezole	La Digne-d'Amont	La Digne-d'Aval	Lauraguel	Limoux	Loupia	Magrie	Malras	Malviès	Pauligne	Pieusse	Pomy	Roquetaillade-et-Conilhac	Saint-Couat-du-Razès	Saint-Martin-de-Villereglan	Saint-Polycarpe	Tourreilles	Villarzel-du-Razès	Villelongue-d'Aude	Roquetaillade|Roquetaillade-et-Conilhac
11310	Lacombe	Saint-Denis	Saissac	Villemagne
11320	Airoux	Labastide-d'Anjou	Les Cassés	Montferrand	Montmaur	Saint-Paulet	Soupex
11330	Albières	Auriac	Bouisse	Davejean	Dernacueillette	Félines-Termenès	Lairière	Lanet	Laroque-de-Fa	Maisons	Massac	Montgaillard	Montjoi	Mouthoumet	Palairac	Salza	Soulatgé	Termes	Vignevieille	Villerouge-Termenès
11340	Belcaire	Belvis	Camurac	Comus	Espezel	Roquefeuil
11350	Cucugnan	Duilhac-sous-Peyrepertuse	Padern	Paziols	Rouffiac-des-Corbières	Tuchan
11360	Albas	Cascastel-des-Corbières	Durban-Corbières	Embres-et-Castelmaure	Fontjoncouse	Fraissé-des-Corbières	Quintillan	Saint-Jean-de-Barrou	Villeneuve-les-Corbières	Villesèque-des-Corbières
11370	Leucate
11380	La Tourette-Cabardès	Labastide-Esparbairenque	Les Ilhes	Mas-Cabardès	Miraval-Cabardès	Pradelles-Cabardès	Roquefère
11390	Brousses-et-Villaret	Caudebronde	Cuxac-Cabardès	Fontiers-Cabardès	Laprade	Les Martys
11400	Castelnaudary	Fendeille	Fonters-du-Razès	Issel	La Pomarède	Labécède-Lauragais	Lasbordes	Laurabuc	Les Brunels	Mas-Saintes-Puelles	Mireval-Lauragais	Peyrens	Puginier	Ricaud	Saint-Martin-Lalande	Saint-Papoul	Souilhanels	Souilhe	Tréville	Verdun-en-Lauragais	Villeneuve-la-Comptal
11410	Baraigne	Belflou	Cumiès	Fajac-la-Relenque	Gourvieille	La Louvière-Lauragais	Marquein	Mézerville	Molleville	Montauriol	Payra-sur-l'Hers	Saint-Michel-de-Lanès	Sainte-Camelle	Salles-sur-l'Hers
11420	Belpech	Cahuzac	Lafage	Mayreville	Molandier	Pech-Luna	Pécharic-et-le-Py	Peyrefitte-sur-l'Hers	Plaigne	Saint-Sernin	Villautou
11430	Gruissan
11440	Peyriac-de-Mer
11480	La Palme
11490	Portel-des-Corbières
11500	Belvianes-et-Cavirac	Coudons	Ginoles	Granès	Nébias	Quillan	Quirbajou	Saint-Ferriol	Saint-Julia-de-Bec	Saint-Just-et-le-Bézu	Saint-Louis-et-Parahou	Saint-Martin-Lys	Brenac|Quillan
11510	Caves	Feuilla	Fitou	Treilles
11540	Roquefort-des-Corbières
11560	Fleury
11570	Cavanac	Cazilhac	Mas-des-Cours	Palaja	Villefloure
11580	Alet-les-Bains	Belcastel-et-Buc	Missègre	Terroles	Valmigère	Véraza	Villardebelle
11590	Cuxac-d'Aude	Ouveillan	Sallèles-d'Aude
11600	Aragon	Bagnoles	Conques-sur-Orbiel	Fournes-Cabardès	Fraisse-Cabardès	Lastours	Limousis	Malves-en-Minervois	Sallèles-Cabardès	Salsigne	Villalier	Villanière	Villardonnel	Villarzel-Cabardès	Villegailhenc	Villegly
11610	Pennautier	Ventenac-Cabardès
11620	Villemoustaussou
11700	Azille	Blomac	Capendu	Castelnau-d'Aude	Comigne	Douzens	Fontcouverte	La Redorte	Montbrun-des-Corbières	Moux	Pépieux	Puichéric	Roquecourbe-Minervois	Saint-Couat-d'Aude
11800	Aigues-Vives	Badens	Barbaira	Bouilhonnac	Floure	Fontiès-d'Aude	Laure-Minervois	Marseillette	Montirat	Monze	Rustiques	Saint-Frichoux	Trèbes	Villedubert
12000	Druelle Balsac	Le Monastère	Onet-le-Château	Rodez
12100	Comprégnac	Creissels	La Roque-Sainte-Marguerite	Millau	Saint-Georges-de-Luzençon
12110	Aubin	Cransac-les-Thermes	Viviez
12120	Arvieu	Auriac-Lagast	Cassagnes-Bégonhès	Centrès	Comps-la-Grand-Ville	Meljac	Rullac-Saint-Cirq	Sainte-Juliette-sur-Viaur	Salmiech
12130	La Capelle-Bonance	Pierrefiche	Pomayrols	Saint Geniez d'Olt et d'Aubrac	Saint-Martin-de-Lenne	Sainte-Eulalie-d'Olt	Aurelle-Verlac|Saint Geniez d'Olt et d'Aubrac	Saint-Geniez-d'Olt|Saint Geniez d'Olt et d'Aubrac
12140	Campouriez	Entraygues-sur-Truyère	Espeyrac	Florentin-la-Capelle	Golinhac	Le Fel	Saint-Hippolyte
12150	Sévérac d'Aveyron	Buzeins|Sévérac d'Aveyron	Lapanouse|Sévérac d'Aveyron	Lavernhe|Sévérac d'Aveyron	Recoules-Prévinquières|Sévérac d'Aveyron	Sévérac-le-Château|Sévérac d'Aveyron
12160	Baraqueville	Boussac	Camboulazet	Gramond	Manhac	Moyrazès
12170	Connac	Durenque	La Selve	Lédergues	Réquista	Saint-Jean-Delnous	Saint-Just-sur-Viaur
12190	Coubisou	Estaing	Le Nayrac	Sébrazac
12200	La Rouquette	Le Bas Ségala	Martiel	Monteils	Morlhon-le-Haut	Saint-Rémy	Sanvensa	Savignac	Toulonjac	Vailhourles	Villefranche-de-Rouergue	La Bastide-l'Évêque|Le Bas Ségala	Saint-Salvadou|Le Bas Ségala
12210	Argences en Aubrac	Cassuéjouls	Curières	Laguiole	Montpeyroux	Soulages-Bonneval
12220	Galgan	Les Albres	Lugan	Montbazens	Peyrusse-le-Roc	Roussennac	Valzergues	Vaureilles
12230	L'Hospitalet-du-Larzac	La Cavalerie	La Couvertoirade	Lapanouse-de-Cernon	Nant	Saint-Jean-du-Bruel	Sainte-Eulalie-de-Cernon	Sauclières
12240	Castanet	Colombiès	La Capelle-Bleys	Le Bas Ségala	Pradinas	Rieupeyroux	Vabre-Tizac|Le Bas Ségala
12250	Roquefort-sur-Soulzon	Saint-Jean-d'Alcapiès	Saint-Jean-et-Saint-Paul	Tournemire	Viala-du-Pas-de-Jaux
12260	Ambeyrac	Balaguier-d'Olt	Foissac	La Capelle-Balaguier	Montsalès	Ols-et-Rinhodes	Saint-Igest	Sainte-Croix	Salles-Courbatiès	Salvagnac-Cajarc	Saujac	Villeneuve
12270	Bor-et-Bar	La Fouillade	Lunac	Najac	Saint-André-de-Najac
12290	Arques	Canet-de-Salars	Le Vibal	Pont-de-Salars	Prades-Salars	Ségur	Trémouilles
12300	Almont-les-Junies	Boisse-Penchot	Bouillac	Decazeville	Firmi	Flagnac	Livinhac-le-Haut	Saint-Parthem	Saint-Santin
12310	Bertholène	Gaillac-d'Aveyron	Laissac-Sévérac l'Église	Palmas d'Aveyron	Vimenet	Coussergues|Palmas d'Aveyron	Palmas|Palmas d'Aveyron
12320	Conques-en-Rouergue	Pruines	Saint-Félix-de-Lunel	Sénergues	Conques|Conques-en-Rouergue	Grand-Vabre|Conques-en-Rouergue	Noailhac|Conques-en-Rouergue	Saint-Cyprien-sur-Dourdou|Conques-en-Rouergue
12330	Clairvaux-d'Aveyron	Marcillac-Vallon	Mouret	Muret-le-Château	Nauviale	Saint-Christophe-Vallon	Salles-la-Source	Valady
12340	Bozouls	Gabriac	Palmas d'Aveyron	Rodelle	Cruéjouls|Palmas d'Aveyron
12350	Brandonnet	Compolibat	Drulhe	Lanuéjouls	Maleville	Prévinquières	Privezac
12360	Arnac-sur-Dourdou	Brusque	Camarès	Fayet	Gissac	Mélagues	Montagnol	Peux-et-Couffouleux	Sylvanès	Tauriac-de-Camarès
12370	Belmont-sur-Rance	Combret	Mounes-Prohencoux	Murasson	Saint-Sever-du-Moustier
12380	Balaguier-sur-Rance	La Serre	Laval-Roquecezière	Montfranc	Pousthomy	Saint-Sernin-sur-Rance
12390	Anglars-Saint-Félix	Auzits	Belcastel	Bournazel	Escandolières	Goutrens	Mayran	Rignac
12400	Calmels-et-le-Viala	Les Costes-Gozon	Montlaur	Rebourguil	Saint-Affrique	Saint-Félix-de-Sorgues	Saint-Victor-et-Melvieu	Vabres-l'Abbaye	Versols-et-Lapeyre
12410	Curan	Salles-Curan
12420	Argences en Aubrac	Cantoin
12430	Alrance	Ayssènes	Le Truel	Lestrade-et-Thouels	Villefranche-de-Panat
12440	La Salvetat-Peyralès	Lescure-Jaoul	Tayrac
12450	Calmont	Flavin	Luc-la-Primaube
12460	Campouriez	Huparlac	Montézic	Saint-Amans-des-Cots	Saint-Symphorien-de-Thénières
12470	Condom-d'Aubrac	Prades-d'Aubrac	Saint-Chély-d'Aubrac
12480	Broquiès	Brousse-le-Château	Saint-Izaire
12490	La Bastide-Pradines	Montjaux	Saint-Rome-de-Cernon	Saint-Rome-de-Tarn	Viala-du-Tarn
12500	Bessuéjouls	Castelnau-de-Mandailles	Espalion	Lassouts	Le Cayrol	Saint-Côme-d'Olt
12510	Druelle Balsac	Olemps
12520	Aguessac	Compeyre	Paulhe	Verrières
12540	Cornus	Fondamente	Le Clapier	Marnhagues-et-Latour	Saint-Beaulize
12550	Brasc	Coupiac	La Bastide-Solages	Martrin	Montclar	Plaisance	Saint-Juéry
12560	Campagnac	Saint-Laurent-d'Olt	Saint-Saturnin-de-Lenne
12580	Campuac	Villecomtal
12600	Brommat	Lacroix-Barrez	Mur-de-Barrez	Murols	Taussac	Thérondels
12620	Castelnau-Pégayrols	Saint-Beauzély	Saint-Laurent-de-Lévézou
12630	Agen-d'Aveyron	Montrozier
12640	La Cresse	Rivière-sur-Tarn
12700	Asprières	Capdenac-Gare	Causse-et-Diège	Naussac	Sonnac
12720	Mostuéjouls	Peyreleau	Saint-André-de-Vézines	Veyreau
12740	La Loubière	Sébazac-Concourès
12780	Saint-Léons	Vézins-de-Lévézou
12800	Cabanès	Camjac	Castelmary	Crespin	Naucelle	Quins	Saint-Just-sur-Viaur	Sauveterre-de-Rouergue	Tauriac-de-Naucelle
12850	Onet-le-Château	Sainte-Radegonde
13001	Marseille
13002	Marseille
13003	Marseille
13004	Marseille
13005	Marseille
13006	Marseille
13007	Marseille
13008	Marseille
13009	Marseille
13010	Marseille
13011	Marseille
13012	Marseille
13013	Marseille
13014	Marseille
13015	Marseille
13016	Marseille
13080	Aix-en-Provence
13090	Aix-en-Provence
13100	Aix-en-Provence	Beaurecueil	Le Tholonet	Saint-Antonin-sur-Bayon	Saint-Marc-Jaumegarde
13103	Mas-Blanc-des-Alpilles	Saint-Étienne-du-Grès
13104	Arles
13105	Mimet
13109	Simiane-Collongue
13110	Port-de-Bouc
13111	Coudoux
13112	La Destrousse
13113	Lamanon
13114	Puyloubier
13115	Saint-Paul-lès-Durance
13116	Vernègues
13117	Martigues
13118	Istres
13119	Saint-Savournin
13120	Gardanne
13121	Aurons
13122	Ventabren
13123	Arles
13124	Peypin
13126	Vauvenargues
13127	Vitrolles
13129	Arles
13130	Berre-l'Étang
13140	Miramas
13150	Boulbon	Saint-Pierre-de-Mézoargues	Tarascon
13160	Châteaurenard
13170	Les Pennes-Mirabeau
13180	Gignac-la-Nerthe
13190	Allauch
13200	Arles
13210	Saint-Rémy-de-Provence
13220	Châteauneuf-les-Martigues
13230	Port-Saint-Louis-du-Rhône
13240	Septèmes-les-Vallons
13250	Cornillon-Confoux	Saint-Chamas
13260	Cassis
13270	Fos-sur-Mer
13280	Arles
13290	Aix-en-Provence
13300	Salon-de-Provence
13310	Saint-Martin-de-Crau
13320	Bouc-Bel-Air
13330	La Barben	Pélissanne
13340	Rognac
13350	Charleval
13360	Roquevaire
13370	Mallemort
13380	Plan-de-Cuques
13390	Auriol
13400	Aubagne
13410	Lambesc
13420	Gémenos
13430	Eyguières
13440	Cabannes
13450	Grans
13460	Saintes-Maries-de-la-Mer
13470	Carnoux-en-Provence
13480	Cabriès
13490	Jouques
13500	Martigues
13510	Éguilles
13520	Les Baux-de-Provence	Maussane-les-Alpilles	Paradou
13530	Trets
13540	Aix-en-Provence
13550	Noves
13560	Sénas
13570	Barbentane
13580	La Fare-les-Oliviers
13590	Meyreuil
13600	Ceyreste	La Ciotat
13610	Le Puy-Sainte-Réparade	Saint-Estève-Janson
13620	Carry-le-Rouet
13630	Eyragues
13640	La Roque-d'Anthéron
13650	Meyrargues
13660	Orgon
13670	Saint-Andiol	Verquières
13680	Lançon-Provence
13690	Graveson
13700	Marignane
13710	Fuveau
13720	Belcodène	La Bouilladisse
13730	Saint-Victoret
13740	Le Rove
13750	Plan-d'Orgon
13760	Saint-Cannat
13770	Venelles
13780	Cuges-les-Pins	Riboux
13790	Châteauneuf-le-Rouge	Peynier	Rousset
13800	Istres
13810	Eygalières
13820	Ensuès-la-Redonne
13821	La Penne-sur-Huveaune
13830	Roquefort-la-Bédoule
13840	Rognes
13850	Gréasque
13860	Peyrolles-en-Provence
13870	Rognonas
13880	Velaux
13890	Mouriès
13910	Maillane
13920	Saint-Mitre-les-Remparts
13930	Aureille
13940	Mollégès
13950	Cadolive
13960	Sausset-les-Pins
13980	Alleins
13990	Fontvieille
14000	Caen
14100	Beuvillers	Cordebugle	Courtonne-la-Meurdrac	Fauguernon	Firfol	Glos	Hermival-les-Vaux	L'Hôtellerie	Le Mesnil-Eudes	Le Mesnil-Guillaume	Les Monceaux	Lisieux	Marolles	Norolles	Ouilly-le-Vicomte	Rocques	Saint-Denis-de-Mailloc	Saint-Désir	Saint-Germain-de-Livet	Saint-Jean-de-Livet	Saint-Martin-de-la-Lieue	Saint-Martin-de-Mailloc	Saint-Pierre-des-Ifs
14110	Condé-en-Normandie	Pontécoulant	Saint-Denis-de-Méré	Condé-sur-Noireau|Condé-en-Normandie	Proussy|Condé-en-Normandie	Saint-Germain-du-Crioult|Condé-en-Normandie
14111	Louvigny
14112	Biéville-Beuville	Périers-sur-le-Dan
14113	Cricquebœuf	Villerville
14114	Ver-sur-Mer
14117	Arromanches-les-Bains	Manvieux	Tracy-sur-Mer
14120	Mondeville
14121	Sallenelles
14123	Cormelles-le-Royal	Fleury-sur-Orne	Ifs
14130	Blangy-le-Château	Bonneville-la-Louvet	Clarbec	Coquainvilliers	Drubec	Fierville-les-Parcs	Le Breuil-en-Auge	Le Brévedent	Le Faulq	Le Mesnil-sur-Blangy	Le Theil-en-Auge	Le Torquesne	Les Authieux-sur-Calonne	Manneville-la-Pipard	Pierrefitte-en-Auge	Pont-l'Évêque	Quetteville	Reux	Saint-André-d'Hébertot	Saint-Benoît-d'Hébertot	Saint-Gatien-des-Bois	Saint-Hymer	Saint-Julien-sur-Calonne	Saint-Martin-aux-Chartrains	Saint-Philbert-des-Champs	Surville	Tourville-en-Auge	Vieux-Bourg
14140	Castillon-en-Auge	Le Mesnil-Simon	Lessard-et-le-Chêne	Lisores	Livarot-Pays-d'Auge	Mézidon Vallée d'Auge	Prêtreville	Saint-Pierre-en-Auge	Val-de-Vie	Auquainville|Livarot-Pays-d'Auge	Bellou|Livarot-Pays-d'Auge	Cheffreville-Tonnencourt|Livarot-Pays-d'Auge	Coupesarte|Mézidon Vallée d'Auge	Fervaques|Livarot-Pays-d'Auge	Grandchamp-le-Château|Mézidon Vallée d'Auge	Heurtevent|Livarot-Pays-d'Auge	La Brévière|Val-de-Vie	La Chapelle-Haute-Grue|Val-de-Vie	La Croupte|Livarot-Pays-d'Auge	Le Mesnil-Bacley|Livarot-Pays-d'Auge	Le Mesnil-Durand|Livarot-Pays-d'Auge	Le Mesnil-Germain|Livarot-Pays-d'Auge	Lécaude|Mézidon Vallée d'Auge	Les Autels-Saint-Bazile|Livarot-Pays-d'Auge	Les Authieux-Papion|Mézidon Vallée d'Auge	Les Moutiers-Hubert|Livarot-Pays-d'Auge	Livarot|Livarot-Pays-d'Auge	Montviette|Saint-Pierre-en-Auge	Notre-Dame-de-Courson|Livarot-Pays-d'Auge	Saint-Georges-en-Auge|Saint-Pierre-en-Auge	Saint-Germain-de-Montgommery|Val-de-Vie	Saint-Julien-le-Faucon|Mézidon Vallée d'Auge	Saint-Martin-du-Mesnil-Oury|Livarot-Pays-d'Auge	Saint-Michel-de-Livet|Livarot-Pays-d'Auge	Saint-Ouen-le-Houx|Livarot-Pays-d'Auge	Sainte-Foy-de-Montgommery|Val-de-Vie	Sainte-Marguerite-de-Viette|Saint-Pierre-en-Auge	Sainte-Marguerite-des-Loges|Livarot-Pays-d'Auge	Tortisambert|Livarot-Pays-d'Auge	Vieux-Pont-en-Auge|Saint-Pierre-en-Auge
14150	Ouistreham
14160	Brucourt	Dives-sur-Mer	Grangues	Périers-en-Auge
14170	Bernières-d'Ailly	Courcy	Épaney	Jort	Louvagny	Olendon	Perrières	Saint-Pierre-en-Auge	Sassy	Vendeuvre	Vicques	Boissey|Saint-Pierre-en-Auge	Bretteville-sur-Dives|Saint-Pierre-en-Auge	Hiéville|Saint-Pierre-en-Auge	L'Oudon|Saint-Pierre-en-Auge	Mittois|Saint-Pierre-en-Auge	Ouville-la-Bien-Tournée|Saint-Pierre-en-Auge	Saint-Pierre-sur-Dives|Saint-Pierre-en-Auge	Thiéville|Saint-Pierre-en-Auge	Vaudeloges|Saint-Pierre-en-Auge
14190	Bretteville-le-Rabet	Cauvicourt	Estrées-la-Campagne	Fontaine-le-Pin	Grainville-Langannerie	Le Bû-sur-Rouvres	Maizières	Ouilly-le-Tesson	Rouvres	Saint-Germain-le-Vasson	Saint-Sylvain	Soignolles	Urville	Valambray	Fierville-Bray|Valambray
14200	Hérouville-Saint-Clair
14210	Amayé-sur-Orne	Avenay	Baron-sur-Odon	Bougy	Esquay-Notre-Dame	Évrecy	Gavrus	Grainville-sur-Odon	La Caine	Maisoncelles-sur-Ajon	Maizet	Mondrainville	Montigny	Montillières-sur-Orne	Préaux-Bocage	Sainte-Honorine-du-Fay	Thue et Mue	Tourville-sur-Odon	Vacognes-Neuilly	Val d'Arry	Cheux|Thue et Mue	Le Locheur|Val d'Arry	Missy|Val d'Arry	Noyers-Bocage|Val d'Arry
14220	Barbery	Boulon	Cesny-les-Sources	Combray	Croisilles	Culey-le-Patry	Donnay	Espins	Esson	Fresney-le-Vieux	Grimbosq	Les Moutiers-en-Cinglais	Martainville	Meslay	Moulines	Mutrécy	Ouffières	Saint-Laurent-de-Condel	Saint-Omer	Thury-Harcourt-le-Hom	Acqueville|Cesny-les-Sources	Angoville|Cesny-les-Sources	Caumont-sur-Orne|Thury-Harcourt-le-Hom	Cesny-Bois-Halbout|Cesny-les-Sources	Curcy-sur-Orne|Thury-Harcourt-le-Hom	Hamars|Thury-Harcourt-le-Hom	Placy|Cesny-les-Sources	Saint-Martin-de-Sallen|Thury-Harcourt-le-Hom	Thury-Harcourt|Thury-Harcourt-le-Hom	Tournebu|Cesny-les-Sources
14230	Canchy	Cardonville	Deux-Jumeaux	Géfosse-Fontenay	Isigny-sur-Mer	La Cambe	Longueville	Monfréville	Osmanville	Saint-Germain-du-Pert	Les Oubeaux|Isigny-sur-Mer	Neuilly-la-Forêt|Isigny-sur-Mer	Vouilly|Isigny-sur-Mer
14240	Aurseulles	Cahagnes	Caumont-sur-Aure	Cormolain	Foulognes	Les Loges	Sainte-Honorine-de-Ducy	Sallen	Val de Drôme	Anctoville|Aurseulles	Caumont-l'Éventé|Caumont-sur-Aure	Feuguerolles-sur-Seulles|Aurseulles	La Lande-sur-Drôme|Val de Drôme	La Vacquerie|Caumont-sur-Aure	Livry|Caumont-sur-Aure	Orbois|Aurseulles	Saint-Germain-d'Ectot|Aurseulles	Sept-Vents|Val de Drôme	Sermentot|Aurseulles	Torteval-Quesnay|Aurseulles
14250	Audrieu	Aurseulles	Bucéels	Chouain	Cristot	Ducy-Sainte-Marguerite	Ellon	Fontenay-le-Pesnel	Hottot-les-Bagues	Juaye-Mondaye	Juvigny-sur-Seulles	Lingèvres	Loucelles	Saint-Vaast-sur-Seulles	Tessel	Thue et Mue	Tilly-sur-Seulles	Vendes	Brouay|Thue et Mue	Longraye|Aurseulles
14260	Bonnemaison	Brémoy	Courvaudon	Dialan sur Chaîne	Le Mesnil-au-Grain	Les Monts d'Aunay	Malherbe-sur-Ajon	Saint-Pierre-du-Fresne	Seulline	Souleuvre en Bocage	Aunay-sur-Odon|Les Monts d'Aunay	Bauquay|Les Monts d'Aunay	Campandré-Valcongrain|Les Monts d'Aunay	Jurques|Dialan sur Chaîne	La Bigne|Seulline	Le Mesnil-Auzouf|Dialan sur Chaîne	Montamy|Souleuvre en Bocage	Ondefontaine|Les Monts d'Aunay	Roucamps|Les Monts d'Aunay	Saint-Georges-d'Aunay|Seulline
14270	Belle Vie en Auge	Cesny-aux-Vignes	Condé-sur-Ifs	Ernes	Mézidon Vallée d'Auge	Ouézy	Biéville-Quétiéville|Belle Vie en Auge	Le Mesnil-Mauger|Mézidon Vallée d'Auge	Magny-la-Campagne|Mézidon Vallée d'Auge	Magny-le-Freule|Mézidon Vallée d'Auge	Mézidon-Canon|Mézidon Vallée d'Auge	Monteille|Mézidon Vallée d'Auge	Percy-en-Auge|Mézidon Vallée d'Auge	Vieux-Fumé|Mézidon Vallée d'Auge
14280	Authie	Saint-Contest	Saint-Germain-la-Blanche-Herbe
14290	Cernay	Courtonne-les-Deux-Églises	La Folletière-Abenon	La Vespière-Friardel	Livarot-Pays-d'Auge	Orbec	Saint-Martin-de-Bienfaite-la-Cressonnière	Valorbiquet	Cerqueux|Livarot-Pays-d'Auge	Familly|Livarot-Pays-d'Auge	La Chapelle-Yvon|Valorbiquet	Meulles|Livarot-Pays-d'Auge	Préaux-Saint-Sébastien|Livarot-Pays-d'Auge	Saint-Cyr-du-Ronceray|Valorbiquet	Saint-Julien-de-Mailloc|Valorbiquet	Saint-Paul-de-Courtonne|Courtonne-les-Deux-Églises	Saint-Pierre-de-Mailloc|Valorbiquet	Tordouet|Valorbiquet
14310	Amayé-sur-Seulles	Épinay-sur-Odon	Landes-sur-Ajon	Longvillers	Maisoncelles-Pelvey	Monts-en-Bessin	Parfouru-sur-Odon	Saint-Louet-sur-Seulles	Seulline	Tracy-Bocage	Val d'Arry	Villers-Bocage	Villy-Bocage	Coulvain|Seulline	Tournay-sur-Odon|Val d'Arry
14320	Feuguerolles-Bully	Fontenay-le-Marmion	Laize-Clinchamps	Saint-André-sur-Orne	Saint-Martin-de-May	Bully|Feuguerolles-Bully	Clinchamps-sur-Orne|Laize-Clinchamps	Laize-la-Ville|Laize-Clinchamps	May-sur-Orne|Saint-Martin-de-May	Saint-Martin-de-Fontenay|Saint-Martin-de-May
14330	Cartigny-l'Épinay	Isigny-sur-Mer	Le Breuil-en-Bessin	Le Molay-Littry	Lison	Saint-Marcouf	Sainte-Marguerite-d'Elle	Saon	Saonnet	Tournières	Castilly|Isigny-sur-Mer
14340	Auvillars	Beaufour-Druval	Belle Vie en Auge	Bonnebosq	Cambremer	Formentin	La Boissière	La Houblonnière	La Roque-Baignard	Le Fournet	Le Pré-d'Auge	Léaupartie	Manerbe	Mézidon Vallée d'Auge	Montreuil-en-Auge	Notre-Dame-d'Estrées-Corbon	Notre-Dame-de-Livaye	Repentigny	Rumesnil	Saint-Ouen-le-Pin	Valsemé	Beaufour|Beaufour-Druval	Saint-Aubin-Lébizay|Beaufour-Druval	Saint-Loup-de-Fribois|Belle Vie en Auge
14350	Souleuvre en Bocage	Val de Drôme	Valdallière	Beaulieu|Souleuvre en Bocage	Bures-les-Monts|Souleuvre en Bocage	Campeaux|Souleuvre en Bocage	Carville|Souleuvre en Bocage	Dampierre|Val de Drôme	Étouvy|Souleuvre en Bocage	La Ferrière-Harang|Souleuvre en Bocage	La Graverie|Souleuvre en Bocage	Le Bény-Bocage|Souleuvre en Bocage	Le Désert|Valdallière	Le Reculey|Souleuvre en Bocage	Le Tourneur|Souleuvre en Bocage	Malloué|Souleuvre en Bocage	Mont-Bertrand|Souleuvre en Bocage	Montchamp|Valdallière	Montchauvet|Souleuvre en Bocage	Saint-Charles-de-Percy|Valdallière	Saint-Denis-Maisoncelles|Souleuvre en Bocage	Saint-Jean-des-Essartiers|Val de Drôme	Saint-Martin-des-Besaces|Souleuvre en Bocage	Saint-Martin-Don|Souleuvre en Bocage	Saint-Ouen-des-Besaces|Souleuvre en Bocage	Saint-Pierre-Tarentaine|Souleuvre en Bocage	Sainte-Marie-Laumont|Souleuvre en Bocage
14360	Trouville-sur-Mer
14370	Argences	Bellengreville	Canteloup	Cléville	Méry-Bissières-en-Auge	Mézidon Vallée d'Auge	Moult-Chicheboville	Valambray	Vimont	Airan|Valambray	Billy|Valambray	Chicheboville|Moult-Chicheboville	Croissanville|Mézidon Vallée d'Auge	Moult|Moult-Chicheboville
14380	Beaumesnil	Landelles-et-Coupigny	Le Mesnil-Robert	Noues de Sienne	Pont-Bellanger	Saint-Aubin-des-Bois	Sainte-Marie-Outre-l'Eau	Champ-du-Boult|Noues de Sienne	Courson|Noues de Sienne	Fontenermont|Noues de Sienne	Le Gast|Noues de Sienne	Le Mesnil-Benoist|Noues de Sienne	Le Mesnil-Caussois|Noues de Sienne	Mesnil-Clinchamps|Noues de Sienne	Saint-Manvieu-Bocage|Noues de Sienne	Saint-Sever-Calvados|Noues de Sienne	Sept-Frères|Noues de Sienne
14390	Cabourg	Petiville	Varaville
14400	Agy	Arganchy	Barbeville	Bayeux	Blay	Condé-sur-Seulles	Cottun	Crouay	Cussy	Esquay-sur-Seulles	Étréham	Guéron	Le Manoir	Longues-sur-Mer	Magny-en-Bessin	Maisons	Monceaux-en-Bessin	Mosles	Nonant	Ranchy	Ryes	Saint-Loup-Hors	Saint-Martin-des-Entrées	Saint-Vigor-le-Grand	Sommervieu	Subles	Sully	Tour-en-Bessin	Vaucelles	Vaux-sur-Aure	Vaux-sur-Seulles	Vienne-en-Bessin
14410	Valdallière	Bernières-le-Patry|Valdallière	Burcy|Valdallière	Chênedollé|Valdallière	Estry|Valdallière	La Rocque|Valdallière	Le Theil-Bocage|Valdallière	Pierres|Valdallière	Presles|Valdallière	Rully|Valdallière	Vassy|Valdallière	Viessoix|Valdallière
14420	Bons-Tassilly	Potigny	Soumont-Saint-Quentin	Ussy	Villers-Canivet
14430	Angerville	Annebault	Beuvron-en-Auge	Bourgeauville	Branville	Cresseveuille	Cricqueville-en-Auge	Danestal	Douville-en-Auge	Dozulé	Goustranville	Heuland	Hotot-en-Auge	Putot-en-Auge	Saint-Jouin	Saint-Léger-Dubosq	Victot-en-Auge	Gerrots|Victot-en-Auge	Victot-Pontfol|Victot-en-Auge
14440	Bény-sur-Mer	Cresserons	Douvres-la-Délivrande	Plumetot
14450	Cricqueville-en-Bessin	Grandcamp-Maisy	Saint-Pierre-du-Mont
14460	Colombelles
14470	Courseulles-sur-Mer	Graye-sur-Mer	Reviers
14480	Banville	Bazenville	Colombiers-sur-Seulles	Crépon	Creully sur Seulles	Le Fresne-Camilly	Moulins-en-Bessin	Ponts sur Seulles	Sainte-Croix-sur-Mer
14490	Balleroy-sur-Drôme	Cahagnolles	Campigny	Castillon	La Bazoque	Le Tronquay	Litteau	Montfiquet	Noron-la-Poterie	Planquery	Saint-Paul-du-Vernay	Trungy	Balleroy|Balleroy-sur-Drôme	Vaubadon|Balleroy-sur-Drôme
14500	Campagnolles	Vire Normandie	Coulonces|Vire Normandie	Maisoncelles-la-Jourdan|Vire Normandie	Roullours|Vire Normandie	Truttemer-le-Grand|Vire Normandie	Truttemer-le-Petit|Vire Normandie	Vaudry|Vire Normandie	Vire|Vire Normandie
14510	Gonneville-sur-Mer	Houlgate
14520	Aure sur Mer	Commes	Port-en-Bessin-Huppain	Huppain|Port-en-Bessin-Huppain	Sainte-Honorine-des-Pertes|Aure sur Mer
14530	Luc-sur-Mer
14540	Bourguébus	Castine-en-Plaine	Grentheville	Le Castelet	Soliers	Valambray	Conteville|Valambray	Garcelles-Secqueville|Le Castelet	Hubert-Folie|Castine-en-Plaine	Poussy-la-Campagne|Valambray	Rocquancourt|Castine-en-Plaine	Saint-Aignan-de-Cramesnil|Le Castelet	Tilly-la-Campagne|Castine-en-Plaine
14550	Blainville-sur-Orne
14570	Clécy	La Villette	Le Vey	Saint-Lambert	Saint-Rémy
14590	Fumichon	Le Pin	Moyaux	Ouilly-du-Houley
14600	Ablon	Barneville-la-Bertran	Équemauville	Fourneville	Genneville	Gonneville-sur-Honfleur	Honfleur	La Rivière-Saint-Sauveur	Pennedepie	Vasouy|Honfleur
14610	Anisy	Basly	Cairon	Cambes-en-Plaine	Colomby-Anguerny	Épron	Fontaine-Henry	Thaon	Villons-les-Buissons
14620	Barou-en-Auge	Beaumais	Crocy	Damblainville	Fourches	Le Marais-la-Chapelle	Les Moutiers-en-Auge	Morteaux-Coulibœuf	Norrey-en-Auge
14630	Cagny	Émiéville	Frénouville
14640	Auberville	Saint-Vaast-en-Auge	Villers-sur-Mer
14650	Carpiquet
14670	Basseneville	Janville	Saint-Ouen-du-Mesnil-Oger	Saint-Pair	Saint-Pierre-du-Jonquet	Saint-Samson	Troarn	Bures-sur-Dives|Troarn
14680	Bretteville-sur-Laize	Cintheaux	Fresney-le-Puceux	Gouvix
14690	Cossesseville	La Pommeraye	Le Bô	Le Détroit	Le Mesnil-Villement	Les Isles-Bardel	Pierrefitte-en-Cinglais	Pierrepont	Pont-d'Ouilly	Rapilly	Tréprel
14700	Aubigny	Bonnœil	Cordey	Eraines	Falaise	Fourneaux-le-Val	Fresné-la-Mère	La Hoguette	Leffard	Les Loges-Saulces	Martigny-sur-l'Ante	Noron-l'Abbaye	Pertheville-Ners	Saint-Germain-Langot	Saint-Martin-de-Mieux	Saint-Pierre-Canivet	Saint-Pierre-du-Bû	Soulangy	Versainville	Vignats	Villy-lez-Falaise
14710	Asnières-en-Bessin	Aure sur Mer	Bernesq	Bricqueville	Colleville-sur-Mer	Colombières	Englesqueville-la-Percée	Formigny La Bataille	La Folie	Mandeville-en-Bessin	Rubercy	Saint-Laurent-sur-Mer	Saint-Martin-de-Blagny	Surrain	Trévières	Vierville-sur-Mer	Russy|Aure sur Mer
14730	Giberville
14740	Carcagny	Moulins-en-Bessin	Rosel	Rots	Saint-Manvieu-Norrey	Thue et Mue	Bretteville-l'Orgueilleuse|Thue et Mue	Lasson|Rots	Le Mesnil-Patry|Thue et Mue	Putot-en-Bessin|Thue et Mue	Sainte-Croix-Grand-Tonne|Thue et Mue	Secqueville-en-Bessin|Rots
14750	Saint-Aubin-sur-Mer
14760	Bretteville-sur-Odon
14770	Cauville	Condé-en-Normandie	Les Monts d'Aunay	Périgny	Terres de Druance	Danvou-la-Ferrière|Les Monts d'Aunay	La Chapelle-Engerbold|Condé-en-Normandie	Lassy|Terres de Druance	Le Plessis-Grimoult|Les Monts d'Aunay	Lénault|Condé-en-Normandie	Saint-Jean-le-Blanc|Terres de Druance	Saint-Pierre-la-Vieille|Condé-en-Normandie	Saint-Vigor-des-Mézerets|Terres de Druance
14780	Lion-sur-Mer
14790	Fontaine-Étoupefour	Mouen	Verson
14800	Bonneville-sur-Touques	Canapville	Deauville	Englesqueville-en-Auge	Saint-Arnoult	Touques	Tourgéville	Vauville
14810	Gonneville-en-Auge	Merville-Franceville-Plage
14830	Langrune-sur-Mer
14840	Cuverville	Démouville
14850	Escoville	Hérouvillette
14860	Amfreville	Bavent	Bréville-les-Monts	Ranville	Robehomme|Bavent
14880	Colleville-Montgomery	Hermanville-sur-Mer
14910	Benerville-sur-Mer	Blonville-sur-Mer
14920	Mathieu
14930	Éterville	Maltot	Vieux
14940	Banneville-la-Campagne	Sannerville	Touffréville
14950	Beaumont-en-Auge	Glanville	Saint-Étienne-la-Thillaye	Saint-Pierre-Azif
14960	Asnelles	Meuvaines	Saint-Côme-de-Fresné
14970	Bénouville	Saint-Aubin-d'Arquenay
14980	Rots
14990	Bernières-sur-Mer
15000	Aurillac	Ytrac
15100	Alleuze	Andelat	Anglards-de-Saint-Flour	Coren	Les Ternes	Mentières	Montchamp	Neuvéglise-sur-Truyère	Roffiac	Saint-Flour	Saint-Georges	Soulages	Tanavelle	Tiviers	Vabres	Védrines-Saint-Loup	Villedieu	Sériers|Neuvéglise-sur-Truyère
15110	Anterrieux	Chaudes-Aigues	Deux-Verges	Espinasse	Fridefont	Jabrun	La Trinitat	Lieutadès	Maurines	Saint-Martial	Saint-Rémy-de-Chaudes-Aigues	Saint-Urcize
15120	Junhac	Labesserette	Lacapelle-del-Fraisse	Ladinhac	Lapeyrugue	Leucamp	Montsalvy	Sansac-Veinazès	Vieillevie
15130	Arpajon-sur-Cère	Carlat	Cros-de-Ronesque	Giou-de-Mamou	Labrousse	Lafeuillade-en-Vézie	Prunet	Saint-Étienne-de-Carlat	Saint-Simon	Sansac-de-Marmiesse	Teissières-lès-Bouliès	Vézac	Vezels-Roussy	Yolet	Ytrac
15140	Besse	Drugeac	Fontanges	Le Fau	Saint-Bonnet-de-Salers	Saint-Chamant	Saint-Cirgues-de-Malbert	Saint-Martin-Cantalès	Saint-Martin-Valmeroux	Saint-Paul-de-Salers	Saint-Projet-de-Salers	Sainte-Eulalie	Salers	Saint-Rémy-de-Salers|Saint-Martin-Valmeroux
15150	Arnac	Cros-de-Montvert	Glénat	Lacapelle-Viescamp	Laroquebrou	Montvert	Nieudan	Rouffiac	Saint-Étienne-Cantalès	Saint-Gérons	Saint-Santin-Cantalès	Saint-Victor	Siran
15160	Allanche	Landeyrat	Pradiers	Vernols	Vèze
15170	Celles	Chalinargues	Coltines	Ferrières-Saint-Mary	Joursac	Neussargues-Moissac	Peyrusse	Rézentières	Sainte-Anastasie	Talizat	Valjouze
15190	Chanterelle	Condat	Lugarde	Marcenat	Montboudif	Montgreleix	Saint-Amandin	Saint-Bonnet-de-Condat	Saint-Saturnin
15200	Arches	Chalvignac	Jaleyrac	Le Vigean	Mauriac	Méallet	Salins	Sourniac
15210	Madic	Ydes
15220	Marcolès	Roannes-Saint-Mary	Saint-Antoine	Saint-Mamet-la-Salvetat	Vitrac
15230	Brezons	Cézens	Gourdièges	Lacapelle-Barrès	Malbo	Narnhac	Paulhenc	Pierrefort	Saint-Martin-sous-Vigouroux	Sainte-Marie
15240	Antignac	Auzers	Bassignac	La Monselie	Le Monteil	Saignes	Sauvat	Vebret
15250	Ayrens	Crandelles	Jussac	Laroquevieille	Marmanhac	Naucelles	Reilhac	Saint-Paul-des-Landes	Teissières-de-Cornet
15260	Neuvéglise-sur-Truyère	Lavastrie|Neuvéglise-sur-Truyère	Neuvéglise|Neuvéglise-sur-Truyère	Oradour|Neuvéglise-sur-Truyère
15270	Beaulieu	Champs-sur-Tarentaine-Marchal	Lanobre	Trémouille	Marchal|Champs-sur-Tarentaine-Marchal
15290	Cayrols	La Ségalassière	Le Rouget-Pers	Omps	Parlan	Roumégoux	Saint-Saury	Le Rouget|Le Rouget-Pers	Pers|Le Rouget-Pers
15300	Albepierre-Bredons	Chavagnac	Dienne	La Chapelle-d'Alagnon	Laveissenet	Laveissière	Lavigerie	Murat	Ségur-les-Villas	Ussel	Valuéjols	Virargues	Chastel-sur-Murat|Murat
15310	Freix-Anglards	Girgols	Saint-Cernin	Saint-Illide	Tournemire
15320	Chaliers	Clavières	Lorcières	Ruynes-en-Margeride	Val d'Arcomie
15340	Cassaniouze	Puycapel	Sénezergues	Calvinet|Puycapel	Mourjou|Puycapel
15350	Champagnac	Saint-Pierre	Veyrières
15380	Anglards-de-Salers	Le Falgoux	Le Vaulmier	Moussages	Saint-Vincent-de-Salers
15400	Apchon	Cheylade	Collandres	Le Claux	Marchastel	Menet	Riom-ès-Montagnes	Saint-Étienne-de-Chomeil	Saint-Hippolyte	Trizac	Valette
15430	Cussac	Paulhac
15500	Auriac-l'Église	Bonnac	Celoux	Charmensac	Chazelles	La Chapelle-Laurent	Lastic	Laurie	Massiac	Molèdes	Molompize	Rageade	Saint-Mary-le-Plain	Saint-Poncy	Vieillespesse
15590	Lascelle	Mandailles-Saint-Julien	Saint-Cirgues-de-Jordanne	Velzic
15600	Boisset	Le Trioulou	Leynhac	Maurs	Montmurat	Quézac	Rouziers	Saint-Constant-Fournoulès	Saint-Étienne-de-Maurs	Saint-Julien-de-Toursac	Saint-Santin-de-Maurs	Fournoulès|Saint-Constant-Fournoulès	Saint-Constant|Saint-Constant-Fournoulès
15700	Ally	Barriac-les-Bosquets	Brageac	Chaussenac	Escorailles	Pleaux	Drignac|Ally	Loupiac|Pleaux	Saint-Christophe-les-Gorges|Pleaux	Tourniac|Pleaux
15800	Badailhac	Jou-sous-Monjou	Pailherols	Polminhac	Raulhac	Saint-Clément	Saint-Jacques-des-Blats	Thiézac	Vic-sur-Cère
16000	Angoulême
16100	Boutiers-Saint-Trojan	Châteaubernard	Cognac	Javrezac	Louzac-Saint-André	Merpins	Saint-Brice	Saint-Laurent-de-Cognac
16110	Agris	Bunzac	La Rochefoucauld-en-Angoumois	La Rochette	Marillac-le-Franc	Moulins-sur-Tardoire	Pranzac	Rivières	Taponnat-Fleurignac	Yvrac-et-Malleyrand	La Rochefoucauld|La Rochefoucauld-en-Angoumois	Saint-Projet-Saint-Constant|La Rochefoucauld-en-Angoumois
16120	Angeac-Charente	Bassac	Bellevigne	Birac	Bonneuil	Bouteville	Châteauneuf-sur-Charente	Graves-Saint-Amant	Ladiville	Mosnac-Saint-Simeux	Saint-Simon	Vibrac	Mosnac|Mosnac-Saint-Simeux	Saint-Simeux|Mosnac-Saint-Simeux
16130	Angeac-Champagne	Ars	Gensac-la-Pallue	Genté	Gimeux	Juillac-le-Coq	Lignières-Ambleville	Saint-Fort-sur-le-Né	Saint-Preuil	Salles-d'Angles	Segonzac	Verrières	Lignières-Sonneville|Lignières-Ambleville
16140	Aigre	Ambérac	Barbezières	Bessé	Charmé	Ébréon	Fouqueure	La Chapelle	Les Gours	Ligné	Lupsault	Marcillac-Lanville	Mons	Oradour	Ranville-Breuillaud	Saint-Fraigne	Tusson	Verdille	Villejésus|Aigre
16150	Chabanais	Chabrac	Chassenon	Chirac	Étagnac	Exideuil-sur-Vienne	Pressignac	Saint-Quentin-sur-Charente
16160	Gond-Pontouvre
16170	Échallat	Genac-Bignac	Mareuil	Rouillac	Saint-Amant-de-Nouère	Saint-Cybardeaux	Val-d'Auge	Vaux-Rouillac	Anville|Val-d'Auge	Auge-Saint-Médard|Val-d'Auge	Bonneville|Val-d'Auge	Montigné|Val-d'Auge
16190	Bors (Canton de Tude-et-Lavalette)	Courgeac	Deviat	Juignac	Montmoreau	Nonac	Poullignac	Saint-Martial	Salles-Lavalette
16200	Bourg-Charente	Chassors	Courbillac	Fleurac	Foussignac	Houlette	Jarnac	Julienne	Les Métairies	Mainxe-Gondeville	Mérignac	Nercillac	Réparsac	Sainte-Sévère	Sigogne	Triac-Lautrait
16210	Bardenac	Bazac	Bellon	Brie-sous-Chalais	Chalais	Courlac	Curac	Les Essards	Médillac	Orival	Rioux-Martin	Rouffiac	Saint-Avit	Saint-Quentin-de-Chalais	Saint-Romain	Yviers
16220	Écuras	Eymouthiers	Montbron	Moulins-sur-Tardoire	Orgedeuil	Rouzède	Saint-Sornin	Vouthon
16230	Cellettes	Fontenille	Juillé	Lonnes	Luxé	Maine-de-Boixe	Mansle-les-Fontaines	Nanclars	Puyréaux	Saint-Ciers-sur-Bonnieure	Saint-Groux	Val-de-Bonnieure	Villognon	Fontclaireau|Mansle-les-Fontaines	Mansle|Mansle-les-Fontaines
16240	Brettes	Courcôme	Empuré	La Chèvrerie	La Forêt-de-Tessé	La Magdeleine	Longré	Montjean	Paizay-Naudouin-Embourie	Raix	Souvigné	Theil-Rabier	Villefagnan	Villiers-le-Roux	Embourie|Paizay-Naudouin-Embourie
16250	Bécheresse	Bessac	Chadurie	Champagne-Vigny	Coteaux-du-Blanzacais	Étriac	Pérignac	Plassac-Rouffiac	Val des Vignes	Voulgézac
16260	Cellefrouin	Chasseneuil-sur-Bonnieure	La Tâche	Les Pins	Saint-Mary	Suaux
16270	Nieuil	Terres-de-Haute-Charente	Genouillac|Terres-de-Haute-Charente	La Péruse|Terres-de-Haute-Charente	Mazières|Terres-de-Haute-Charente	Roumazières-Loubert|Terres-de-Haute-Charente	Suris|Terres-de-Haute-Charente
16290	Asnières-sur-Nouère	Champmillon	Douzat	Hiersac	Moulidars	Saint-Saturnin
16300	Angeduc	Barbezieux-Saint-Hilaire	Barret	Brie-sous-Barbezieux	Challignac	Criteuil-la-Magdeleine	Guimps	Lachaise	Lagarde-sur-le-Né	Lignières-Ambleville	Montmérac	Saint-Aulais-la-Chapelle	Saint-Bonnet	Saint-Médard	Saint-Palais-du-Né	Salles-de-Barbezieux	Vignolles	Ambleville|Lignières-Ambleville	Lamérac|Montmérac	Montchaude|Montmérac	Saint-Hilaire|Barbezieux-Saint-Hilaire
16310	Cherves-Châtelars	Le Lindois	Lésignac-Durand	Massignac	Mazerolles	Montembœuf	Mouzon	Roussines	Saint-Adjutory	Sauvagnac	Verneuil	Vitrac-Saint-Vincent
16320	Blanzaguet-Saint-Cybard	Boisné-La Tude	Combiers	Édon	Gurat	Magnac-lès-Gardes	Ronsenac	Rougnac	Vaux-Lavalette	Villebois-Lavalette	Gardes-le-Pontaroux|Magnac-lès-Gardes	Magnac-Lavalette-Villars|Magnac-lès-Gardes
16330	Coulonges	La Boixe	Saint-Amant-de-Boixe	Vervant	Vouharte	Xambes	Montignac-Charente|La Boixe	Vars|La Boixe
16340	L'Isle-d'Espagnac
16350	Benest	Champagne-Mouton	Chassiecq	Le Bouchage	Le Vieux-Cérier	Saint-Coutant	Turgon	Vieux-Ruffec
16360	Baignes-Sainte-Radegonde	Bors (Canton de Charente-Sud)	Chantillac	Condéon	Le Tâtre	Reignac	Touvérac
16370	Bréville	Mesnac	Val-de-Cognac	Cherves-Richemont|Val-de-Cognac	Saint-Sulpice-de-Cognac|Val-de-Cognac
16380	Charras	Chazelles	Feuillade	Grassac	Mainzac	Marthon	Saint-Germain-de-Montbron	Souffrignac
16390	Aubeterre-sur-Dronne	Bonnes	Laprade	Montignac-le-Coq	Nabinaud	Palluaud	Pillac	Saint-Séverin
16400	La Couronne	Puymoyen	Vœuil-et-Giget
16410	Bouëx	Dignac	Dirac	Fouquebrune	Garat	Sers	Torsac	Vouzan
16420	Brigueuil	Lesterps	Montrollet	Saint-Christophe	Saulgond
16430	Balzac	Champniers	Vindelle
16440	Claix	Mouthiers-sur-Boëme	Nersac	Roullet-Saint-Estèphe	Sireuil
16450	Beaulieu-sur-Sonnette	Le Grand-Madieu	Lussac	Parzac	Saint-Claud	Saint-Laurent-de-Céris
16460	Aunac-sur-Charente	Chenon	Couture	Lichères	Mouton	Saint-Front	Saint-Sulpice-de-Ruffec	Valence	Ventouse
16470	Saint-Michel
16480	Berneuil	Boisbreteau	Brossac	Châtignac	Chillac	Guizengeard	Oriolles	Passirac	Saint-Félix	Saint-Laurent-des-Combes	Saint-Vallier	Sainte-Souline	Sauvignac
16490	Alloue	Ambernac	Épenède	Hiesse	Pleuville
16500	Abzac	Ansac-sur-Vienne	Brillac	Confolens	Esse	Lessac	Manot	Oradour-Fanais	Saint-Maurice-des-Lions	Saint-Germain-de-Confolens|Confolens
16510	Verteuil-sur-Charente
16560	Anais	Aussac-Vadalle	Coulgens	Jauldes	Tourriers	Villejoubert
16570	Marsac	Saint-Genis-d'Hiersac
16590	Brie
16600	Magnac-sur-Touvre	Mornac	Ruelle-sur-Touvre	Touvre
16620	Montboyer
16700	Barro	Bernac	Bioussac	Condac	Courcôme	La Faye	Les Adjots	Londigny	Nanteuil-en-Vallée	Poursac	Ruffec	Saint-Georges	Saint-Gourson	Saint-Martin-du-Clocher	Salles-de-Villefagnan	Taizé-Aizie	Tuzie|Courcôme	Villegats|Courcôme
16710	Saint-Yrieix-sur-Charente
16720	Saint-Même-les-Carrières
16730	Fléac	Linars	Trois-Palis
16800	Soyaux
17000	La Rochelle
17100	Bussac-sur-Charente	Courcoury	Fontcouverte	La Chapelle-des-Pots	Le Douhet	Les Gonds	Saint-Vaize	Saintes	Vénérand
17110	Saint-Georges-de-Didonne
17111	Loix
17113	Mornac-sur-Seudre
17120	Arces	Barzan	Boutenac-Touvent	Brie-sous-Mortagne	Chenac-Saint-Seurin-d'Uzet	Cozes	Épargnes	Floirac	Grézac	Meursac	Mortagne-sur-Gironde	Semussac	Talmont-sur-Gironde	Thaims
17123	Île-d'Aix
17130	Chamouillac	Chartuzac	Chaunac	Corignac	Courpignac	Coux	Expiremont	Jussas	Messac	Montendre	Pommiers-Moulons	Rouffignac	Salignac-de-Mirambeau	Souméras	Sousmoulins	Tugéras-Saint-Maurice	Vibrac	Chardes|Montendre	Vallet|Montendre
17132	Meschers-sur-Gironde
17137	Esnandes	L'Houmeau	Marsilly	Nieul-sur-Mer
17138	Puilboreau	Saint-Xandre
17139	Dompierre-sur-Mer
17140	Lagord
17150	Allas-Bocage	Boisredon	Consac	Mirambeau	Nieul-le-Virouil	Saint-Bonnet-sur-Gironde	Saint-Dizant-du-Bois	Saint-Georges-des-Agoûts	Saint-Martial-de-Mirambeau	Saint-Sorlin-de-Conac	Saint-Thomas-de-Conac	Semillac	Semoussac	Soubran
17160	Bagnizeau	Ballans	Blanzac-lès-Matha	Brie-sous-Matha	Courcerac	Cressé	Gibourne	Haimps	La Brousse	Le Gicq	Les Touches-de-Périgny	Louzignac	Matha	Mons	Prignac	Sonnac	Thors
17170	Benon	Courçon	Cram-Chaban	Ferrières	La Grève-sur-Mignon	La Laigne	La Ronde	Saint-Cyr-du-Doret	Saint-Jean-de-Liversay	Taugon
17180	Périgny
17190	Saint-Georges-d'Oléron
17200	Royan	Saint-Sulpice-de-Royan
17210	Bedenac	Bran	Bussac-Forêt	Chatenet	Chepniers	Chevanceaux	Le Pin	Mérignac	Montlieu-la-Garde	Orignolles	Polignac	Pouillac	Saint-Palais-de-Négrignac	Sainte-Colombe
17220	Bourgneuf	Clavette	Croix-Chapeau	La Jarne	La Jarrie	Montroy	Saint-Christophe	Saint-Médard-d'Aunis	Saint-Rogatien	Saint-Vivien	Sainte-Soulle	Salles-sur-Mer
17230	Andilly	Charron	Longèves	Marans	Saint-Ouen-d'Aunis	Villedoux
17240	Bois	Champagnolles	Clion	Floirac	Lorignac	Mosnac	Plassac	Saint-Ciers-du-Taillon	Saint-Dizant-du-Gua	Saint-Fort-sur-Gironde	Saint-Genis-de-Saintonge	Saint-Georges-Antignac	Saint-Germain-du-Seudre	Saint-Grégoire-d'Ardennes	Saint-Sigismond-de-Clermont	Sainte-Ramée
17250	Beurlay	Geay	La Vallée	Les Essards	Plassay	Pont-l'Abbé-d'Arnoult	Romegoux	Saint-Porchaire	Saint-Sulpice-d'Arnoult	Sainte-Gemme	Sainte-Radegonde	Soulignonne	Trizay
17260	Cravans	Gémozac	Givrezac	Jazennes	Montpellier-de-Médillan	Saint-André-de-Lidon	Saint-Simon-de-Pellouaille	Tanzac	Villars-en-Pons	Virollet
17270	Boresse-et-Martron	Cercoux	Clérac	Le Fouilloux	Montguyon	Neuvicq	Saint-Martin-d'Ary	Saint-Pierre-du-Palais
17290	Aigrefeuille-d'Aunis	Ardillières	Ballon	Chambon	Ciré-d'Aunis	Forges	Landrais	Le Thou	Thairé	Virson
17300	Rochefort	Vergeroux
17310	Saint-Pierre-d'Oléron
17320	Marennes-Hiers-Brouage	Saint-Just-Luzac	Hiers-Brouage|Marennes-Hiers-Brouage	Marennes|Marennes-Hiers-Brouage
17330	Bernay-Saint-Martin	Coivert	Courant	Dœuil-sur-le-Mignon	La Croix-Comtesse	La Jarrie-Audouin	Loulay	Lozay	Migré	Saint-Félix	Saint-Martial	Saint-Pierre-de-l'Isle	Saint-Séverin-sur-Boutonne	Vergné	Villeneuve-la-Comtesse
17340	Châtelaillon-Plage	Yves
17350	Annepont	Crazannes	Fenioux	Grandjean	Le Mung	Port-d'Envaux	Saint-Savinien	Taillant	Taillebourg	Agonnay|Saint-Savinien	Coulonge-sur-Charente|Saint-Savinien
17360	Boscamnant	La Barde	La Clotte	La Genétouze	Saint-Aigulin	Saint-Martin-de-Coux
17370	Le Grand-Village-Plage	Saint-Trojan-les-Bains
17380	Annezay	Archingeay	Chantemerle-sur-la-Soie	La Devise	Landes	Les Nouillers	Nachamps	Puy-du-Lac	Puyrolland	Saint-Crépin	Saint-Loup	Tonnay-Boutonne	Torxé
17390	La Tremblade
17400	Antezant-la-Chapelle	Asnières-la-Giraud	Bignay	Courcelles	Essouvert	Fontenet	La Vergne	Les Églises-d'Argenteuil	Mazeray	Poursay-Garnaud	Saint-Jean-d'Angély	Saint-Julien-de-l'Escap	Saint-Martin-de-Juillers	Saint-Pardoult	Saint-Pierre-de-Juillers	Ternant	Varaize	Vervant	Voissay	La Benâte|Essouvert	Saint-Denis-du-Pin|Essouvert
17410	Saint-Martin-de-Ré
17420	Saint-Palais-sur-Mer
17430	Bords	Cabariot	Champdolent	Genouillé	Lussant	Moragne	Muron	Saint-Coutant-le-Grand	Saint-Hippolyte	Tonnay-Charente
17440	Aytré
17450	Fouras	Saint-Laurent-de-la-Prée
17460	Berneuil	Chermignac	Colombiers	La Jard	Préguillac	Rétaud	Rioux	Tesson	Thénac	Varzay
17470	Aulnay	Blanzay-sur-Boutonne	Cherbonnières	Contré	Dampierre-sur-Boutonne	La Villedieu	Loiré-sur-Nie	Paillé	Rives-de-Boutonne	Saint-Mandé-sur-Brédoire	Villemorin	Nuaillé-sur-Boutonne|Rives-de-Boutonne	Saint-Georges-de-Longuepierre|Rives-de-Boutonne
17480	Le Château-d'Oléron
17490	Bazauges	Beauvais-sur-Matha	Bresdon	Gourvillette	Macqueville	Massac	Neuvicq-le-Château	Saint-Ouen-la-Thène	Siecq
17500	Agudelle	Allas-Champagne	Champagnac	Clam	Fontaines-d'Ozillac	Guitinières	Jonzac	Léoville	Lussac	Meux	Mortiers	Neulles	Ozillac	Réaux sur Trèfle	Saint-Germain-de-Lusignan	Saint-Germain-de-Vibrac	Saint-Hilaire-du-Bois	Saint-Martial-de-Vitaterne	Saint-Médard	Saint-Simon-de-Bordes	Vanzac	Villexavier
17510	Chives	Fontaine-Chalendray	Les Éduts	Néré	Romazières	Saleignes	Seigné	Villiers-Couture	Vinax
17520	Archiac	Arthenac	Brie-sous-Archiac	Celles	Cierzac	Germignac	Jarnac-Champagne	Lonzac	Neuillac	Saint-Ciers-Champagne	Saint-Eugène	Saint-Maigrin	Saint-Martial-sur-Né	Sainte-Lheurine
17530	Arvert
17540	Anais	Angliers	Bouhet	Le Gué-d'Alleré	Nuaillé-d'Aunis	Saint-Sauveur-d'Aunis	Vérines
17550	Dolus-d'Oléron
17560	Bourcefranc-le-Chapus
17570	Les Mathes	Saint-Augustin
17580	Le Bois-Plage-en-Ré
17590	Ars-en-Ré	Saint-Clément-des-Baleines
17600	Balanzac	Corme-Écluse	Corme-Royal	L'Éguille	La Clisse	Le Chay	Le Gua	Luchat	Médis	Nancras	Nieulle-sur-Seudre	Pisany	Sablonceaux	Saint-Romain-de-Benet	Saint-Sornin	Saujon	Thézac
17610	Chaniers	Chérac	Dompierre-sur-Charente	Saint-Sauvant
17620	Beaugeay	Champagne	Échillais	La Gripperie-Saint-Symphorien	Saint-Agnant	Saint-Jean-d'Angle
17630	La Flotte
17640	Vaux-sur-Mer
17650	Saint-Denis-d'Oléron
17670	La Couarde-sur-Mer
17690	Angoulins
17700	Breuil-la-Réorte	La Devise	Marsais	Puyravault	Saint-Georges-du-Bois	Saint-Mard	Saint-Pierre-d'Amilly	Saint-Pierre-La-Noue	Saint-Saturnin-du-Bois	Surgères	Vouhé	Péré|Saint-Pierre-La-Noue	Saint-Germain-de-Marencennes|Saint-Pierre-La-Noue
17730	Port-des-Barques
17740	Sainte-Marie-de-Ré
17750	Étaules
17770	Aujac	Aumagne	Authon-Ébéon	Bercloux	Brizambourg	Burie	Écoyeux	Juicq	Le Seure	Migron	Nantillé	Saint-Bris-des-Bois	Saint-Césaire	Saint-Hilaire-de-Villefranche	Sainte-Même	Villars-les-Bois	Ébéon|Authon-Ébéon	La Frédière|Saint-Hilaire-de-Villefranche
17780	Moëze	Saint-Froult	Saint-Nazaire-sur-Charente	Soubise
17800	Avy	Belluire	Biron	Bougneau	Brives-sur-Charente	Chadenac	Coulonges	Échebrune	Fléac-sur-Seugne	Marignac	Mazerolles	Montils	Pérignac	Pons	Rouffiac	Saint-Léger	Saint-Palais-de-Phiolin	Saint-Quantin-de-Rançanne	Saint-Seurin-de-Palenne	Saint-Sever-de-Saintonge	Salignac-sur-Charente
17810	Écurat	Nieul-lès-Saintes	Pessines	Saint-Georges-des-Coteaux
17840	La Brée-les-Bains
17870	Breuil-Magné	Loire-les-Marais
17880	Les Portes-en-Ré
17890	Chaillevette
17920	Breuillet
17940	Rivedoux-Plage
18000	Bourges
18100	Méry-sur-Cher	Saint-Georges-sur-la-Prée	Saint-Hilaire-de-Court	Thénioux	Vierzon
18110	Allogny	Fussy	Pigny	Quantilly	Saint-Éloy-de-Gy	Saint-Georges-sur-Moulon	Saint-Martin-d'Auxigny	Saint-Palais	Vasselay	Vignoux-sous-les-Aix
18120	Brinay	Cerbois	Chéry	Lazenay	Limeux	Lury-sur-Arnon	Massay	Méreau	Preuilly	Quincy
18130	Bussy	Chalivoy-Milon	Cogny	Contres	Dun-sur-Auron	Jussy-Champagne	Lantan	Osmery	Parnay	Raymond	Saint-Denis-de-Palin	Vornay
18140	Argenvières	Charentonnay	Chaumoux-Marcilly	Couy	Garigny	Groises	Herry	Jussy-le-Chaudrier	La Chapelle-Montlinard	Lugny-Champagne	Précy	Saint-Léger-le-Petit	Saint-Martin-des-Champs	Sancergues	Sévry
18150	Apremont-sur-Allier	Cuffy	Germigny-l'Exempt	La Chapelle-Hugon	La Guerche-sur-l'Aubois	Le Chautay
18160	Chezal-Benoît	Ineuil	La Celle-Condé	Lignières	Montlouis	Saint-Baudel	Saint-Hilaire-en-Lignières	Touchay	Villecelin
18170	Ardenais	Ids-Saint-Roch	Le Châtelet	Loye-sur-Arnon	Maisonnais	Marçais	Morlac	Rezay	Saint-Pierre-les-Bois
18190	Chambon	Châteauneuf-sur-Cher	Chavannes	Corquoy	Crézançay-sur-Cher	Saint-Loup-des-Chaumes	Saint-Symphorien	Serruelles	Uzay-le-Venon	Vallenay	Venesmes
18200	Ainay-le-Vieil	Arcomps	Arpheuilles	Bouzais	Bruère-Allichamps	Colombiers	Drevant	Farges-Allichamps	La Celle	La Groutte	La Perche	Meillant	Nozières	Orcenais	Orval	Saint-Amand-Montrond	Saint-Georges-de-Poisieux
18210	Bannegon	Bessais-le-Fromental	Charenton-du-Cher	Coust	Le Pondy	Saint-Pierre-les-Étieux	Thaumiers	Vernais	Verneuil
18220	Aubinges	Azy	Brécy	Les Aix-d'Angillon	Morogues	Parassy	Rians	Saint-Céols	Sainte-Solange	Soulangis
18230	Saint-Doulchard
18240	Belleville-sur-Loire	Boulleret	Léré	Sainte-Gemme-en-Sancerrois	Santranges	Savigny-en-Sancerre	Sury-près-Léré
18250	Achères	Henrichemont	Humbligny	La Chapelotte	Montigny	Neuilly-en-Sancerre	Neuvy-Deux-Clochers
18260	Assigny	Barlieu	Concressault	Dampierre-en-Crot	Jars	Le Noyer	Subligny	Sury-ès-Bois	Thou	Vailly-sur-Sauldre	Villegenon
18270	Culan	Reigny	Saint-Christophe-le-Chaudry	Saint-Maur	Sidiailles
18290	Chârost	Civray	Mareuil-sur-Arnon	Plou	Poisieux	Saint-Ambroix	Saugy
18300	Bannay	Bué	Couargues	Crézancy-en-Sancerre	Feux	Gardefort	Jalognes	Menetou-Râtel	Ménétréol-sous-Sancerre	Saint-Bouize	Saint-Satur	Sancerre	Sens-Beaujeu	Sury-en-Vaux	Thauvenay	Veaugues	Verdigny	Vinon
18310	Dampierre-en-Graçay	Genouilly	Graçay	Nohant-en-Graçay	Saint-Outrille
18320	Beffes	Cours-les-Barres	Jouet-sur-l'Aubois	Marseilles-lès-Aubigny	Menetou-Couture	Saint-Hilaire-de-Gondilly	Torteron
18330	Nançay	Neuvy-sur-Barangeon	Saint-Laurent	Vouzeron
18340	Annoix	Arçay	Corquoy	Crosses	Lapan	Levet	Lissay-Lochy	Plaimpied-Givaudins	Saint-Germain-des-Bois	Saint-Just	Senneçay	Soye-en-Septaine	Vorly
18350	Blet	Charly	Chaumont	Cornusse	Croisy	Flavigny	Ignol	Mornay-Berry	Nérondes	Osmery	Ourouer-les-Bourdelins	Saint-Hilaire-de-Gondilly	Tendron
18360	Épineuil-le-Fleuriel	Faverdines	La Celette	Saint-Vitte	Saulzais-le-Potier	Vesdun
18370	Beddes	Châteaumeillant	Préveranges	Saint-Jeanvrin	Saint-Priest-la-Marche	Saint-Saturnin
18380	Ennordres	Ivoy-le-Pré	La Chapelle-d'Angillon	Méry-ès-Bois	Presly
18390	Moulins-sur-Yèvre	Nohant-en-Goût	Osmoy	Saint-Germain-du-Puy	Saint-Michel-de-Volangis	Savigny-en-Septaine
18400	Lunery	Primelles	Saint-Caprais	Saint-Florent-sur-Cher	Villeneuve-sur-Cher
18410	Argent-sur-Sauldre	Blancafort	Brinon-sur-Sauldre	Clémont
18500	Allouis	Berry-Bouy	Foëcy	Marmagne	Mehun-sur-Yèvre	Sainte-Thorette	Vignoux-sur-Barangeon
18510	Menetou-Salon
18520	Avord	Bengy-sur-Craon
18570	La Chapelle-Saint-Ursin	Le Subdray	Morthomiers	Trouy
18600	Augy-sur-Aubois	Givardon	Grossouvre	Mornay-sur-Allier	Neuilly-en-Dun	Neuvy-le-Barrois	Sagonne	Saint-Aignan-des-Noyers	Sancoins	Vereaux
18700	Aubigny-sur-Nère	Ménétréol-sur-Sauldre	Oizon	Sainte-Montaine
18800	Baugy	Chassy	Étréchy	Farges-en-Septaine	Gron	Villabon	Villequiers
19000	Les Angles-sur-Corrèze	Tulle
19100	Brive-la-Gaillarde
19110	Bort-les-Orgues	Monestier-Port-Dieu	Sarroux - Saint Julien
19120	Altillac	Astaillac	Beaulieu-sur-Dordogne	Bilhac	Chenailler-Mascheix	La Chapelle-aux-Saints	Liourdres	Nonards	Puy-d'Arnac	Queyssac-les-Vignes	Sioniac	Tudeils	Végennes	Brivezac|Beaulieu-sur-Dordogne
19130	Lascaux	Objat	Saint-Aulaire	Saint-Bonnet-la-Rivière	Saint-Cyprien	Saint-Cyr-la-Roche	Saint-Solve	Vars-sur-Roseix	Vignols	Voutezac
19140	Condat-sur-Ganaveix	Espartignac	Eyburie	Les Trois-Saints	Uzerche	Saint-Ybard|Les Trois-Saints
19150	Chanac-les-Mines	Cornil	Espagnac	Ladignac-sur-Rondelles	Lagarde-Marc-la-Tour	Laguenne-sur-Avalouze	Pandrignes	Saint-Martial-de-Gimel	Saint-Paul	Lagarde-Enval|Lagarde-Marc-la-Tour	Laguenne|Laguenne-sur-Avalouze	Marc-la-Tour|Lagarde-Marc-la-Tour	Saint-Bonnet-Avalouze|Laguenne-sur-Avalouze
19160	Chirac-Bellevue	Lamazière-Basse	Latronche	Liginiac	Neuvic	Palisse	Roche-le-Peyroux	Saint-Étienne-la-Geneste	Saint-Hilaire-Luc	Saint-Pantaléon-de-Lapleau	Sainte-Marie-Lapanouze	Sérandon
19170	Bonnefond	Bugeat	Gourdon-Murat	L'Église-aux-Bois	Lacelle	Lestards	Pérols-sur-Vézère	Pradines	Saint-Hilaire-les-Courbes	Saint-Merd-les-Oussines	Tarnac	Toy-Viam	Viam
19190	Albignac	Aubazines	Beynat	Lanteuil	Le Chastang	Le Pescher	Ménoire	Palazinges	Sérilhac
19200	Aix	Alleyrat	Chaveroche	Confolent-Port-Dieu	Lignareix	Margerides	Mestes	Saint-Angel	Saint-Bonnet-près-Bort	Saint-Étienne-aux-Clos	Saint-Exupéry-les-Roches	Saint-Fréjoux	Saint-Pardoux-le-Neuf	Saint-Pardoux-le-Vieux	Saint-Victour	Thalamy	Ussel	Valiergues	Veyrières	La Tourette|Ussel	Saint-Dézery|Ussel
19210	Les Trois-Saints	Lubersac	Montgibaud	Saint-Éloy-les-Tuileries	Saint-Julien-le-Vendômois	Saint-Martin-Sepert|Les Trois-Saints	Saint-Pardoux-Corbier|Les Trois-Saints
19220	Auriac	Bassignac-le-Haut	Darazac	Rilhac-Xaintrie	Saint-Cirgues-la-Loutre	Saint-Geniez-ô-Merle	Saint-Julien-aux-Bois	Saint-Privat	Servières-le-Château
19230	Arnac-Pompadour	Beyssac	Beyssenac	Saint-Sornin-Lavolps	Ségur-le-Château	Troche
19240	Allassac	Saint-Viance	Varetz
19250	Ambrugeat	Combressol	Davignac	Maussac	Meymac	Saint-Sulpice-les-Bois
19260	Affieux	Peyrissac	Rilhac-Treignac	Treignac	Veix
19270	Donzenac	Sadroc	Saint-Pardoux-l'Ortigier	Sainte-Féréole	Ussac
19290	Bellechassagne	Chavanac	Millevaches	Peyrelevade	Saint-Germain-Lavolps	Saint-Rémy	Saint-Setiers	Sornac
19300	Chapelle-Spinasse	Darnets	Égletons	Grandsaigne	Montaignac-sur-Doustre	Moustier-Ventadour	Péret-Bel-Air	Rosiers-d'Égletons	Saint-Yrieix-le-Déjalat	Soudeilles
19310	Ayen	Brignac-la-Plaine	Louignac	Perpezac-le-Blanc	Saint-Robert	Segonzac	Yssandon
19320	Argentat-sur-Dordogne	Champagnac-la-Noaille	Champagnac-la-Prune	Clergoux	Gros-Chastang	Gumond	La Roche-Canillac	Lafage-sur-Sombre	Marcillac-la-Croisille	Saint-Martin-la-Méanne	Saint-Merd-de-Lapleau	Saint-Pardoux-la-Croisille	Saint-Bazile-de-la-Roche|Argentat-sur-Dordogne
19330	Chameyrat	Chanteix	Favars	Saint-Germain-les-Vergnes	Saint-Mexant
19340	Couffy-sur-Sarsonne	Courteix	Eygurande	Feyt	Lamazière-Haute	Laroche-près-Feyt	Merlines	Monestier-Merlines
19350	Chabrignac	Concèze	Juillac	Rosiers-de-Juillac
19360	Cosnac	Dampniat	La Chapelle-aux-Brocs	Malemort	Malemort-sur-Corrèze|Malemort	Venarsal|Malemort
19370	Chamberet	Soudaine-Lavinadière
19380	Albussac	Forgès	Neuville	Saint-Bonnet-Elvert	Saint-Chamant	Saint-Sylvain
19390	Beaumont	Chaumeil	Orliac-de-Bar	Saint-Augustin
19400	Argentat-sur-Dordogne	Hautefage	Monceaux-sur-Dordogne	Saint-Hilaire-Taurieux	Saint-Martial-Entraygues	Argentat|Argentat-sur-Dordogne
19410	Estivaux	Orgnac-sur-Vézère	Perpezac-le-Noir	Saint-Bonnet-l'Enfantier	Vigeois
19430	Bassignac-le-Bas	Camps-Saint-Mathurin-Léobazel	Goulles	La Chapelle-Saint-Géraud	Mercœur	Reygade	Saint-Bonnet-les-Tours-de-Merle	Saint-Julien-le-Pèlerin	Sexcles
19450	Chamboulive	Pierrefitte
19460	Naves
19470	Le Lonzac	Madranges
19490	Sainte-Fortunade
19500	Branceilles	Chauffour-sur-Vell	Collonges-la-Rouge	Curemonte	Jugeals-Nazareth	Lagleygeolle	Ligneyrac	Lostanges	Marcillac-la-Croze	Meyssac	Noailhac	Saillac	Saint-Bazile-de-Meyssac	Saint-Julien-Maumont	Turenne
19510	Benayes	Lamongerie	Masseret	Meilhards	Salon-la-Tour
19520	Cublac	Mansac
19550	Lapleau	Laval-sur-Luzège	Saint-Hilaire-Foissac	Soursac
19560	Saint-Hilaire-Peyroux
19600	Chartrier-Ferrière	Chasteaux	Estivals	Larche	Lissac-sur-Couze	Nespouls	Noailles	Saint-Cernin-de-Larche	Saint-Pantaléon-de-Larche
19700	Lagraulière	Saint-Clément	Saint-Jal	Saint-Salvadour	Seilhac
19800	Bar	Corrèze	Eyrein	Gimel-les-Cascades	Meyrignac-l'Église	Saint-Priest-de-Gimel	Sarran	Vitrac-sur-Montane
20000	Ajaccio
20090	Ajaccio
20100	Bilia	Foce	Giuncheto	Granace	Grossa	Sartène
20110	Arbellara	Belvédère-Campomoro	Propriano	Viggianello
20111	Calcatoggio	Casaglione
20112	Altagène	Mela	Olmiccia	Sainte-Lucie-de-Tallano	Zoza
20113	Olmeto
20114	Figari
20115	Piana
20116	Aullène	Zérubia
20117	Cauro	Eccica-Suarella	Ocana	Tolla
20118	Coggia	Vico
20119	Bastelica
20121	Azzana	Pastricciola	Rezza	Rosazia	Salice
20122	Quenza
20123	Cognocoli-Monticchi	Pila-Canale
20124	Zonza
20125	Orto	Poggiolo	Soccia
20126	Cristinacce	Évisa
20127	Serra-di-Scopamène
20128	Albitreccia	Grosseto-Prugna	Guargualé	Urbalacone
20129	Bastelicaccia
20130	Cargèse
20131	Pianottoli-Caldarello
20132	Zicavo
20133	Carbuccia	Ucciani
20134	Ciamannacce	Palneca	Sampolo	Tasso
20135	Conca
20136	Bocognano
20137	Lecci	Porto-Vecchio	San-Gavino-di-Carbini
20138	Coti-Chiavari
20139	Lopigna
20140	Argiusta-Moriccio	Casalabriva	Moca-Croce	Olivese	Petreto-Bicchisano	Serra-di-Ferro	Sollacaro
20141	Marignana
20142	Campo	Quasquara
20143	Fozzano	Santa-Maria-Figaniella
20144	Zonza
20145	Sari-Solenzara
20146	Sotta
20147	Osani	Partinello	Serriera
20148	Cozzano
20150	Ota
20151	Ambiegna	Arro	Cannelle	Sant'Andréa-d'Orcino	Sari-d'Orcino
20152	Sorbollano
20153	Guitera-les-Bains
20157	Frasseto
20160	Arbori	Balogna	Coggia	Guagno	Letia	Murzo	Poggiolo	Renno	Vico
20163	Tavera
20164	Cargiaca
20165	Loreto-di-Tallano
20166	Albitreccia	Cognocoli-Monticchi	Grosseto-Prugna	Pietrosella
20167	Afa	Ajaccio	Alata	Appietto	Cuttoli-Corticchiato	Peri	Sarrola-Carcopino	Tavaco	Valle-di-Mezzana	Villanova
20168	Corrano
20169	Bonifacio
20170	Carbini	Levie	San-Gavino-di-Carbini
20171	Monacia-d'Aullène
20172	Vero
20173	Zévaco
20190	Azilone-Ampaza	Cardo-Torgia	Forciolo	Santa-Maria-Siché	Zigliara
20200	Bastia	San-Martino-di-Lota	Santa-Maria-di-Lota	Ville-di-Pietrabugno
20212	Alando	Alzi	Bustanico	Castellare-di-Mercurio	Erbajolo	Favalello	Focicchia	Mazzola	Sant'Andréa-di-Bozio	Sermano
20213	Castellare-di-Casinca	Penta-di-Casinca	Pruno	San-Damiano	San-Gavino-d'Ampugnani	Scata	Sorbo-Ocagnano
20214	Calenzana	Moncale	Montegrosso	Zilia
20215	Casalta	Loreto-di-Casinca	Piano	Porri	Silvareccio	Venzolasca	Vescovato
20217	Canari	Nonza	Ogliastro	Olcani	Olmeta-di-Capocorso	Saint-Florent	Santo-Pietro-di-Tenda
20218	Castifao	Castiglione	Castineta	Gavignano	Lama	Moltifao	Morosaglia	Piedigriggio	Pietralba	Popolasca	Prato-di-Giovellina	Saliceto	Urtaca
20219	Muracciole	Vivario
20220	Algajola	Aregno	Corbara	L'Île-Rousse	Monticello	Pigna	Sant'Antonino	Santa-Reparata-di-Balagna
20221	Cervione	Sant'Andréa-di-Cotone	Santa-Maria-Poggio	Valle-di-Campoloro
20222	Brando
20224	Albertacce	Calacuccia	Casamaccioli	Corscia	Lozzi
20225	Avapessa	Cateri	Feliceto	Lavatoggio	Muro	Nessa
20226	Belgodère	Costa	Novella	Occhiatana	Palasca	Speloncato
20227	Ghisoni
20228	Barrettali	Cagnano	Luri	Pino
20229	Campana	Carcheto-Brustico	Carpineto	Monacia-d'Orezza	Nocario	Parata	Piazzole	Pie-d'Orezza	Piedicroce	Piedipartino	Polveroso	Rapaggio	Stazzona	Valle-d'Orezza	Verdèse
20230	Canale-di-Verde	Chiatra	Linguizzetta	Pero-Casevecchie	Pietra-di-Verde	Poggio-Mezzana	San-Giovanni-di-Moriani	San-Giuliano	San-Nicolao	Santa-Lucia-di-Moriani	Santa-Reparata-di-Moriani	Taglio-Isolaccio	Talasani	Velone-Orneto
20231	Venaco
20232	Oletta	Olmeta-di-Tuda	Poggio-d'Oletta	Vallecalle
20233	Pietracorbara	Sisco
20234	Felce	Novale	Ortale	Perelli	Piazzali	Pietricaggio	Piobetta	Tarrano	Valle-d'Alesani
20235	Bisinchi	Canavaggia	Castello-di-Rostino	Valle-di-Rostino
20236	Castirla	Omessa
20237	Casabianca	Croce	Ficaja	Giocatojo	La Porta	Poggio-Marinaccio	Quercitello
20238	Centuri	Morsiglia
20239	Murato	Rutali
20240	Chisa	Ghisonaccia	Lugo-di-Nazza	Poggio-di-Nazza	Solaro	Ventiseri
20242	Noceta	Pietroso	Rospigliani	Vezzani
20243	Isolaccio-di-Fiumorbo	Prunelli-di-Fiumorbo	San-Gavino-di-Fiumorbo	Serra-di-Fiumorbo
20244	Aiti	Cambia	Carticasi	Érone	Lano	Rusio	San-Lorenzo
20245	Galéria	Manso
20246	Piève	Rapale	San-Gavino-di-Tenda	Santo-Pietro-di-Tenda	Sorio
20247	Rogliano
20248	Rogliano	Tomino
20250	Casanova	Corte	Poggio-di-Venaco	Riventosa	Santa-Lucia-di-Mercurio	Santo-Pietro-di-Venaco	Soveria	Tralonca
20251	Altiani	Giuncaggio	Pancheraccia	Piedicorte-di-Gaggio	Pietraserena
20252	Bigorno	Campitello	Lento
20253	Barbaggio	Farinole	Patrimonio
20256	Corbara
20259	Mausoléo	Olmi-Cappella	Pioggiola	Vallica
20260	Calenzana	Calvi	Lumio
20270	Aghione	Aléria	Antisanti	Campi	Casevecchie	Matra	Moïta	Pancheraccia	Tallone	Tox
20272	Ampriani	Pianello	Zalana	Zuani
20275	Ersa
20276	Asco
20279	Ville-di-Paraso
20287	Meria
20290	Borgo	Campile	Crocicchia	Lucciana	Monte	Olmo	Ortiporio	Penta-Acquatella	Prunelli-di-Casacconi	Scolca	Vignale	Volpajola
20600	Bastia	Furiani
20620	Biguglia
21000	Dijon
21110	Aiserey	Beire-le-Fort	Bessey-lès-Cîteaux	Bretenière	Cessey-sur-Tille	Chambeire	Collonges-et-Premières	Échigey	Fauverney	Genlis	Izeure	Izier	Labergement-Foigney	Longchamp	Longeault-Pluvault	Longecourt-en-Plaine	Magny-sur-Tille	Marliens	Pluvet	Rouvres-en-Plaine	Soirans	Tart	Tart-le-Bas	Thorey-en-Plaine	Varanges	Collonges-lès-Premières|Collonges-et-Premières	Longeault|Longeault-Pluvault	Pluvault|Longeault-Pluvault	Premières|Collonges-et-Premières	Tart-l'Abbaye|Tart	Tart-le-Haut|Tart
21120	Avelanges	Chaignay	Courtivron	Crécey-sur-Tille	Diénay	Échevannes	Frénois	Gemeaux	Is-sur-Tille	Lux	Marcilly-sur-Tille	Marey-sur-Tille	Moloy	Pichanges	Poiseul-lès-Saulx	Saulx-le-Duc	Spoy	Tarsul	Til-Châtel	Vernot	Villecomte	Villey-sur-Tille
21121	Ahuy	Daix	Darois	Étaules	Fontaine-lès-Dijon	Hauteville-lès-Dijon	Val-Suzon
21130	Athée	Auxonne	Billey	Champdôtre	Flagey-lès-Auxonne	Flammerans	Labergement-lès-Auxonne	Les Maillys	Magny-Montarlot	Poncey-lès-Athée	Pont	Saint-Seine-en-Bâche	Tillenay	Tréclun	Villers-les-Pots	Villers-Rotin
21140	Charigny	Courcelles-lès-Semur	Genay	Juilly	Lantilly	Le Val-Larrey	Magny-la-Ville	Massingy-lès-Semur	Millery	Montigny-sur-Armançon	Pont-et-Massène	Saint-Euphrône	Semur-en-Auxois	Souhey	Vic-de-Chassenay	Villars-et-Villenotte	Villeneuve-sous-Charigny	Flée|Le Val-Larrey
21150	Alise-Sainte-Reine	Bussy-le-Grand	Chassey	Corpoyer-la-Chapelle	Darcey	Flavigny-sur-Ozerain	Frôlois	Gissey-sous-Flavigny	Grésigny-Sainte-Reine	Grignon	Hauteroche	Jailly-les-Moulins	La Roche-Vanneau	Lucenay-le-Duc	Marigny-le-Cahouët	Ménétreux-le-Pitois	Mussy-la-Fosse	Pouillenay	Seigny	Thenissey	Venarey-les-Laumes
21160	Corcelles-les-Monts	Couchey	Flavignerot	Marsannay-la-Côte	Perrigny-lès-Dijon
21170	Aubigny-en-Plaine	Charrey-sur-Saône	Échenon	Esbarres	Franxault	Laperrière-sur-Saône	Losne	Magny-lès-Aubigny	Montot	Saint-Jean-de-Losne	Saint-Symphorien-sur-Saône	Saint-Usage	Samerey	Trouhans
21190	Auxey-Duresses	Chassagne-Montrachet	Corcelles-les-Arts	Corpeau	Ébaty	Mavilly-Mandelot	Meloisey	Merceuil	Meursault	Monthelie	Nantoux	Puligny-Montrachet	Saint-Aubin	Saint-Romain	Tailly	Volnay
21200	Beaune	Bligny-lès-Beaune	Bouze-lès-Beaune	Chevigny-en-Valière	Chorey-les-Beaune	Combertault	Levernois	Marigny-lès-Reullée	Meursanges	Montagny-lès-Beaune	Ruffey-lès-Beaune	Sainte-Marie-la-Blanche	Vignoles
21210	Champeau-en-Morvan	Juillenay	La Motte-Ternant	Lacour-d'Arcenay	Missery	Molphey	Montlay-en-Auxois	Saint-Didier	Saint-Martin-de-la-Mer	Saulieu	Thoisy-la-Berchère	Villargoix
21220	Bévy	Brochon	Broindon	Chambolle-Musigny	Chambœuf	Chevannes	Collonges-lès-Bévy	Curley	Curtil-Vergy	Détain-et-Bruant	Épernay-sous-Gevrey	Fixin	Gevrey-Chambertin	L'Étang-Vergy	Messanges	Morey-Saint-Denis	Reulle-Vergy	Saint-Philibert	Segrois	Semezanges	Ternant	Urcy	Valforêt
21230	Allerey	Antigny-la-Ville	Arnay-le-Duc	Champignolles	Clomot	Culètre	Cussy-le-Châtel	Foissy	Jouey	Lacanche	Le Fête	Longecourt-lès-Culêtre	Magnien	Maligny	Mimeure	Musigny	Saint-Pierre-en-Vaux	Saint-Prix-lès-Arnay	Viévy	Voudenay
21240	Talant
21250	Auvillars-sur-Saône	Bonnencontre	Bousselange	Broin	Chamblanc	Corberon	Corgengoux	Glanon	Grosbois-lès-Tichey	Jallanges	Labruyère	Lanthes	Lechâtelet	Montagny-lès-Seurre	Montmain	Pagny-la-Ville	Pagny-le-Château	Pouilly-sur-Saône	Seurre	Tichey	Trugny	Villy-le-Moutier
21260	Boussenois	Chazeuil	Foncegrive	Orville	Sacquenay	Selongey	Vernois-lès-Vesvres	Véronnes
21270	Binges	Cirey-lès-Pontailler	Cléry	Drambon	Étevaux	Heuilley-sur-Saône	Marandeuil	Maxilly-sur-Saône	Montmançon	Perrigny-sur-l'Ognon	Pontailler-sur-Saône	Saint-Léger-Triey	Saint-Sauveur	Soissons-sur-Nacey	Talmay	Tellecey	Vielverge	Vonges
21290	Beneuvre	Bure-les-Templiers	Buxerolles	Chambain	Chaugey	Essarois	Faverolles-lès-Lucey	Gurgy-la-Ville	Gurgy-le-Château	Leuglay	Lucey	Menesble	Montmoyen	Recey-sur-Ource	Saint-Broing-les-Moines	Terrefondrée	Voulaines-les-Templiers
21300	Chenôve
21310	Arceau	Beaumont-sur-Vingeanne	Beire-le-Châtel	Belleneuve	Bèze	Bézouotte	Blagny-sur-Vingeanne	Champagne-sur-Vingeanne	Charmes	Cheuge	Cuiserey	Dampierre-et-Flée	Jancigny	Magny-Saint-Médard	Mirebeau-sur-Bèze	Noiron-sur-Bèze	Oisilly	Renève	Savolles	Tanay	Trochères	Viévigne
21320	Arconcey	Bellenot-sous-Pouilly	Beurey-Bauguay	Blancey	Chailly-sur-Armançon	Châteauneuf	Châtellenot	Chazilly	Civry-en-Montagne	Commarin	Créancey	Éguilly	Essey	Maconge	Marcilly-Ogny	Martrois	Meilly-sur-Rouvres	Mont-Saint-Jean	Pouilly-en-Auxois	Rouvres-sous-Meilly	Sainte-Sabine	Semarey	Thoisy-le-Désert	Vandenesse-en-Auxois
21330	Balot	Bissey-la-Pierre	Bouix	Cérilly	Channay	Fontaines-les-Sèches	Griselles	Laignes	Larrey	Marcenay	Molesme	Nesle-et-Massoult	Nicey	Poinçon-lès-Larrey	Verdonnet	Vertault	Villedieu
21340	Aubigny-la-Ronce	Baubigny	Change	Cormot-Vauchignon	La Rochepot	Molinot	Nolay	Santosse	Thury	Val-Mont
21350	Arnay-sous-Vitteaux	Avosnes	Beurizot	Boussey	Brain	Charny	Dampierre-en-Montagne	Gissey-le-Vieil	Marcellois	Marcilly-et-Dracy	Massingy-lès-Vitteaux	Posanges	Saffres	Saint-Thibault	Sainte-Colombe-en-Auxois	Soussey-sur-Brionne	Thorey-sous-Charny	Uncey-le-Franc	Velogny	Vesvres	Villeberny	Villeferry	Villy-en-Auxois	Vitteaux
21360	Antheuil	Aubaine	Auxant	Bessey-en-Chaume	Bessey-la-Cour	Bligny-sur-Ouche	Bouhey	Chaudenay-la-Ville	Chaudenay-le-Château	Colombier	Crugey	Cussy-la-Colonne	Écutigny	La Bussière-sur-Ouche	Lusigny-sur-Ouche	Montceau-et-Écharnant	Painblanc	Saussey	Thomirey	Thorey-sur-Ouche	Veilly	Veuvey-sur-Ouche	Vic-des-Prés
21370	Lantenay	Pasques	Plombières-lès-Dijon	Prenois	Velars-sur-Ouche
21380	Asnières-lès-Dijon	Curtil-Saint-Seine	Épagny	Marsannay-le-Bois	Messigny-et-Vantoux	Saussy	Savigny-le-Sec
21390	Aisy-sous-Thil	Braux	Brianny	Clamerey	Dompierre-en-Morvan	Fontangy	Le Val-Larrey	Marcigny-sous-Thil	Montigny-Saint-Barthélemy	Nan-sous-Thil	Noidan	Normier	Précy-sous-Thil	Roilly	Vic-sous-Thil	Bierre-lès-Semur|Le Val-Larrey
21400	Aisey-sur-Seine	Ampilly-le-Sec	Brémur-et-Vaurois	Buncey	Chamesson	Charrey-sur-Seine	Châtillon-sur-Seine	Chaumont-le-Bois	Chemin-d'Aisey	Coulmier-le-Sec	Étrochey	Gomméville	Maisey-le-Duc	Massingy	Montliot-et-Courcelles	Mosson	Nod-sur-Seine	Noiron-sur-Seine	Obtrée	Pothières	Prusly-sur-Ource	Puits	Sainte-Colombe-sur-Seine	Vannaire	Vanvey	Villers-Patras	Villiers-le-Duc	Villotte-sur-Ource	Vix
21410	Agey	Ancey	Arcey	Barbirey-sur-Ouche	Baulme-la-Roche	Fleurey-sur-Ouche	Gergueil	Gissey-sur-Ouche	Mâlain	Prâlon	Saint-Jean-de-Bœuf	Saint-Victor-sur-Ouche	Sainte-Marie-sur-Ouche
21420	Aloxe-Corton	Bouilland	Échevronne	Pernand-Vergelesses	Savigny-lès-Beaune
21430	Bard-le-Régulier	Blanot	Brazey-en-Morvan	Censerey	Diancey	Liernais	Manlay	Marcheseuil	Ménessaire	Savilly	Sussey	Vianges	Villiers-en-Morvan
21440	Bligny-le-Sec	Champagny	Chanceaux	Francheville	Lamargelle	Léry	Pellerey	Poiseul-la-Grange	Poncey-sur-l'Ignon	Saint-Martin-du-Mont	Saint-Seine-l'Abbaye	Trouhaut	Vaux-Saules
21450	Ampilly-les-Bordes	Baigneux-les-Juifs	Billy-lès-Chanceaux	Chaume-lès-Baigneux	Étormay	Fontaines-en-Duesmois	Jours-lès-Baigneux	La Villeneuve-les-Convers	Magny-Lambert	Oigny	Orret	Poiseul-la-Ville-et-Laperrière	Saint-Marc-sur-Seine	Semond	Villaines-en-Duesmois
21460	Bard-lès-Époisses	Corrombles	Corsaint	Courcelles-Frémoy	Époisses	Forléans	Jeux-lès-Bard	Montberthault	Thoste	Torcy-et-Pouligny	Toutry	Vieux-Château
21470	Brazey-en-Plaine
21490	Bellefond	Bretigny	Brognon	Clénay	Flacey	Norges-la-Ville	Orgeux	Ruffey-lès-Echirey	Saint-Julien	Varois-et-Chaignot
21500	Arrans	Asnières-en-Montagne	Athie	Benoisey	Buffon	Champ-d'Oiseau	Courcelles-lès-Montbard	Crépand	Éringes	Étais	Fain-lès-Montbard	Fain-lès-Moutiers	Fresnes	Marmagne	Montbard	Montigny-Montfort	Moutiers-Saint-Jean	Nogent-lès-Montbard	Planay	Quincerot	Quincy-le-Vicomte	Rougemont	Saint-Germain-lès-Senailly	Saint-Rémy	Savoisy	Senailly	Touillon	Villaines-les-Prévôtes	Viserny
21510	Aignay-le-Duc	Beaulieu	Beaunotte	Bellenod-sur-Seine	Busseaut	Duesme	Échalot	Étalante	Mauvilly	Meulson	Minot	Moitron	Origny	Quemigny-sur-Seine	Rochefort-sur-Brévon	Saint-Germain-le-Rocheux
21520	Bissey-la-Côte	Boudreville	Courban	Gevrolles	La Chaume	Les Goulles	Lignerolles	Louesme	Montigny-sur-Aube	Veuxhaulles-sur-Aube
21530	La Roche-en-Brenil	Rouvray	Saint-Andeux	Saint-Germain-de-Modéon	Sincey-lès-Rouvray
21540	Aubigny-lès-Sombernon	Blaisy-Bas	Blaisy-Haut	Bussy-la-Pesle	Chevannay	Drée	Échannay	Grenant-lès-Sombernon	Grosbois-en-Montagne	Mesmont	Montoillot	Panges	Remilly-en-Montagne	Saint-Anthot	Saint-Mesmin	Savigny-sous-Mâlain	Sombernon	Turcey	Verrey-sous-Drée	Vieilmoulin
21550	Ladoix-Serrigny
21560	Arc-sur-Tille	Bressey-sur-Tille	Couternon	Remilly-sur-Tille
21570	Autricourt	Belan-sur-Ource	Brion-sur-Ource	Grancey-sur-Ource	Riel-les-Eaux	Thoires
21580	Avot	Barjon	Busserotte-et-Montenaille	Bussières	Courlon	Cussey-les-Forges	Fraignot-et-Vesvrotte	Grancey-le-Château-Neuvelle	Le Meix	Salives	Neuvelle-lès-Grancey|Grancey-le-Château-Neuvelle
21590	Santenay
21600	Fénay	Longvic	Ouges
21610	Bourberain	Chaume-et-Courchamp	Fontaine-Française	Fontenelle	Licey-sur-Vingeanne	Montigny-Mornay-Villeneuve-sur-Vingeanne	Orain	Pouilly-sur-Vingeanne	Saint-Maurice-sur-Vingeanne	Saint-Seine-sur-Vingeanne	La Villeneuve-sur-Vingeanne|Montigny-Mornay-Villeneuve-sur-Vingeanne	Mornay|Montigny-Mornay-Villeneuve-sur-Vingeanne
21630	Pommard
21640	Flagey-Echézeaux	Gilly-lès-Cîteaux	Vougeot
21690	Boux-sous-Salmaise	Champrenault	Charencey	Saint-Hélier	Salmaise	Source-Seine	Verrey-sous-Salmaise	Villotte-Saint-Seine
21700	Agencourt	Arcenant	Argilly	Bagnot	Boncourt-le-Bois	Chaux	Comblanchien	Corgoloin	Fussey	Gerland	Magny-lès-Villers	Marey-lès-Fussey	Meuilley	Nuits-Saint-Georges	Premeaux-Prissey	Quincey	Saint-Bernard	Saint-Nicolas-lès-Cîteaux	Villars-Fontaine	Villebichot	Villers-la-Faye	Vosne-Romanée
21760	Lamarche-sur-Saône
21800	Chevigny-Saint-Sauveur	Neuilly-Crimolois	Quetigny	Sennecey-lès-Dijon	Crimolois|Neuilly-Crimolois	Neuilly-lès-Dijon|Neuilly-Crimolois
21820	Chivres	Labergement-lès-Seurre
21850	Saint-Apollinaire
21910	Barges	Corcelles-lès-Cîteaux	Noiron-sous-Gevrey	Saulon-la-Chapelle	Saulon-la-Rue	Savouges
22000	Saint-Brieuc
22100	Aucaleuc	Bobital	Brusvily	Calorguen	Dinan	Lanvallay	Le Hinglé	Quévert	Saint-Carné	Saint-Hélen	Saint-Samson-sur-Rance	Taden	Trélivan	Trévron	Léhon|Dinan
22110	Glomel	Kergrist-Moëlou	Mellionnec	Plouguernével	Plounévez-Quintin	Rostrenen	Trémargat
22120	Hillion	Pommeret	Quessoy	Yffiniac
22130	Bourseul	Corseul	Créhen	Landébia	Languenan	Plancoët	Plorec-sur-Arguenon	Saint-Lormel	Val-d'Arguenon	Pléven|Val-d'Arguenon	Pluduno|Val-d'Arguenon
22140	Bégard	Berhet	Brélidy	Cavan	Coatascorn	Kermoroc'h	Landebaëron	Pluzunet	Prat	Saint-Laurent	Tonquédec
22150	Gausson	Hénon	Plémy	Plouguenast-Langast	Plœuc-L'Hermitage	Saint-Carreuc	L'Hermitage-Lorge|Plœuc-L'Hermitage	Langast|Plouguenast-Langast	Plouguenast|Plouguenast-Langast
22160	Bulat-Pestivien	Calanhel	Callac	Carnoët	Duault	La Chapelle-Neuve	Lohuec	Maël-Pestivien	Plourac'h	Plusquellec	Saint-Nicodème	Saint-Servais
22170	Boqueho	Bringolo	Châtelaudren-Plouagat	Lanrodec	Plélo	Plerneuf	Plouvara	Saint-Jean-Kerdaniel	Châtelaudren|Châtelaudren-Plouagat	Plouagat|Châtelaudren-Plouagat
22190	Plérin
22200	Grâces	Guingamp	Le Merzer	Moustéru	Pabu	Plouisy	Pommerit-le-Vicomte	Saint-Agathon	Squiffiec	Trégonneau
22210	La Chèze	La Prénessaye	Plémet	Plumieux	Saint-Étienne-du-Gué-de-l'Isle	Coëtlogon|Plumieux	La Ferrière|Plémet	Le Cambout|Plumieux
22220	Minihy-Tréguier	Plouguiel	Trédarzec	Tréguier
22230	Gomené	Illifaut	Laurenan	Loscouët-sur-Meu	Merdrignac	Mérillac	Saint-Vran	Trémorel	Saint-Launeuc|Merdrignac
22240	Fréhel	La Bouillie	Plévenon	Plurien
22250	Broons	Éréac	Lanrelas	Plumaugat	Rouillac	Sévignac	Trédias	Trémeur
22260	Ploëzal	Plouëc-du-Trieux	Pontrieux	Quemper-Guézennec	Runan	Saint-Clet
22270	Jugon-les-Lacs	Mégrit	Plédéliac	Saint-Rieul
22290	Gommenec'h	Goudelin	Lanleff	Lannebert	Lanvollon	Le Faouët	Pléguien	Pléhédel	Pludual	Saint-Gilles-les-Bois	Tréguidel	Tréméven	Tressignaux	Trévérec
22300	Caouënnec-Lanvézéac	Lanmérin	Lannion	Ploubezre	Ploulec'h	Ploumilliau	Rospez	Saint-Michel-en-Grève	Trédrez-Locquémeau
22310	Plestin-les-Grèves	Plufur	Tréduder	Trémel
22320	Corlay	La Harmoye	Le Bodéo	Le Haut-Corlay	Plussulien	Saint-Martin-des-Prés	Saint-Mayeux
22330	Le Mené	Collinée|Le Mené	Langourla|Le Mené	Le Gouray|Le Mené	Plessala|Le Mené	Saint-Gilles-du-Mené|Le Mené	Saint-Gouéno|Le Mené	Saint-Jacut-du-Mené|Le Mené
22340	Le Moustoir	Locarn	Maël-Carhaix	Paule	Plévin	Trébrivan	Treffrin	Tréogan
22350	Caulnes	Guenroc	Guitté	La Chapelle-Blanche	Plumaudan	Saint-Jouan-de-l'Isle	Saint-Maden	Yvignac-la-Tour
22360	Langueux
22370	Pléneuf-Val-André
22380	Saint-Cast-le-Guildo
22390	Bourbriac	Gurunhuel	Pont-Melvez	Saint-Adrien
22400	Andel	Coëtmieux	Hénansal	Lamballe-Armor	Landéhen	Noyal	Quintenic	Saint-Alban	Saint-Denoual	Lamballe|Lamballe-Armor	Meslin|Lamballe-Armor	Morieux|Lamballe-Armor	Planguenoual|Lamballe-Armor
22410	Lantic	Plourhan	Saint-Quay-Portrieux	Tréveneuc
22420	Lanvellec	Le Vieux-Marché	Plouaret	Plouzélambre	Trégrom
22430	Erquy
22440	La Méaugon	Ploufragan	Trémuson
22450	Camlez	Coatréven	Kermaria-Sulard	La Roche-Jaudy	Langoat	Mantallot	Quemperven	Trézény	Troguéry	Hengoat|La Roche-Jaudy	La Roche-Derrien|La Roche-Jaudy	Pommerit-Jaudy|La Roche-Jaudy	Pouldouran|La Roche-Jaudy
22460	Allineuc	Grâce-Uzel	Le Quillio	Merléac	Saint-Hervé	Saint-Thélo	Uzel
22470	Plouézec
22480	Canihuel	Kerien	Kerpert	Lanrivain	Magoar	Peumerit-Quintin	Saint-Connan	Saint-Gilles-Pligeaux	Saint-Nicolas-du-Pélem	Sainte-Tréphine
22490	Langrolay-sur-Rance	Pleslin-Trigavou	Plouër-sur-Rance	Tréméreuc
22500	Kerfot	Paimpol
22510	Bréhand	Moncontour	Penguily	Saint-Glen	Saint-Trimoël	Trébry	Trédaniel
22520	Binic-Étables-sur-Mer	Binic|Binic-Étables-sur-Mer
22530	Caurel	Guerlédan	Saint-Connec	Saint-Gilles-Vieux-Marché	Mûr-de-Bretagne|Guerlédan	Saint-Guen|Guerlédan
22540	Louargat	Pédernec	Tréglamus
22550	Hénanbihen	Matignon	Pléboulle	Ruca	Saint-Pôtan
22560	Pleumeur-Bodou	Trébeurden
22570	Bon Repos sur Blavet	Gouarec	Lescouët-Gouarec	Plélauff	Saint-Igeaux	Laniscat|Bon Repos sur Blavet	Perret|Bon Repos sur Blavet	Saint-Gelven|Bon Repos sur Blavet
22580	Lanloup	Plouha
22590	Pordic	Trégomeur
22600	Hémonstoir	La Motte	Loudéac	Saint-Barnabé	Saint-Caradec	Saint-Maudan	Trévé
22610	Kerbors	Lanmodez	Pleubian
22620	Ploubazlanec
22630	Évran	Le Quiou	Les Champs-Géraux	Saint-André-des-Eaux	Saint-Judoce	Saint-Juvat	Tréfumel
22640	La Malhoure	Plénée-Jugon	Plestan	Tramain
22650	Beaussais-sur-Mer	Plessix-Balisson|Beaussais-sur-Mer	Ploubalay|Beaussais-sur-Mer	Trégon|Beaussais-sur-Mer
22660	Trélévern	Trévou-Tréguignec
22680	Binic-Étables-sur-Mer	Étables-sur-Mer|Binic-Étables-sur-Mer
22690	La Vicomté-sur-Rance	Pleudihen-sur-Rance
22700	Louannec	Perros-Guirec	Saint-Quay-Perros
22710	Penvénan
22720	Plésidy	Saint-Fiacre	Saint-Péver	Senven-Léhart
22730	Trégastel
22740	Lézardrieux	Pleudaniel	Pleumeur-Gautier
22750	Saint-Jacut-de-la-Mer
22770	Lancieux
22780	Loguivy-Plougras	Plougras	Plounérin
22800	Cohiniac	Lanfains	Le Fœil	Le Leslay	Le Vieux-Bourg	Plaine-Haute	Quintin	Saint-Bihy	Saint-Brandan	Saint-Donan	Saint-Gildas
22810	Belle-Isle-en-Terre	Loc-Envel	Plougonver	Plounévez-Moëdec
22820	Plougrescant
22830	Plouasne
22860	Plourivo
22870	Île-de-Bréhat
22930	Yvias
22940	Plaintel	Saint-Julien
22950	Trégueux
22960	Plédran
22970	Coadout	Ploumagoar
22980	La Landec	Languédias	Plélan-le-Petit	Saint-Maudez	Saint-Méloir-des-Bois	Saint-Michel-de-Plélan	Trébédan	Vildé-Guingalan
23000	Anzême	Guéret	La Brionne	La Chapelle-Taillefert	La Saunière	Peyrabout	Saint-Christophe	Saint-Éloi	Saint-Fiel	Saint-Laurent	Saint-Léger-le-Guérétois	Saint-Sulpice-le-Guérétois	Saint-Victor-en-Marche	Sainte-Feyre	Savennes
23100	Féniers	La Courtine	Le Mas-d'Artige	Saint-Martial-le-Vieux	Saint-Merd-la-Breuille	Saint-Oradoux-de-Chirouze
23110	Chambonchard	Évaux-les-Bains	Fontanières	Reterre	Saint-Julien-la-Genête	Saint-Priest	Sannat
23120	Banize	Vallière
23130	Chénérailles	Issoudun-Létrieix	Le Chauchet	Peyrat-la-Nonière	Pierrefitte	Puy-Malsignat	Saint-Chabrais	Saint-Dizier-la-Tour	Saint-Julien-le-Châtel	Saint-Loup
23140	Cressat	Domeyrot	Jarnages	Parsac	Pionnat	Saint-Silvain-sous-Toulx	Vigeville	Blaudeix|Parsac
23150	Ahun	Lavaveix-les-Mines	Lépinas	Maisonnisses	Mazeirat	Moutier-d'Ahun	Saint-Hilaire-la-Plaine	Saint-Martial-le-Mont	Saint-Pardoux-les-Cards	Saint-Yrieix-les-Bois	Sous-Parsat
23160	Azerables	Bazelat	Crozant	La Chapelle-Baloue	Saint-Germain-Beaupré	Saint-Sébastien
23170	Auge	Budelière	Chambon-sur-Voueize	Lépaud	Lussat	Nouhant	Tardes	Verneiges	Viersat
23190	Bellegarde-en-Marche	Champagnat	La Serre-Bussière-Vieille	Lupersat	Mautes	Saint-Domet	Saint-Silvain-Bellegarde
23200	Alleyrat	Aubusson	Blessac	Bosroger	La Chaussade	Moutier-Rozeille	Néoux	Saint-Alpinien	Saint-Amand	Saint-Avit-de-Tardes	Saint-Maixant	Saint-Marc-à-Frongier	Saint-Médard-la-Rochette	Saint-Pardoux-le-Neuf
23210	Arrènes	Augères	Aulon	Azat-Châtenet	Bénévent-l'Abbaye	Ceyroux	Marsac	Mourioux-Vieilleville
23220	Bonnat	Chambon-Sainte-Croix	Champsanglard	Chéniers	Jouillat	Le Bourg-d'Hem	Linard-Malval	Mortroux	Moutier-Malcard
23230	Bord-Saint-Georges	Gouzon	La Celle-sous-Gouzon	Trois-Fonds	Gouzougnat|Gouzon
23240	Chamborand	Le Grand-Bourg	Lizières	Saint-Priest-la-Plaine
23250	Chavanat	Janaillat	La Chapelle-Saint-Martial	La Pouge	Pontarion	Saint-Georges-la-Pouge	Saint-Hilaire-le-Château	Sardent	Soubrebost	Thauron	Vidaillat
23260	Basville	Beissat	Crocq	Flayat	La Mazière-aux-Bons-Hommes	La Villeneuve	La Villetelle	Magnat-l'Étrange	Malleret	Pontcharraud	Saint-Agnant-près-Crocq	Saint-Bard	Saint-Maurice-près-Crocq	Saint-Oradoux-près-Crocq	Saint-Pardoux-d'Arnet
23270	Bétête	Châtelus-Malvaleix	Clugnat	Jalesches	Ladapeyre	Roches	Saint-Dizier-les-Domaines
23290	Fursac
23300	La Souterraine	Noth	Saint-Agnant-de-Versillat	Saint-Léger-Bridereix	Saint-Maurice-la-Souterraine	Saint-Priest-la-Feuille	Vareilles
23320	Bussière-Dunoise	Fleurat	Gartempe	Montaigut-le-Blanc	Saint-Silvain-Montaigut	Saint-Vaury
23340	Faux-la-Montagne	Gentioux-Pigerolles	La Villedieu	Pigerolles|Gentioux-Pigerolles
23350	Genouillac	La Cellette	Nouziers	Tercillat
23360	La Forêt-du-Temple	Lourdoueix-Saint-Pierre	Méasnes	Nouzerolles
23380	Ajain	Glénic
23400	Auriat	Bosmoreau-les-Mines	Bourganeuf	Faux-Mazuras	Mansat-la-Courrière	Montboucher	Saint-Amand-Jartoudeix	Saint-Dizier-Masbaraud	Saint-Junien-la-Bregère	Saint-Moreil	Saint-Pardoux-Morterolles	Saint-Priest-Palus	Masbaraud-Mérignat|Saint-Dizier-Masbaraud	Saint-Dizier-Leyrenne|Saint-Dizier-Masbaraud
23420	Mérinchal
23430	Châtelus-le-Marcheix	Saint-Goussaud	Saint-Martin-Sainte-Catherine	Saint-Pierre-Chérignat
23450	Fresselines
23460	Le Monteil-au-Vicomte	Royère-de-Vassivière	Saint-Marc-à-Loubaud	Saint-Martin-Château	Saint-Pierre-Bellevue	Saint-Yrieix-la-Montagne
23480	Ars	Chamberaud	Fransèches	Le Donzeil	Saint-Avit-le-Pauvre	Saint-Michel-de-Veisse	Saint-Sulpice-les-Champs
23500	Clairavaux	Croze	Felletin	Gioux	La Nouaille	Poussanges	Saint-Frion	Saint-Georges-Nigremont	Saint-Quentin-la-Chabanne	Sainte-Feyre-la-Montagne
23600	Boussac	Boussac-Bourg	Bussière-Saint-Georges	Lavaufranche	Leyrat	Malleret-Boussac	Nouzerines	Saint-Marien	Saint-Pierre-le-Bost	Saint-Silvain-Bas-le-Roc	Soumans	Toulx-Sainte-Croix
23700	Arfeuille-Châtain	Auzances	Brousse	Bussière-Nouvelle	Chard	Charron	Châtelard	Dontreix	Le Compas	Les Mars	Lioux-les-Monges	Mainsat	Rougnat	Sermur
23800	Colondannes	Dun-le-Palestel	La Celle-Dunoise	Lafat	Maison-Feyne	Naillat	Sagnat	Saint-Sulpice-le-Dunois	Villard
24000	Périgueux
24100	Bergerac	Creysse	Lembras	Saint-Laurent-des-Vignes
24110	Bourrou	Grignols	Léguillac-de-l'Auche	Manzac-sur-Vern	Montrem	Saint-Aquilin	Saint-Astier	Saint-Léon-sur-l'Isle
24120	Beauregard-de-Terrasson	Châtres	Coly-Saint-Amand	La Cassagne	La Dornac	La Feuillade	Les Coteaux Périgourdins	Pazayac	Terrasson-Lavilledieu	Villac	Chavagnac|Les Coteaux Périgourdins	Coly|Coly-Saint-Amand	Grèzes|Les Coteaux Périgourdins
24130	Bosset	Eyraud-Crempse-Maurens	Fraisse	Ginestet	La Force	Le Fleix	Lunas	Monfaucon	Prigonrieux	Saint-Georges-Blancaneix	Saint-Pierre-d'Eyraud	Laveyssière|Eyraud-Crempse-Maurens
24140	Beauregard-et-Bassac	Beleymas	Campsegret	Clermont-de-Beauregard	Douville	Eyraud-Crempse-Maurens	Jaure	Montagnac-la-Crempse	Queyssac	Saint-Georges-de-Montclard	Saint-Hilaire-d'Estissac	Saint-Jean-d'Estissac	Saint-Martin-des-Combes	Villamblard	Maurens|Eyraud-Crempse-Maurens	Saint-Jean-d'Eyraud|Eyraud-Crempse-Maurens	Saint-Julien-de-Crempse|Eyraud-Crempse-Maurens
24150	Badefols-sur-Dordogne	Baneuil	Bayac	Bourniquel	Calès	Cause-de-Clérans	Couze-et-Saint-Front	Lalinde	Lanquais	Mauzac-et-Grand-Castang	Pontours	Pressignac-Vicq	Saint-Capraise-de-Lalinde	Varennes	Grand-Castang|Mauzac-et-Grand-Castang
24160	Anlhiac	Clermont-d'Excideuil	Excideuil	Génis	Preyssac-d'Excideuil	Saint-Germain-des-Prés	Saint-Jory-las-Bloux	Saint-Martial-d'Albarède	Saint-Médard-d'Excideuil	Saint-Pantaly-d'Excideuil	Saint-Raphaël	Sainte-Trie	Salagnac
24170	Carves	Cladech	Doissat	Grives	Larzac	Monplaisant	Orliac	Pays de Belvès	Sagelat	Saint-Germain-de-Belvès	Saint-Laurent-la-Vallée	Saint-Pardoux-et-Vielvic	Saint-Pompon	Sainte-Foy-de-Belvès	Salles-de-Belvès	Siorac-en-Périgord	Belvès|Pays de Belvès	Saint-Amand-de-Belvès|Pays de Belvès
24190	Chantérac	Douzillac	Neuvic	Saint-André-de-Double	Saint-Germain-du-Salembre	Saint-Jean-d'Ataux	Saint-Séverin-d'Estissac	Saint-Vincent-de-Connezac	Vallereuil
24200	Carsac-Aillac	Marcillac-Saint-Quentin	Proissans	Saint-André-d'Allas	Saint-Vincent-le-Paluel	Sainte-Nathalène	Sarlat-la-Canéda	Vitrac
24210	Ajat	Azerat	Bars	Brouchaud	Fossemagne	Gabillou	La Bachellerie	Limeyrat	Montagnac-d'Auberoche	Peyrignac	Saint-Rabier	Sainte-Orse	Thenon
24220	Allas-les-Mines	Berbiguières	Beynac-et-Cazenac	Castels et Bézenac	Coux et Bigaroque-Mouzens	Marnac	Meyrals	Saint-Cyprien	Saint-Vincent-de-Cosse	Vézac
24230	Bonneville-et-Saint-Avit-de-Fumadières	Lamothe-Montravel	Montazeau	Montcaret	Nastringues	Saint-Antoine-de-Breuilh	Saint-Michel-de-Montaigne	Saint-Seurin-de-Prats	Saint-Vivien	Vélines
24240	Cunèges	Gageac-et-Rouillac	Mescoules	Monbazillac	Monestier	Pomport	Razac-de-Saussignac	Ribagnac	Rouffignac-de-Sigoulès	Saussignac	Sigoulès-et-Flaugeac	Thénac
24250	Bouzic	Castelnaud-la-Chapelle	Cénac-et-Saint-Julien	Daglan	Domme	Florimont-Gaumier	Groléjac	La Roque-Gageac	Nabirat	Saint-Aubin-de-Nabirat	Saint-Cybranet	Saint-Martial-de-Nabirat	Veyrines-de-Domme	La Chapelle-Péchaud|Castelnaud-la-Chapelle
24260	Audrix	Campagne	Journiac	Le Bugue	Les Eyzies	Mauzens-et-Miremont	Saint-Avit-de-Vialard	Saint-Chamassy	Saint-Félix-de-Reillac-et-Mortemart	Savignac-de-Miremont	Saint-Cirq|Les Eyzies
24270	Angoisse	Dussac	Lanouaille	Payzac	Saint-Cyr-les-Champagnes	Saint-Mesmin	Sarlande	Savignac-Lédrier
24290	Aubas	Auriac-du-Périgord	Coly-Saint-Amand	Fanlac	La Chapelle-Aubareil	Les Farges	Montignac-Lascaux	Saint-Léon-sur-Vézère	Sergeac	Thonac	Valojoulx	Saint-Amand-de-Coly|Coly-Saint-Amand
24300	Abjat-sur-Bandiat	Augignac	Connezac	Hautefaye	Javerlhac-et-la-Chapelle-Saint-Robert	La Chapelle-Montmoreau	Le Bourdeix	Lussas-et-Nontronneau	Nontron	Saint-Front-la-Rivière	Saint-Front-sur-Nizonne	Saint-Martial-de-Valette	Saint-Martin-le-Pin	Savignac-de-Nontron	Sceau-Saint-Angel	Teyjat
24310	Biras	Bourdeilles	Brantôme en Périgord	Paussac-et-Saint-Vivien	Brantôme|Brantôme en Périgord	La Gonterie-Boulouneix|Brantôme en Périgord	Saint-Crépin-de-Richemont|Brantôme en Périgord	Saint-Julien-de-Bourdeilles|Brantôme en Périgord	Sencenac-Puy-de-Fourches|Brantôme en Périgord	Valeuil|Brantôme en Périgord
24320	Bertric-Burée	Bourg-des-Maisons	Bouteilles-Saint-Sébastien	Champagne-et-Fontaine	Chapdeuil	Cherval	Coutures	Gout-Rossignol	La Chapelle-Grésignac	La Chapelle-Montabourlet	La Tour-Blanche-Cercles	Lusignac	Nanteuil-Auriac-de-Bourzac	Saint-Just	Saint-Martial-Viveyrol	Saint-Paul-Lizonne	Vendoire	Verteillac	Cercles|La Tour-Blanche-Cercles	La Tour-Blanche|La Tour-Blanche-Cercles
24330	Bassillac et Auberoche	Boulazac Isle Manoire	La Douze	Saint-Crépin-d'Auberoche	Saint-Geyrac	Saint-Pierre-de-Chignac	Bassillac|Bassillac et Auberoche	Blis-et-Born|Bassillac et Auberoche	Eyliac|Bassillac et Auberoche	Milhac-d'Auberoche|Bassillac et Auberoche	Saint-Antoine-d'Auberoche|Bassillac et Auberoche	Saint-Laurent-sur-Manoire|Boulazac Isle Manoire	Sainte-Marie-de-Chignac|Boulazac Isle Manoire
24340	La Rochebeaucourt-et-Argentine	Mareuil en Périgord	Rudeau-Ladosse	Saint-Félix-de-Bourdeilles	Sainte-Croix-de-Mareuil	Beaussac|Mareuil en Périgord	Champeaux-et-la-Chapelle-Pommier|Mareuil en Périgord	Léguillac-de-Cercles|Mareuil en Périgord	Les Graulges|Mareuil en Périgord	Mareuil|Mareuil en Périgord	Monsec|Mareuil en Périgord	Puyrenier|Mareuil en Périgord	Saint-Sulpice-de-Mareuil|Mareuil en Périgord	Vieux-Mareuil|Mareuil en Périgord
24350	Bussac	Creyssac	Douchapt	Grand-Brassac	La Chapelle-Gonaguet	Lisle	Mensignac	Montagrier	Saint-Victor	Tocane-Saint-Apre
24360	Busserolles	Bussière-Badil	Champniers-et-Reilhac	Étouars	Piégut-Pluviers	Saint-Barthélemy-de-Bussière	Saint-Estèphe	Soudat	Varaignes
24370	Calviac-en-Périgord	Carlux	Pechs-de-l'Espérance	Prats-de-Carlux	Saint-Julien-de-Lampon	Sainte-Mondane	Simeyrols	Veyrignac	Cazoulès|Pechs-de-l'Espérance	Orliaguet|Pechs-de-l'Espérance	Peyrillac-et-Millac|Pechs-de-l'Espérance
24380	Chalagnac	Creyssensac-et-Pissot	Église-Neuve-de-Vergt	Fouleix	Grun-Bordas	Lacropte	Saint-Amand-de-Vergt	Saint-Mayme-de-Péreyrol	Saint-Michel-de-Villadeix	Saint-Paul-de-Serre	Salon	Sanilhac	Val de Louyre et Caudeau	Vergt	Veyrines-de-Vergt	Breuilh|Sanilhac	Cendrieux|Val de Louyre et Caudeau
24390	Badefols-d'Ans	Boisseuilh	Cherveix-Cubas	Coubjours	Granges-d'Ans	Hautefort	La Chapelle-Saint-Jean	Nailhac	Teillots	Temple-Laguyon	Tourtoirac
24400	Beaupouyet	Beauronne	Bourgnac	Église-Neuve-d'Issac	Issac	Les Lèches	Mussidan	Saint-Étienne-de-Puycorbier	Saint-Front-de-Pradoux	Saint-Géry	Saint-Laurent-des-Hommes	Saint-Louis-en-l'Isle	Saint-Martin-l'Astier	Saint-Médard-de-Mussidan	Saint-Michel-de-Double	Sourzac
24410	Échourgnac	La Jemaye-Ponteyraud	Parcoul-Chenaud	Saint Aulaye-Puymangou	Saint Privat en Périgord	Saint-Vincent-Jalmoutiers	Servanches	Chenaud|Parcoul-Chenaud	Parcoul|Parcoul-Chenaud	Puymangou|Saint Aulaye-Puymangou	Saint-Aulaye|Saint Aulaye-Puymangou
24420	Antonne-et-Trigonant	Coulaures	Escoire	Mayac	Saint-Vincent-sur-l'Isle	Sarliac-sur-l'Isle	Savignac-les-Églises	Sorges et Ligueux en Périgord	Sorges|Sorges et Ligueux en Périgord
24430	Annesse-et-Beaulieu	Coursac	Marsac-sur-l'Isle	Razac-sur-l'Isle
24440	Beaumontois en Périgord	Monsac	Montferrand-du-Périgord	Naussannes	Rampieux	Saint-Avit-Sénieur	Sainte-Croix	Beaumont-du-Périgord|Beaumontois en Périgord	Labouquerie|Beaumontois en Périgord	Nojals-et-Clotte|Beaumontois en Périgord	Sainte-Sabine-Born|Beaumontois en Périgord
24450	Firbeix	La Coquille	Mialet	Saint-Pierre-de-Frugie	Saint-Priest-les-Fougères
24460	Agonac	Brantôme en Périgord	Château-l'Évêque	Négrondes	Saint-Front-d'Alemps	Sorges et Ligueux en Périgord	Eyvirat|Brantôme en Périgord	Ligueux|Sorges et Ligueux en Périgord
24470	Champs-Romain	Milhac-de-Nontron	Saint-Pardoux-la-Rivière	Saint-Saud-Lacoussière
24480	Alles-sur-Dordogne	Bouillac	Le Buisson-de-Cadouin	Molières	Urval	Cadouin|Le Buisson-de-Cadouin	Paleyrac|Le Buisson-de-Cadouin
24490	La Roche-Chalais	Saint-Michel-de-Rivière|La Roche-Chalais	Saint-Michel-l'Écluse-et-Léparon|La Roche-Chalais
24500	Eymet	Fonroque	Razac-d'Eymet	Sadillac	Saint-Aubin-de-Cadelech	Saint-Capraise-d'Eymet	Saint-Julien-Innocence-Eulalie	Serres-et-Montguyard	Singleyrac	Saint-Julien-d'Eymet|Saint-Julien-Innocence-Eulalie	Sainte-Eulalie-d'Eymet|Saint-Julien-Innocence-Eulalie	Sainte-Innocence|Saint-Julien-Innocence-Eulalie
24510	Limeuil	Paunat	Pezuls	Saint-Félix-de-Villadeix	Saint-Marcel-du-Périgord	Sainte-Foy-de-Longas	Trémolat	Val de Louyre et Caudeau	Saint-Laurent-des-Bâtons|Val de Louyre et Caudeau
24520	Cours-de-Pile	Lamonzie-Montastruc	Liorac-sur-Louyre	Mouleydier	Saint-Agne	Saint-Germain-et-Mons	Saint-Nexans	Saint-Sauveur	Verdon
24530	Brantôme en Périgord	Champagnac-de-Belair	Condat-sur-Trincou	La Chapelle-Faucher	Quinsac	Saint-Pancrace	Villars	Cantillac|Brantôme en Périgord
24540	Biron	Capdrot	Gaugeac	Lavalade	Lolme	Marsalès	Monpazier	Saint-Avit-Rivière	Saint-Cassien	Saint-Marcory	Saint-Romain-de-Monpazier	Soulaures	Vergt-de-Biron
24550	Besse	Campagnac-lès-Quercy	Lavaur	Loubejac	Mazeyrolles	Prats-du-Périgord	Saint-Cernin-de-l'Herm	Villefranche-du-Périgord
24560	Bardou	Boisse	Bouniagues	Colombier	Conne-de-Labarde	Faurilles	Faux-en-Périgord	Issigeac	Monmadalès	Monmarvès	Monsaguel	Montaut	Plaisance	Saint-Aubin-de-Lanquais	Saint-Cernin-de-Labarde	Saint-Léon-d'Issigeac	Saint-Perdoux	Sainte-Radegonde
24570	Condat-sur-Vézère	Le Lardin-Saint-Lazare
24580	Fleurac	Plazac	Rouffignac-Saint-Cernin-de-Reilhac	Saint-Cernin-de-Reillac|Rouffignac-Saint-Cernin-de-Reilhac
24590	Archignac	Borrèze	Jayac	Nadaillac	Paulin	Saint-Crépin-et-Carlucet	Saint-Geniès	Salignac-Eyvigues
24600	Allemans	Bourg-du-Bost	Celles	Chassaignes	Comberanche-et-Épeluche	Petit-Bersac	Ribérac	Saint-Martin-de-Ribérac	Saint-Méard-de-Drône	Saint-Pardoux-de-Drône	Saint-Sulpice-de-Roumagnac	Segonzac	Siorac-de-Ribérac	Vanxains	Villetoureix
24610	Carsac-de-Gurson	Minzac	Montpeyroux	Saint-Martin-de-Gurson	Saint-Méard-de-Gurçon	Villefranche-de-Lonchat
24620	Les Eyzies	Marquay	Peyzac-le-Moustier	Tamniès	Tursac	Les Eyzies-de-Tayac-Sireuil|Les Eyzies	Manaurie|Les Eyzies
24630	Jumilhac-le-Grand
24640	Bassillac et Auberoche	Chourgnac	Cubjac-Auvézère-Val d'Ans	Sainte-Eulalie-d'Ans	Cubjac|Cubjac-Auvézère-Val d'Ans	La Boissière-d'Ans|Cubjac-Auvézère-Val d'Ans	Le Change|Bassillac et Auberoche	Saint-Pantaly-d'Ans|Cubjac-Auvézère-Val d'Ans
24650	Chancelade
24660	Coulounieix-Chamiers	Sanilhac	Notre-Dame-de-Sanilhac|Sanilhac
24680	Gardonne	Lamonzie-Saint-Martin
24700	Eygurande-et-Gardedeuil	Le Pizou	Ménesplet	Montpon-Ménestérol	Moulin-Neuf	Saint-Barthélemy-de-Bellegarde	Saint-Géraud-de-Corps	Saint-Martial-d'Artenset	Saint-Rémy	Saint-Sauveur-Lalande
24750	Boulazac Isle Manoire	Champcevinel	Cornille	Sanilhac	Trélissac	Atur|Boulazac Isle Manoire	Boulazac|Boulazac Isle Manoire	Marsaneix|Sanilhac
24800	Chalais	Corgnac-sur-l'Isle	Eyzerac	Lempzours	Nantheuil	Nanthiat	Saint-Jean-de-Côle	Saint-Jory-de-Chalais	Saint-Martin-de-Fressengeas	Saint-Paul-la-Roche	Saint-Pierre-de-Côle	Saint-Romain-et-Saint-Clément	Saint-Sulpice-d'Excideuil	Sarrazac	Thiviers	Vaunac
25000	Besançon
25110	Autechaux	Baume-les-Dames	Bretigney-Notre-Dame	Cusance	Dammartin-les-Templiers	Esnans	Fontenotte	Fourbanne	Grosbois	Guillon-les-Bains	Hyèvre-Magny	Hyèvre-Paroisse	Lomont-sur-Crête	Luxiol	Montivernage	Pont-les-Moulins	Rillans	Séchin	Silley-Bléfond	Vergranne	Verne	Villers-Saint-Martin	Voillans
25111	Montgesoye
25113	Sainte-Marie
25115	Pouilley-les-Vignes
25120	Cernay-l'Église	Les Bréseux	Maîche	Mancenans-Lizerne	Mont-de-Vougney	Orgeans-Blanchefontaine	Blanchefontaine|Orgeans-Blanchefontaine
25130	Villers-le-Lac
25140	Charquemont	Fournet-Blancheroche	Frambouhans	Les Écorces
25150	Autechaux-Roide	Bourguignon	Dambelin	Écot	Écurcey	Goux-lès-Dambelin	Neuchâtel-Urtière	Pont-de-Roide-Vermondans	Rémondans-Vaivre	Villars-sous-Écot	Mambouhans|Dambelin
25160	La Planée	Labergement-Sainte-Marie	Les Grangettes	Malbuisson	Malpas	Montperreux	Oye-et-Pallet	Remoray-Boujeons	Saint-Point-Lac	Vaux-et-Chantegrue
25170	Audeux	Burgille	Champagney	Champvans-les-Moulins	Chaucenne	Chevigney-sur-l'Ognon	Courchapon	Émagny	Étrabonne	Franey	Jallerange	Lantenne-Vertière	Lavernay	Le Moutherot	Mazerolles-le-Salin	Moncley	Noironte	Pelousey	Placey	Recologne	Ruffey-le-Château	Sauvagney	Villers-Buzon	Chazoy|Burgille	Cordiron|Burgille
25190	Bief	Chamesol	Dampjoux	Feule	Fleurey	Froidevaux	Glère	Les Terres-de-Chaux	Liebvillers	Montancy	Montandon	Montécheroux	Montjoie-le-Château	Noirefontaine	Péseux	Rosières-sur-Barbèche	Saint-Hippolyte	Solemont	Soulce-Cernay	Valonne	Valoreille	Vaufrey	Villars-sous-Dampjoux	Montursin|Glère	Vernois-le-Fol|Glère
25200	Bethoncourt	Grand-Charmont	Montbéliard
25210	Bonnétage	Grand'Combe-des-Bois	La Bosse	Laval-le-Prieuré	Le Barboux	Le Bizot	Le Luhier	Le Mémont	Le Russey	Les Fontenelles	Mont-de-Laval	Montbéliardot	Narbief	Plaimbois-du-Miroir	Saint-Julien-lès-Russey
25220	Amagney	Chalèze	Chalezeule	Novillars	Roche-lez-Beaupré	Thise	Vaire
25230	Bondeval	Dasle	Seloncourt	Vandoncourt
25240	Brey-et-Maison-du-Bois	Chapelle-des-Bois	Châtelblanc	Chaux-Neuve	Gellin	Le Crouzet	Les Pontets	Les Villedieu	Mouthe	Petite-Chaux	Reculfoz	Rondefontaine	Sarrageois
25250	Accolans	Appenans	Beutal	Blussangeaux	Blussans	Bournois	Bretigney	Étrappe	Faimbe	Gémonval	Geney	Hyémondans	L'Isle-sur-le-Doubs	La Prétière	Lanthenans	Mancenans	Marvelise	Médière	Onans	Rang	Sourans	Soye
25260	Colombier-Fontaine	Étouvans	Longevelle-sur-Doubs	Lougres	Montenois	Saint-Maurice-Colombier
25270	Arc-sous-Montenot	Chapelle-d'Huin	Crouzet-Migette	Gevresin	Levier	Montmahoux	Sainte-Anne	Septfontaines	Villeneuve-d'Amont	Villers-sous-Chalamont
25290	Cademène	Chassagne-Saint-Denis	Épeugney	Ornans	Rurey	Scey-Maisières	Maisières-Notre-Dame|Scey-Maisières
25300	Arçon	Chaffois	Dommartin	Doubs	Granges-Narboz	Houtaud	La Cluse-et-Mijoux	Les Alliés	Les Fourgs	Pontarlier	Sainte-Colombe	Verrières-de-Joux	Vuillecin
25310	Abbévillers	Blamont	Dannemarie	Glay	Hérimoncourt	Meslières	Pierrefontaine-lès-Blamont	Roches-lès-Blamont	Thulay	Villars-lès-Blamont
25320	Abbans-Dessous	Boussières	Busy	Byans-sur-Doubs	Chemaudin et Vaux	Grandfontaine	Montferrand-le-Château	Osselle-Routelle	Rancenay	Thoraise	Torpes	Vorges-les-Pins	Osselle|Osselle-Routelle
25330	Amancey	Amathay-Vésigneux	Amondans	Bolandoz	Chantrans	Cléron	Déservillers	Éternoz-Vallée-du-Lison	Fertans	Flagey	Lizine	Longeville	Malans	Nans-sous-Sainte-Anne	Reugney	Silley-Amancey	Alaise|Éternoz-Vallée-du-Lison	Coulans-sur-Lizon|Éternoz-Vallée-du-Lison	Doulaize|Éternoz-Vallée-du-Lison	Refranche|Éternoz-Vallée-du-Lison	Saraz|Éternoz-Vallée-du-Lison
25340	Abbenans	Anteuil	Branne	Crosey-le-Grand	Crosey-le-Petit	Fontaine-lès-Clerval	Fontenelle-Montby	Gondenans-Montby	L'Hôpital-Saint-Lieffroy	Pays-de-Clerval	Pompierre-sur-Doubs	Roche-lès-Clerval	Saint-Georges-Armont	Uzelle	Viéthorey	Chaux-lès-Clerval|Pays-de-Clerval	Glainans|Anteuil	Tournedoz|Anteuil
25350	Mandeure
25360	Adam-lès-Passavant	Aïssey	Bouclans	Champlive	Côtebrune	Glamondans	Gonsans	Lanans	Magny-Châtelard	Naisey-les-Granges	Nancray	Osse	Passavant	Saint-Juan	Vaudrivillers	Granges-de-Vienney|Naisey-les-Granges
25370	Fourcatier-et-Maison-Neuve	Jougne	Les Hôpitaux-Neufs	Les Hôpitaux-Vieux	Longevilles-Mont-d'Or	Métabief	Rochejean	Saint-Antoine	Touillon-et-Loutelet
25380	Battenans-Varin	Belleherbe	Bretonvillers	Chamesey	Charmoille	Cour-Saint-Maurice	La Grange	Longevelle-lès-Russey	Provenchère	Rosureux	Surmont	Vaucluse	Vauclusotte
25390	Consolation-Maisonnettes	Flangebouche	Fournets-Luisans	Fuans	Guyans-Vennes	Loray	Orchamps-Vennes	Plaimbois-Vennes	Vennes
25400	Arbouans	Audincourt	Exincourt	Taillecourt
25410	Berthelange	Corcelles-Ferrières	Corcondray	Dannemarie-sur-Crète	Ferrières-les-Bois	Mercey-le-Grand	Osselle-Routelle	Pouilley-Français	Roset-Fluans	Saint-Vit	Velesmes-Essarts	Villars-Saint-Georges	Antorpe|Saint-Vit	Cottier|Mercey-le-Grand	Routelle|Osselle-Routelle
25420	Bart	Berche	Courcelles-lès-Montbéliard	Dampierre-sur-le-Doubs	Voujeaucourt
25430	Belvoir	Chazot	Orve	Rahon	Randevillers	Sancey	Servin	Vellerot-lès-Belvoir	Vellevans	Vernois-lès-Belvoir	Vyt-lès-Belvoir
25440	Abbans-Dessus	Bartherans	Brères	Buffard	By	Cessey	Charnay	Chay	Chenecey-Buillon	Chouzelot	Courcelles	Cussey-sur-Lison	Échay	Fourg	Goux-sous-Landet	Lavans-Quingey	Le Val	Liesle	Lombard	Mesmay	Myon	Palantine	Paroy	Pessans	Quingey	Rennes-sur-Loue	Ronchaux	Rouhe	Samson
25450	Damprichard
25460	Étupes
25470	Belfays	Burnevillers	Charmauvillers	Courtefontaine	Ferrières-le-Lac	Fessevillers	Goumois	Indevillers	Les Plains-et-Grands-Essarts	Thiébouhans	Trévillers	Urtière
25480	École-Valentin	Miserey-Salines	Pirey
25490	Allenjoie	Badevel	Dampierre-les-Bois	Fesches-le-Châtel
25500	La Chenalotte	Le Bélieu	Les Combes	Les Fins	Montlebon	Morteau	Noël-Cerneux
25510	Domprel	Germéfontaine	Grandfontaine-sur-Creuse	La Sommette	Laviron	Pierrefontaine-les-Varans	Villers-la-Combe
25520	Arc-sous-Cicon	Aubonne	Bugny	Évillers	Ouhans	Renédale	Saint-Gorgon-Main	Val-d'Usiers
25530	Adam-lès-Vercel	Belmont	Bremondans	Chaux-lès-Passavant	Chevigney-lès-Vercel	Courtetain-et-Salans	Épenouse	Eysson	Landresse	Orsans	Ouvans	Vellerot-lès-Vercel	Vercel-Villedieu-le-Camp	Villers-Chief
25550	Allondans	Bavans	Dung	Échenans	Issans	Laire	Présentevillers	Raynans	Saint-Julien-lès-Montbéliard
25560	Bannans	Bonnevaux	Boujailles	Bouverans	Bulle	Courvières	Dompierre-les-Tilleuls	Frasne	La Rivière-Drugeon
25570	Grand'Combe-Châteleu
25580	Durnes	Échevannes	Étalans	Fallerans	Guyans-Durnes	Lavans-Vuillafans	Les Premiers Sapins	Saules	Vernierfontaine	Voires
25600	Brognard	Dambenois	Nommay	Sochaux	Vieux-Charmont
25610	Arc-et-Senans
25620	Étalans	L'Hôpital-du-Grosbois	La Chevillotte	Les Monts-Ronds	Malbrans	Mamirolle	Ornans	Tarcenay-Foucherans	Trépot	Bonnevaux-le-Prieuré|Ornans
25630	Sainte-Suzanne
25640	Battenans-les-Mines	Blarians	Braillans	Breconchaux	Cendrey	Champoux	Châtillon-Guyotte	Corcelle-Mieslot	Flagey-Rigney	Germondans	L'Écouvotte	La Bretenière	La Tour-de-Sçay	Le Puy	Marchaux-Chaudefontaine	Ollans	Ougney-Douvot	Pouligney-Lusans	Rigney	Rignosot	Rougemontot	Roulans	Saint-Hilaire	Val-de-Roulans	Vennans	Villers-Grélot	Lusans|Pouligney-Lusans
25650	Gilley	La Chaux	Maisons-du-Bois-Lièvremont	Pays-de-Montbenoît	Hauterive-la-Fresse|Pays-de-Montbenoît	La Longeville|Pays-de-Montbenoît	Lièvremont|Maisons-du-Bois-Lièvremont	Montbenoît|Pays-de-Montbenoît	Montflovin|Pays-de-Montbenoît	Ville-du-Pont|Pays-de-Montbenoît
25660	Fontain	Gennes	La Vèze	Les Monts-Ronds	Montfaucon	Montrond-le-Château	Morre	Saône
25680	Avilley	Bonnal	Cubrial	Cubry	Cuse-et-Adrisans	Gondenans-les-Moulins	Gouhelans	Huanne-Montmartin	Mésandans	Mondon	Montagney-Servigney	Montussaint	Nans	Puessans	Rognon	Romain	Rougemont	Tallans	Tournans	Tressandans	Trouvans	Chazelot|Rougemont	Montferney|Rougemont	Morchamps|Rougemont	Servigney|Montagney-Servigney
25690	Avoudrey	Longechaux	Longemaison	Passonfontaine
25700	Mathay	Valentigney
25720	Avanne-Aveney	Beure	Fontain	Larnod	Pugey
25750	Aibre	Arcey	Désandans	Le Vernoy	Semondans
25770	Chemaudin et Vaux	Franois	Serre-les-Sapins
25790	Les Gras
25800	Épenoy	Étray	Valdahon
25820	Laissey
25840	Châteauvieux-les-Fossés	Vuillafans
25870	Bonnay	Châtillon-le-Duc	Chevroz	Cussey-sur-l'Ognon	Devecey	Geneuille	Les Auxons	Mérey-Vieilley	Moncey	Palise	Tallenay	Thurey-le-Mont	Valleroy	Venise	Vieilley	Auxon-Dessous|Les Auxons
25920	Mouthier-Haute-Pierre
25930	Lods
25960	Deluz
26000	Valence
26100	Romans-sur-Isère
26110	Arpavon	Aubres	Bellecombe-Tarendol	Bésignan	Châteauneuf-de-Bordette	Chaudebonne	Condorcet	Curnier	Eyroles	Le Poët-Sigillat	Les Pilles	Mirabel-aux-Baronnies	Montaulieu	Nyons	Piégon	Rochebrune	Saint-Ferréol-Trente-Pas	Saint-Maurice-sur-Eygues	Saint-Sauveur-Gouvernet	Sainte-Jalle	Valouse	Venterol	Vinsobres
26120	Barcelonne	Chabeuil	Châteaudouble	Combovin	La Baume-Cornillane	Malissard	Montélier	Montmeyran	Montvendre	Ourches	Peyrus	Upie
26130	Clansayes	Montségur-sur-Lauzon	Saint-Paul-Trois-Châteaux	Saint-Restitut	Solérieux
26140	Albon	Andancette	Anneyron	Saint-Rambert-d'Albon
26150	Barsac	Chamaloc	Die	Laval-d'Aix	Marignac-en-Diois	Montmaur-en-Diois	Ponet-et-Saint-Auban	Pontaix	Romeyer	Saint-Andéol	Saint-Julien-en-Quint	Sainte-Croix	Solaure en Diois	Vachères-en-Quint	Aix-en-Diois|Solaure en Diois	Molières-Glandaz|Solaure en Diois
26160	Bonlieu-sur-Roubion	Eyzahut	Félines-sur-Rimandoule	La Bâtie-Rolland	La Bégude-de-Mazenc	La Touche	Le Poët-Laval	Manas	Pont-de-Barret	Portes-en-Valdaine	Puygiron	Rochebaudin	Rochefort-en-Valdaine	Saint-Gervais-sur-Roubion	Salettes	Souspierre
26170	Beauvoisin	Bénivay-Ollon	Buis-les-Baronnies	Eygaliers	La Penne-sur-l'Ouvèze	La Roche-sur-le-Buis	La Rochette-du-Buis	Le Poët-en-Percip	Mérindol-les-Oliviers	Mollans-sur-Ouvèze	Montauban-sur-l'Ouvèze	Montguers	Pierrelongue	Plaisians	Propiac	Rioms	Saint-Auban-sur-l'Ouvèze	Sainte-Euphémie-sur-Ouvèze	Vercoiran
26190	Bouvante	Échevis	La Motte-Fanjas	Le Chaffal	Léoncel	Oriol-en-Royans	Rochechinard	Saint-Jean-en-Royans	Saint-Laurent-en-Royans	Saint-Martin-le-Colonel	Saint-Nazaire-en-Royans	Saint-Thomas-en-Royans	Sainte-Eulalie-en-Royans
26200	Ancône	Montélimar
26210	Épinouze	Lapeyrouse-Mornay	Lens-Lestang	Manthes	Moras-en-Valloire	Saint-Sorlin-en-Valloire
26220	Comps	Dieulefit	Montjoux	Orcinas	Teyssières	Vesc
26230	Chamaret	Chantemerle-lès-Grignan	Colonzelle	Grignan	Montjoyer	Réauville	Roussas	Valaurie
26240	Beausemblant	Claveyson	Fay-le-Clos	Laveyron	Ponsas	Saint-Barthélemy-de-Vals	Saint-Jean-de-Galaure	Saint-Uze	Saint-Vallier	La Motte-de-Galaure|Saint-Jean-de-Galaure	Mureils|Saint-Jean-de-Galaure
26250	Livron-sur-Drôme
26260	Arthémonay	Bathernay	Bren	Charmes-sur-l'Herbasse	Chavannes	Clérieux	Margès	Marsaz	Saint-Bardoux	Saint-Donat-sur-l'Herbasse
26270	Cliousclat	Loriol-sur-Drôme	Mirmande	Saulce-sur-Rhône
26290	Donzère	Les Granges-Gontardes
26300	Alixan	Barbières	Beauregard-Baret	Bésayes	Bourg-de-Péage	Charpey	Châteauneuf-sur-Isère	Chatuzange-le-Goubet	Jaillans	Marches	Rochefort-Samson	Saint-Vincent-la-Commanderie
26310	Barnave	Beaumont-en-Diois	Beaurières	Charens	Jonchères	La Bâtie-des-Fonds	Les Prés	Lesches-en-Diois	Luc-en-Diois	Miscon	Montlaur-en-Diois	Poyols	Recoubeau-Jansac	Saint-Dizier-en-Diois	Val-Maravel	Valdrôme
26320	Saint-Marcel-lès-Valence
26330	Châteauneuf-de-Galaure	Ratières	Saint-Avit	Saint-Martin-d'Août
26340	Aubenasson	Aucelon	Aurel	Brette	Chastel-Arnaud	Espenel	La Chaudière	Pennes-le-Sec	Pradelle	Rimon-et-Savel	Rochefourchat	Saillans	Saint-Benoit-en-Diois	Saint-Nazaire-le-Désert	Saint-Sauveur-en-Diois	Vercheny
26350	Crépol	Le Chalon	Montchenu	Saint-Christophe-et-le-Laris	Saint-Laurent-d'Onay	Valherbasse	Miribel|Valherbasse	Montrigaud|Valherbasse	Saint-Bonnet-de-Valclérieux|Valherbasse
26380	Peyrins
26390	Hauterives	Tersanne
26400	Allex	Aouste-sur-Sye	Autichamp	Beaufort-sur-Gervanne	Chabrillan	Cobonne	Crest	Divajeu	Eurre	Eygluy-Escoulin	Francillon-sur-Roubion	Gigors-et-Lozeron	Grane	La Répara-Auriples	La Roche-sur-Grane	Mirabel-et-Blacons	Montclar-sur-Gervanne	Omblèze	Piégros-la-Clastre	Plan-de-Baix	Saou	Soyans	Suze	Vaunaveys-la-Rochette
26410	Boulc	Châtillon-en-Diois	Glandage	Menglon	Saint-Roman	Treschenu-Creyers|Châtillon-en-Diois
26420	La Chapelle-en-Vercors	Saint-Agnan-en-Vercors	Saint-Julien-en-Vercors	Saint-Martin-en-Vercors	Vassieux-en-Vercors
26450	Charols	Cléon-d'Andran	Puy-Saint-Martin	Roynac
26460	Bézaudun-sur-Bîne	Bourdeaux	Bouvières	Crupies	Le Poët-Célard	Les Tonils	Mornans	Truinas
26470	Arnayon	Bellegarde-en-Diois	Chalancon	Establet	Gumiane	La Charce	La Motte-Chalancon	Pommerol	Rottier	Volvent
26500	Bourg-lès-Valence
26510	Chauvac-Laux-Montaux	Cornillac	Cornillon-sur-l'Oule	Lemps	Montferrand-la-Fare	Montréal-les-Sources	Pelonne	Rémuzat	Roussieux	Sahune	Saint-May	Verclause	Villeperdrix
26530	Le Grand-Serre
26540	Mours-Saint-Eusèbe
26560	Ballons	Eygalayes	Izon-la-Bruisse	Laborel	Lachau	Mévouillon	Montfroc	Séderon	Vers-sur-Méouge	Villefranche-le-Château
26570	Aulan	Barret-de-Lioure	Ferrassières	Montbrun-les-Bains	Reilhanette
26600	Beaumont-Monteux	Chanos-Curson	Chantemerle-les-Blés	Crozes-Hermitage	Érôme	Gervans	Granges-les-Beaumont	La Roche-de-Glun	Larnage	Mercurol-Veaunes	Pont-de-l'Isère	Serves-sur-Rhône	Tain-l'Hermitage
26620	Lus-la-Croix-Haute
26700	La Garde-Adhémar	Pierrelatte
26730	Eymeux	Hostun	La Baume-d'Hostun
26740	Condillac	La Coucourde	La Laupie	Les Tourrettes	Marsanne	Montboucher-sur-Jabron	Saint-Marcel-lès-Sauzet	Sauzet	Savasse
26750	Châtillon-Saint-Jean	Génissieux	Geyssans	Montmiral	Parnans	Saint-Michel-sur-Savasse	Saint-Paul-lès-Romans	Triors
26760	Beaumont-lès-Valence	Montéléger
26770	Aleyrac	Le Pègue	Montbrison-sur-Lez	Roche-Saint-Secret-Béconne	Rousset-les-Vignes	Saint-Pantaléon-les-Vignes	Salles-sous-Bois	Taulignan
26780	Allan	Châteauneuf-du-Rhône	Espeluche	Malataverne
26790	Bouchet	La Baume-de-Transit	Rochegude	Suze-la-Rousse	Tulette
26800	Ambonil	Beauvallon	Étoile-sur-Rhône	Montoison	Portes-lès-Valence
27000	Évreux
27100	Le Vaudreuil	Porte-de-Seine	Val-de-Reuil	Tournedos-sur-Seine|Porte-de-Seine
27110	Bérengeville-la-Campagne	Cesseville	Crestot	Criquebeuf-la-Campagne	Crosville-la-Vieille	Daubeuf-la-Campagne	Écauville	Ecquetot	Épégard	Épreville-près-le-Neubourg	Feuguerolles	Graveron-Sémerville	Hectomare	Iville	Le Neubourg	Le Tilleul-Lambert	Le Tremblay-Omonville	Le Troncq	Marbeuf	Quittebeuf	Rouge-Perriers	Saint-Aubin-d'Écrosville	Sainte-Colombe-la-Commanderie	Sainte-Opportune-du-Bosc	Venon	Villettes	Villez-sur-le-Neubourg	Vitot
27120	Aigleville	Boisset-les-Prévanches	Boncourt	Caillouet-Orgeville	Chaignes	Chambray	Croisy-sur-Eure	Douains	Fains	Fontaine-sous-Jouy	Gadencourt	Hardencourt-Cocherel	Hécourt	Houlbec-Cocherel	Jouy-sur-Eure	Le Cormier	Le Plessis-Hébert	Le Val-David	Ménilles	Pacy-sur-Eure	Rouvray	Vaux-sur-Eure	Villegats	Saint-Aquilin-de-Pacy|Pacy-sur-Eure
27130	Bâlines	Courteilles	Les Barils	Mandres	Piseux	Pullay	Saint-Victor-sur-Avre	Verneuil d'Avre et d'Iton	Verneuil-sur-Avre|Verneuil d'Avre et d'Iton
27140	Amécourt	Bazincourt-sur-Epte	Gisors	Saint-Denis-le-Ferment
27150	Bouchevilliers	Chauvincourt-Provemont	Coudray	Doudeauville-en-Vexin	Étrépagny	Farceaux	Frenelles-en-Vexin	Gamaches-en-Vexin	Hacqueville	Hébécourt	La Neuve-Grange	Le Thil	Longchamps	Mainneville	Martagny	Mesnil-sous-Vienne	Morgny	Nojeon-en-Vexin	Puchay	Sainte-Marie-de-Vatimesnil	Sancourt	Saussay-la-Campagne	Boisemont|Frenelles-en-Vexin	Provemont|Chauvincourt-Provemont
27160	Bémécourt	Breteuil	Le Lesme	Les Baux-de-Breteuil	Marbois	Mesnils-sur-Iton	Sainte-Marie-d'Attez	Verneuil d'Avre et d'Iton	Cintray|Breteuil	Condé-sur-Iton|Mesnils-sur-Iton	Dame-Marie|Sainte-Marie-d'Attez	Francheville|Verneuil d'Avre et d'Iton	La Guéroulde|Breteuil	Saint-Nicolas-d'Attez|Sainte-Marie-d'Attez	Saint-Ouen-d'Attez|Sainte-Marie-d'Attez
27170	Barc	Barquet	Beaumont-le-Roger	Beaumontel	Berville-la-Campagne	Bray	Combon	Écardenville-la-Campagne	Goupil-Othon	Grosley-sur-Risle	Le Plessis-Sainte-Opportune	Nassandres sur Risle	Romilly-la-Puthenaye	Tilleul-Dame-Agnès
27180	Arnières-sur-Iton	Aulnay-sur-Iton	Bernienville	Caugé	Claville	Le Plessis-Grohan	Les Baux-Sainte-Croix	Les Ventes	Parville	Saint-Sébastien-de-Morsent	Tournedos-Bois-Hubert
27190	Beaubray	Burey	Champ-Dolent	Collandres-Quincarnon	Conches-en-Ouche	Émanville	Faverolles-la-Campagne	Ferrières-Haut-Clocher	Gaudreville-la-Rivière	Glisolles	La Bonneville-sur-Iton	La Croisille	Le Fidelaire	Le Val-Doré	Louversey	Nagel-Séez-Mesnil	Nogent-le-Sec	Ormes	Portes	Saint-Élier	Sainte-Marthe	Sébécourt
27200	Vernon
27210	Berville-sur-Mer	Beuzeville	Boulleville	Conteville	Fatouville-Grestain	Fiquefleur-Équainville	Fort-Moville	Foulbec	La Lande-Saint-Léger	Le Torpt	Manneville-la-Raoult	Martainville	Saint-Maclou	Saint-Pierre-du-Val	Saint-Sulpice-de-Grimbouville	Vannecrocq
27220	Bois-le-Roi	Bretagnolles	Champigny-la-Futelaye	Chavigny-Bailleul	Coudres	Foucrainville	Fresney	Grossœuvre	Jumelles	L'Habit	La Baronnie	La Boissière	La Forêt-du-Parc	Les Authieux	Lignerolles	Mouettes	Mousseaux-Neuville	Prey	Saint-André-de-l'Eure	Saint-Germain-de-Fresney	Saint-Laurent-des-Bois	Serez	Garencières|La Baronnie	Quessigny|La Baronnie
27230	Barville	Bazoques	Bournainville-Faverolles	Drucourt	Duranville	Folleville	Fontaine-la-Louvet	Heudreville-en-Lieuvin	La Chapelle-Hareng	Le Favril	Le Planquay	Le Theil-Nolent	Les Places	Piencourt	Saint-Aubin-de-Scellon	Saint-Germain-la-Campagne	Saint-Mards-de-Fresne	Saint-Vincent-du-Boulay	Thiberville
27240	Chambois	Marbois	Mesnils-sur-Iton	Sylvains-Lès-Moulins
27250	Ambenay	Bois-Arnault	Chambord	Chéronvilliers	Juignettes	Les Bottereaux	Neaufles-Auvergny	Rugles	Saint-Antonin-de-Sommaire
27260	Asnières	Bailleul-la-Vallée	Cormeilles	Épaignes	Fresne-Cauverville	La Chapelle-Bayvel	Le Bois-Hellain	Morainville-Jouveaux	Saint-Pierre-de-Cormeilles	Saint-Sylvestre-de-Cormeilles
27270	Broglie	Capelle-les-Grands	Chamblac	Ferrières-Saint-Hilaire	Grand-Camp	La Chapelle-Gauthier	La Trinité-de-Réville	Mesnil-en-Ouche	Saint-Aubin-du-Thenney	Saint-Jean-du-Thenney	Treis-Sants-en-Ouche	La Roussière|Mesnil-en-Ouche	Saint-Quentin-des-Isles|Treis-Sants-en-Ouche
27290	Appeville-Annebault	Authou	Bonneville-Aptot	Condé-sur-Risle	Écaquelon	Freneuse-sur-Risle	Glos-sur-Risle	Illeville-sur-Montfort	Montfort-sur-Risle	Pont-Authou	Saint-Philbert-sur-Risle	Thénouville	Thierville
27300	Bernay	Boissy-Lamberville	Caorches-Saint-Nicolas	Corneville-la-Fouquetière	Courbépine	Malouy	Menneval	Nassandres sur Risle	Plainville	Plasnes	Saint-Léger-de-Rôtes	Saint-Martin-du-Tilleul	Saint-Victor-de-Chrétienville	Treis-Sants-en-Ouche	Valailles	Saint-Aubin-le-Vertueux|Treis-Sants-en-Ouche	Saint-Clair-d'Arcey|Treis-Sants-en-Ouche
27310	Barneville-sur-Seine	Bosgouet	Bouquetot	Bourg-Achard	Caumont	Flancourt-Crescy-en-Roumois	Honguemare-Guenouville	La Trinité-de-Thouberville	Saint-Ouen-de-Thouberville	Bosc-Bénard-Crescy|Flancourt-Crescy-en-Roumois
27320	Courdemanche	Droisy	La Madeleine-de-Nonancourt	Marcilly-la-Campagne	Moisville	Nonancourt	Saint-Germain-sur-Avre
27330	Bois-Anzeray	Bois-Normand-près-Lyre	La Haye-Saint-Sylvestre	La Neuve-Lyre	La Vieille-Lyre	Mesnil-en-Ouche	Bosc-Renoult-en-Ouche|Mesnil-en-Ouche	Champignolles|La Vieille-Lyre	Épinay|Mesnil-en-Ouche	Gisay-la-Coudre|Mesnil-en-Ouche	La Barre-en-Ouche|Mesnil-en-Ouche	Saint-Pierre-du-Mesnil|Mesnil-en-Ouche	Thevray|Mesnil-en-Ouche
27340	Criquebeuf-sur-Seine	Les Damps	Martot	Pont-de-l'Arche	Terres de Bord	Tostes|Terres de Bord
27350	Brestot	Cauverville-en-Roumois	Étréville	Éturqueraye	Hauville	La Haye-Aubrée	La Haye-de-Routot	Le Landin	Rougemontier	Routot	Valletot
27360	Pont-Saint-Pierre
27370	Amfreville-Saint-Amand	Fouqueville	La Harengère	La Haye-du-Theil	La Pyle	La Saussaye	Le Bec-Thomas	Le Bosc du Theil	Le Thuit de l'Oison	Les Monts du Roumois	Mandeville	Saint-Cyr-la-Campagne	Saint-Didier-des-Bois	Saint-Germain-de-Pasquier	Saint-Meslin-du-Bosc	Saint-Ouen-de-Pontcheuil	Saint-Pierre-des-Fleurs	Saint-Pierre-du-Bosguérard	Tourville-la-Campagne	Vraiville	Amfreville-la-Campagne|Amfreville-Saint-Amand	Houlbec-près-le-Gros-Theil|Les Monts du Roumois	Saint-Amand-des-Hautes-Terres|Amfreville-Saint-Amand
27380	Amfreville-les-Champs	Amfreville-sous-les-Monts	Bourg-Beaudouin	Charleval	Douville-sur-Andelle	Fleury-sur-Andelle	Flipou	Radepont	Val d'Orger	Vandrimare	Grainville|Val d'Orger
27390	La Goulafrière	Mélicourt	Mesnil-Rousset	Montreuil-l'Argillé	Notre-Dame-du-Hamel	Saint-Agnan-de-Cernières	Saint-Denis-d'Augerons	Saint-Laurent-du-Tencement	Saint-Pierre-de-Cernières	Verneusses
27400	Acquigny	Amfreville-sur-Iton	Canappeville	Crasville	Heudebouville	Heudreville-sur-Eure	Hondouville	Houetteville	Incarville	La Haye-le-Comte	La Haye-Malherbe	La Vacherie	Le Mesnil-Jourdain	Louviers	Pinterville	Quatremare	Surtauville	Surville	Terres de Bord	Vironvay	Montaure|Terres de Bord
27410	La Houssaye	Le Noyer-en-Ouche	Mesnil-en-Ouche	Ajou|Mesnil-en-Ouche	Beaumesnil|Mesnil-en-Ouche	Gouttières|Mesnil-en-Ouche	Granchain|Mesnil-en-Ouche	Jonquerets-de-Livet|Mesnil-en-Ouche	Landepéreuse|Mesnil-en-Ouche	Saint-Aubin-des-Hayes|Mesnil-en-Ouche	Saint-Aubin-le-Guichard|Mesnil-en-Ouche	Sainte-Marguerite-en-Ouche|Mesnil-en-Ouche	Thevray|Mesnil-en-Ouche
27420	Authevernes	Château-sur-Epte	Les Thilliers-en-Vexin	Mouflaines	Richeville	Suzay	Vexin-sur-Epte	Villers-en-Vexin	Cantiers|Vexin-sur-Epte
27430	Andé	Connelles	Daubeuf-près-Vatteville	Herqueville	Muids	Porte-de-Seine	Saint-Étienne-du-Vauvray	Saint-Pierre-du-Vauvray	Vatteville	Porte-Joie|Porte-de-Seine
27440	Bacqueville	Écouis	Houville-en-Vexin	Lisors	Mesnil-Verclives	Touffreville	Val d'Orger	Gaillardbois-Cressenville|Val d'Orger
27450	Saint-Benoît-des-Ombres	Saint-Christophe-sur-Condé	Saint-Étienne-l'Allier	Saint-Georges-du-Vièvre	Saint-Grégoire-du-Vièvre	Saint-Martin-Saint-Firmin	Saint-Pierre-des-Ifs
27460	Alizay	Igoville	Le Manoir
27470	Fontaine-l'Abbé	Launay	Serquigny
27480	Beauficel-en-Lyons	Bézu-la-Forêt	Bosquentin	Fleury-la-Forêt	Le Tronquay	Lilly	Lorleau	Lyons-la-Forêt
27490	Autheuil-Authouillet	Cailly-sur-Eure	Clef Vallée d'Eure
27500	Aizier	Bouquelon	Bourneville-Sainte-Croix	Campigny	Colletot	Corneville-sur-Risle	Le Perrey	Les Préaux	Manneville-sur-Risle	Pont-Audemer	Saint-Mards-de-Blacarville	Saint-Symphorien	Selles	Tocqueville	Tourville-sur-Pont-Audemer	Toutainville	Triqueville	Bourneville|Bourneville-Sainte-Croix	Fourmetot|Le Perrey	Sainte-Croix-sur-Aizier|Bourneville-Sainte-Croix
27510	Mézières-en-Vexin	Pressagny-l'Orgueilleux	Tilly	Vexin-sur-Epte	Fontenay-en-Vexin|Vexin-sur-Epte	Forêt-la-Folie|Vexin-sur-Epte	Guitry|Vexin-sur-Epte	Panilleuse|Vexin-sur-Epte	Tourny|Vexin-sur-Epte
27520	Boissey-le-Châtel	Grand Bourgtheroulde	Les Monts du Roumois	Saint-Denis-des-Monts	Saint-Léger-du-Gennetey	Saint-Philbert-sur-Boissey	Thénouville	Voiscreville	Berville-en-Roumois|Les Monts du Roumois	Bosguérard-de-Marcouville|Les Monts du Roumois
27530	Croth	Ézy-sur-Eure
27540	Ivry-la-Bataille
27550	Nassandres sur Risle
27560	Épreville-en-Lieuvin	Giverville	La Noë-Poulain	La Poterie-Mathieu	Le Mesnil-Saint-Jean	Lieurey	Noards	Saint-Siméon
27570	Acon	Breux-sur-Avre	L'Hosmes	Tillières-sur-Avre
27580	Bourth	Chaise-Dieu-du-Theil	Gournay-le-Guérin
27590	Pîtres
27600	Ailly	Champenard	Fontaine-Bellenger	Gaillon	Heudebouville	Le Val d'Hazey	Saint-Aubin-sur-Gaillon	Saint-Julien-de-la-Liègue	Saint-Pierre-la-Garenne	Sainte-Barbe-sur-Gaillon|Le Val d'Hazey	Vieux-Villez|Le Val d'Hazey
27610	Romilly-sur-Andelle
27620	Bois-Jérôme-Saint-Ouen	Gasny	Giverny	Sainte-Geneviève-lès-Gasny
27630	Heubécourt-Haricourt	Vexin-sur-Epte	Berthenonville|Vexin-sur-Epte	Bus-Saint-Rémy|Vexin-sur-Epte	Dampsmesnil|Vexin-sur-Epte	Écos|Vexin-sur-Epte	Fourges|Vexin-sur-Epte
27640	Breuilpont	Merey	Villiers-en-Désœuvre
27650	Louye	Mesnil-sur-l'Estrée	Muzy
27660	Bernouville	Bézu-Saint-Éloi
27670	Bosroumois	Saint-Ouen-du-Tilleul
27680	Le Perrey	Marais-Vernier	Quillebeuf-sur-Seine	Saint-Aubin-sur-Quillebeuf	Saint-Samson-de-la-Roque	Sainte-Opportune-la-Mare	Trouville-la-Haule	Vieux-Port	Saint-Ouen-des-Champs|Le Perrey	Saint-Thurien|Le Perrey
27690	Léry
27700	Bouafles	Cuverville	Frenelles-en-Vexin	Guiseniers	Harquency	Hennezis	Heuqueville	La Roquette	Le Thuit	Les Andelys	Les Trois Lacs	Vézillon	Corny|Frenelles-en-Vexin	Fresne-l'Archevêque|Frenelles-en-Vexin
27710	Saint-Georges-Motel
27720	Dangu	Guerny	Noyers
27730	Bueil	Épieds	Neuilly
27740	Poses
27750	La Couture-Boussey
27760	La Ferrière-sur-Risle
27770	Illiers-l'Évêque
27780	Garennes-sur-Eure
27790	Rosay-sur-Lieure
27800	Aclou	Berthouville	Boisney	Bosrobert	Brétigny	Brionne	Calleville	Franqueville	Harcourt	Hecmanville	La Haye-de-Calleville	Le Bec-Hellouin	Livet-sur-Authou	Malleville-sur-le-Bec	Morsan	Neuville-sur-Authou	Notre-Dame-d'Épine	Saint-Cyr-de-Salerne	Saint-Éloi-de-Fourques	Saint-Paul-de-Fourques	Saint-Pierre-de-Salerne	Saint-Victor-d'Épine	Thibouville
27810	Marcilly-sur-Eure
27820	Armentières-sur-Avre	Chennebrun	Saint-Christophe-sur-Avre
27830	Neaufles-Saint-Martin
27850	Ménesqueville
27860	Heudicourt
27870	Vesly
27890	La Neuville-du-Bosc
27910	Les Hogues	Letteguives	Perriers-sur-Andelle	Perruel	Renneville	Vascœuil
27920	Saint-Étienne-sous-Bailleul	Saint-Pierre-de-Bailleul
27930	Angerville-la-Campagne	Aviron	Bacquepuis	Brosville	Cierrey	Dardez	Émalleville	Fauville	Gauciel	Gauville-la-Campagne	Gravigny	Guichainville	Huest	Irreville	La Chapelle-du-Bois-des-Faulx	La Trinité	Le Boulay-Morin	Le Mesnil-Fuguet	Le Vieil-Évreux	Miserey	Normanville	Reuilly	Sacquenville	Saint-Germain-des-Angles	Saint-Luc	Saint-Martin-la-Campagne	Saint-Vigor	Sassey	Tourneville
27940	Courcelles-sur-Seine	Le Val d'Hazey	Les Trois Lacs	Notre-Dame-de-l'Isle	Port-Mort	Villers-sur-le-Roule	Aubevoye|Le Val d'Hazey
27950	La Chapelle-Longueville	La Heunière	Mercey	Saint-Marcel	Saint-Vincent-des-Bois	Sainte-Colombe-près-Vernon	Villez-sous-Bailleul
28000	Chartres
28100	Dreux
28110	Lucé
28120	Bailleau-le-Pin	Blandainville	Cernay	Charonville	Chauffours	Épeautrolles	Ermenonville-la-Grande	Ermenonville-la-Petite	Illiers-Combray	Les Châtelliers-Notre-Dame	Magny	Marchéville	Méréglise	Meslay-le-Grenet	Montigny-le-Chartif	Nogent-sur-Eure	Nonvilliers-Grandhoux	Ollé	Saint-Avit-les-Guespières	Saint-Éman	Sandarville	Vieuvicq
28130	Bouglainval	Chartainvilliers	Hanches	Houx	Maintenon	Mévoisins	Pierres	Saint-Martin-de-Nigelles	Saint-Piat	Soulaires	Villiers-le-Morhier	Yermenonville
28140	Baigneaux	Bazoches-en-Dunois	Bazoches-les-Hautes	Cormainville	Courbehaye	Dambron	Fontenay-sur-Conie	Guillonville	Loigny-la-Bataille	Lumeau	Nottonville	Orgères-en-Beauce	Péronville	Poupry	Terminiers	Tillay-le-Péneux	Varize
28150	Allonnes	Beauvilliers	Boisville-la-Saint-Père	Boncé	Éole-en-Beauce	Les Villages Vovéens	Louville-la-Chenard	Moutiers-en-Beauce	Ouarville	Prasville	Réclainville	Theuville	Villars	Ymonville	Baignolet|Éole-en-Beauce	Fains-la-Folie|Éole-en-Beauce	Germignonville|Éole-en-Beauce	Montainville|Les Villages Vovéens	Rouvray-Saint-Florentin|Les Villages Vovéens	Viabon|Éole-en-Beauce	Villeau|Éole-en-Beauce	Villeneuve-Saint-Nicolas|Les Villages Vovéens	Voves|Les Villages Vovéens
28160	Brou	Dampierre-sous-Brou	Dangeau	Frazé	Gohory	Mottereau	Moulhard	Unverre	Yèvres
28170	Ardelles	Châteauneuf-en-Thymerais	Favières	Fontaine-les-Ribouts	Le Boullay-les-Deux-Églises	Maillebois	Puiseux	Saint-Ange-et-Torçay	Saint-Jean-de-Rebervilliers	Saint-Maixme-Hauterive	Saint-Sauveur-Marville	Serazereux	Thimert-Gâtelles	Tremblay-les-Villages	Blévy|Maillebois	Dampierre-sur-Blévy|Maillebois	Gâtelles|Thimert-Gâtelles	Marville-les-Bois|Saint-Sauveur-Marville
28190	Billancelles	Chuisnes	Courville-sur-Eure	Dangers	Fontaine-la-Guyon	Fruncé	Landelles	Le Favril	Mittainvilliers-Vérigny	Orrouer	Pontgouin	Saint-Arnoult-des-Bois	Saint-Georges-sur-Eure	Saint-Germain-le-Gaillard	Saint-Luperce	Villebon
28200	Châteaudun	Conie-Molitard	Donnemain-Saint-Mamès	Jallans	La Chapelle-du-Noyer	Logron	Marboué	Moléans	Saint-Christophe	Saint-Denis-Lanneray	Thiville	Villampuy	Villemaury
28210	Bréchamps	Chaudon	Coulombs	Croisilles	Faverolles	Le Boullay-Mivoye	Le Boullay-Thierry	Les Pinthières	Lormaye	Néron	Nogent-le-Roi	Ormoy	Saint-Laurent-la-Gâtine	Saint-Lucien	Senantes	Villemeux-sur-Eure	Vacheresses-les-Basses|Nogent-le-Roi
28220	Cloyes-les-Trois-Rivières
28230	Droue-sur-Drouette	Épernon
28240	Belhomert-Guéhouville	Champrond-en-Gâtine	Fontaine-Simon	Friaize	La Loupe	Le Thieulin	Les Corvées-les-Yys	Manou	Meaucé	Montireau	Montlandon	Saint-Denis-des-Puits	Saint-Éliph	Saint-Maurice-Saint-Germain	Saint-Victor-de-Buthon	Vaupillon
28250	Digny	Jaudrais	La Framboisière	La Puisaye	La Saucelle	Le Mesnil-Thomas	Louvilliers-lès-Perche	Senonches	La Ville-aux-Nonains|Senonches	Tardais|Senonches
28260	Anet	Berchères-sur-Vesgre	Boncourt	Gilles	Guainville	La Chaussée-d'Ivry	Le Mesnil-Simon	Oulins	Rouvres	Saint-Ouen-Marchefroy	Saussay	Sorel-Moussel
28270	Beauche	Bérou-la-Mulotière	Brezolles	Châtaincourt	Crucey-Villages	Escorpain	Fessanvilliers-Mattanvilliers	La Mancelière	Laons	Les Châtelets	Montigny-sur-Avre	Prudemanche	Revercourt	Rueil-la-Gadelière	Saint-Lubin-de-Cravant	Mainterne|Crucey-Villages	Vitray-sous-Brézolles|Crucey-Villages
28290	Chapelle-Royale	Vald'Yerre
28300	Amilly	Bailleau-l'Évêque	Berchères-Saint-Germain	Briconville	Challet	Champhol	Cintray	Clévilliers	Coltainville	Fresnay-le-Gilmert	Gasville-Oisème	Jouy	Lèves	Mainvilliers	Poisvilliers	Saint-Aubin-des-Bois	Saint-Prest	Saint-Germain-la-Gâtine|Berchères-Saint-Germain
28310	Baudreville	Fresnay-l'Évêque	Gommerville	Gouillons	Guilleville	Intréville	Janville-en-Beauce	Levesville-la-Chenard	Mérouville	Neuville Saint Denis	Oinville-Saint-Liphard	Poinville	Santilly	Toury	Trancrainville	Allaines-Mervilliers|Janville-en-Beauce	Barmainville|Neuville Saint Denis	Janville|Janville-en-Beauce	Le Puiset|Janville-en-Beauce	Neuvy-en-Beauce|Neuville Saint Denis	Rouvray-Saint-Denis|Neuville Saint Denis
28320	Bailleau-Armenonville	Écrosnes	Gallardon	Gas	Ymeray	Armenonville-les-Gâtineaux|Bailleau-Armenonville
28330	Authon-du-Perche	Béthonvilliers	Chapelle-Guillaume	Charbonnières	Coudray-au-Perche	La Bazoche-Gouet	Les Autels-Villevillon	Les Étilleux	Saint-Bomer	Soizé|Authon-du-Perche
28340	Boissy-lès-Perche	La Chapelle-Fortin	La Ferté-Vidame	Lamblore	Les Ressuintes	Morvilliers	Rohaire
28350	Dampierre-sur-Avre	Saint-Lubin-des-Joncherets
28360	Dammarie	Fresnay-le-Comte	La Bourdinière-Saint-Loup	Luplanté	Meslay-le-Vidame	Prunay-le-Gillon	Theuville	Vitray-en-Beauce
28380	Saint-Rémy-sur-Avre
28400	Arcisses	Champrond-en-Perchet	La Gaudaine	Marolles-les-Buis	Nogent-le-Rotrou	Saint-Jean-Pierre-Fixte	Souancé-au-Perche	Trizay-Coutretot-Saint-Serge	Brunelles|Arcisses	Coudreceau|Arcisses	Margon|Arcisses
28410	Abondant	Boutigny-Prouais	Broué	Bû	Goussainville	Havelu	Marchezais	Saint-Lubin-de-la-Haye	Serville	Prouais|Boutigny-Prouais
28480	Argenvilliers	Beaumont-les-Autels	Chassant	Combres	Happonvilliers	La Croix-du-Perche	Luigny	Miermaigne	Saintigny	Thiron-Gardais	Vichères	Frétigny|Saintigny	Saint-Denis-d'Authou|Saintigny
28500	Allainville	Aunay-sous-Crécy	Boissy-en-Drouais	Charpont	Cherisy	Crécy-Couvé	Écluzelles	Garancières-en-Drouais	Garnay	Germainville	La Chapelle-Forainvilliers	Louvilliers-en-Drouais	Luray	Marville-Moutiers-Brûlé	Mézières-en-Drouais	Montreuil	Ouerre	Sainte-Gemme-Moronval	Saulnières	Tréon	Vernouillet	Vert-en-Drouais
28600	Luisant
28630	Barjouville	Berchères-les-Pierres	Corancez	Fontenay-sur-Eure	Gellainville	Le Coudray	Mignières	Morancez	Nogent-le-Phaye	Sours	Thivars	Ver-lès-Chartres
28700	Ardelu	Aunay-sous-Auneau	Auneau-Bleury-Saint-Symphorien	Béville-le-Comte	Champseru	Châtenay	Denonville	Francourville	Garancières-en-Beauce	Gommerville	Houville-la-Branche	La Chapelle-d'Aunainville	Le Gué-de-Longroi	Léthuin	Levainville	Maisons	Moinville-la-Jeulin	Mondonville-Saint-Jean	Morainville	Oinville-sous-Auneau	Oysonville	Roinville	Saint-Léger-des-Aubées	Sainville	Santeuil	Umpeau	Vierville	Voise	Auneau|Auneau-Bleury-Saint-Symphorien
28800	Alluyes	Bonneval	Bouville	Bullainville	Dancy	Flacey	Le Gault-Saint-Denis	Montboissier	Montharville	Moriers	Neuvy-en-Dunois	Pré-Saint-Évroult	Pré-Saint-Martin	Saint-Maur-sur-le-Loir	Sancheville	Saumeray	Trizay-lès-Bonneval	Villiers-Saint-Orien
29000	Quimper
29100	Douarnenez	Kerlaz	Le Juch	Pouldergat	Poullan-sur-Mer
29120	Combrit	Plomeur	Pont-l'Abbé	Saint-Jean-Trolimon	Tréméoc
29140	Melgven	Rosporden	Saint-Yvi	Tourch	Kernével|Rosporden
29150	Cast	Châteaulin	Dinéault	Port-Launay	Saint-Coulitz
29160	Crozon	Lanvéoc
29170	Fouesnant	Pleuven	Saint-Évarzec
29180	Guengat	Locronan	Plogonnec	Quéménéven
29190	Brasparts	Gouézec	Lannédern	Le Cloître-Pleyben	Lennon	Lothey	Pleyben	Saint-Rivoal
29200	Brest
29217	Le Conquet	Plougonvelin	Trébabu
29233	Cléder
29241	Locquirec
29242	Ouessant
29246	Poullaouen
29250	Plougoulm	Saint-Pol-de-Léon	Santec	Sibiril
29252	Plouezoc'h
29253	Île-de-Batz
29259	Île-Molène
29260	Kernilis	Kernouës	Lanarvily	Le Folgoët	Lesneven	Loc-Brévalaire	Ploudaniel	Plouider	Saint-Frégant	Saint-Méen	Trégarantec
29270	Carhaix-Plouguer	Cléden-Poher	Kergloff	Motreff	Plounévézel	Saint-Hernin
29280	Locmaria-Plouzané	Plouzané
29290	Lanrivoaré	Milizac-Guipronvel	Saint-Renan	Tréouergat	Guipronvel|Milizac-Guipronvel	Milizac|Milizac-Guipronvel
29300	Arzano	Baye	Guilligomarc'h	Mellac	Quimperlé	Rédené	Tréméven
29310	Locunolé	Querrien
29340	Riec-sur-Bélon
29350	Moëlan-sur-Mer
29360	Clohars-Carnoët
29370	Coray	Elliant
29380	Bannalec	Le Trévoux	Saint-Thurien
29390	Leuhan	Scaër
29400	Bodilis	Guimiliau	Lampaul-Guimiliau	Landivisiau	Lanneuffret	Loc-Eguiner	Locmélar	Plougourvest	Plounéventer	Saint-Sauveur	Saint-Servais
29410	Guiclan	Le Cloître-Saint-Thégonnec	Pleyber-Christ	Plounéour-Ménez	Saint-Thégonnec Loc-Eguiner	Loc-Eguiner-Saint-Thégonnec|Saint-Thégonnec Loc-Eguiner	Saint-Thégonnec|Saint-Thégonnec Loc-Eguiner
29420	Mespaul	Plouénan	Plouvorn
29430	Lanhouarneau	Plouescat	Plounévez-Lochrist	Tréflez
29440	Plougar	Plouzévédé	Saint-Derrien	Saint-Vougay	Tréflaouénan	Trézilidé
29450	Commana	Le Tréhou	Sizun
29460	Daoulas	Dirinon	Hanvec	Hôpital-Camfrout	Irvillac	Logonna-Daoulas	Saint-Eloy
29470	Loperhet	Plougastel-Daoulas
29480	Le Relecq-Kerhuon
29490	Guipavas
29500	Ergué-Gabéric
29510	Briec	Edern	Landrévarzec	Landudal	Langolen
29520	Châteauneuf-du-Faou	Laz	Saint-Goazec	Saint-Thois
29530	Collorec	Landeleau	Loqueffret	Plonévez-du-Faou
29540	Spézet
29550	Ploéven	Plomodiern	Plonévez-Porzay	Saint-Nic
29560	Argol	Landévennec	Telgruc-sur-Mer	Trégarvan
29570	Camaret-sur-Mer	Roscanvel
29590	Le Faou	Lopérec	Pont-de-Buis-lès-Quimerch	Rosnoën	Saint-Ségal
29600	Morlaix	Plourin-lès-Morlaix	Saint-Martin-des-Champs	Sainte-Sève
29610	Garlan	Plouigneau
29620	Guimaëc	Lanmeur	Plouégat-Guérand
29630	Plougasnou	Saint-Jean-du-Doigt
29640	Bolazec	Lannéanou	Plougonven	Scrignac
29650	Botsorhel	Guerlesquin	Plouégat-Moysan	Plouigneau	Le Ponthou|Plouigneau
29660	Carantec
29670	Henvic	Locquénolé	Taulé
29680	Roscoff
29690	Berrien	Botmeur	Brennilis	Huelgoat	La Feuillée	Plouyé	Poullaouen	Locmaria-Berrien|Poullaouen
29700	Plomelin	Pluguffan
29710	Gourlizon	Guiler-sur-Goyen	Landudec	Peumerit	Plogastel-Saint-Germain	Plonéis	Plozévet	Pouldreuzic
29720	Plonéour-Lanvern	Plovan	Tréguennec	Tréogat
29730	Guilvinec	Treffiagat
29740	Plobannalec-Lesconil
29750	Loctudy
29760	Penmarch
29770	Audierne	Cléden-Cap-Sizun	Goulien	Plogoff	Primelin	Esquibien|Audierne
29780	Plouhinec
29790	Beuzec-Cap-Sizun	Confort-Meilars	Mahalon	Pont-Croix
29800	La Forest-Landerneau	La Martyre	La Roche-Maurice	Landerneau	Pencran	Ploudiry	Plouédern	Saint-Divy	Saint-Thonan	Saint-Urbain	Tréflévénez	Trémaouézan
29810	Brélès	Lampaul-Plouarzel	Plouarzel	Ploumoguer
29820	Bohars	Guilers
29830	Lampaul-Ploudalmézeau	Ploudalmézeau	Plouguin	Plourin	Saint-Pabu
29840	Landunvez	Lanildut	Porspoder
29850	Gouesnou
29860	Bourg-Blanc	Kersaint-Plabennec	Le Drennec	Plabennec	Plouvien
29870	Coat-Méal	Landéda	Lannilis	Tréglonou
29880	Guissény	Plouguerneau
29890	Goulven	Kerlouan	Plounéour-Brignogan-plages	Plounéour-Trez|Plounéour-Brignogan-plages
29900	Concarneau
29910	Trégunc
29920	Névez
29930	Pont-Aven
29940	La Forêt-Fouesnant
29950	Bénodet	Clohars-Fouesnant	Gouesnach
29970	Trégourez
29980	Île-Tudy
29990	Île-de-Sein
30000	Nîmes
30100	Alès
30110	Branoux-les-Taillades	La Grand-Combe	Lamelouze	Laval-Pradel	Les Salles-du-Gardon	Sainte-Cécile-d'Andorge	Soustelle
30111	Congénies
30114	Boissières	Nages-et-Solorgues
30120	Arphy	Arre	Aulas	Avèze	Bez-et-Esparon	Bréau-Mars	Le Vigan	Mandagout	Molières-Cavaillac	Montdardier	Pommiers	Rogues
30121	Mus
30122	Les Plantiers
30124	L'Estréchure	Peyrolles-en-Cévennes
30125	Saumane
30126	Lirac	Saint-Laurent-des-Arbres	Tavel
30127	Bellegarde
30128	Garons
30129	Manduel	Redessan
30130	Carsan	Pont-Saint-Esprit	Saint-Alexandre	Saint-Paulet-de-Caisson
30131	Pujaut
30132	Caissargues
30133	Les Angles
30140	Anduze	Bagard	Boisset-et-Gaujac	Générargues	Massillargues-Attuech	Mialet	Saint-Félix-de-Pallières	Saint-Jean-du-Pin	Saint-Sébastien-d'Aigrefeuille	Thoiras-Corbès	Tornac	Corbès|Thoiras-Corbès	Thoiras|Thoiras-Corbès
30150	Montfaucon	Roquemaure	Saint-Geniès-de-Comolas	Sauveterre
30160	Bessèges	Bordezac	Gagnières	Peyremale	Robiac-Rochessadoule
30170	Conqueyrac	Cros	Durfort-et-Saint-Martin-de-Sossenac	Fressac	La Cadière-et-Cambo	Monoblet	Pompignan	Saint-Hippolyte-du-Fort
30190	Aubussargues	Boucoiran-et-Nozières	Bourdic	Brignon	Castelnau-Valence	Collorgues	Dions	Garrigues-Sainte-Eulalie	La Calmette	La Rouvière	Montignargues	Moussac	Saint-Chaptes	Saint-Dézéry	Saint-Geniès-de-Malgoirès	Sainte-Anastasie	Sauzet
30200	Bagnols-sur-Cèze	Chusclan	Codolet	La Roque-sur-Cèze	Orsan	Sabran	Saint-Étienne-des-Sorts	Saint-Gervais	Saint-Laurent-de-Carnols	Saint-Michel-d'Euzet	Saint-Nazaire	Vénéjan
30210	Argilliers	Cabrières	Castillon-du-Gard	Collias	Fournès	Lédenon	Pouzilhac	Remoulins	Saint-Bonnet-du-Gard	Saint-Hilaire-d'Ozilhan	Sernhac	Valliguières	Vers-Pont-du-Gard
30220	Aigues-Mortes	Saint-Laurent-d'Aigouze
30230	Bouillargues	Rodilhan
30240	Le Grau-du-Roi
30250	Aspères	Aubais	Aujargues	Combas	Fontanès	Junas	Lecques	Salinelles	Sommières	Souvignargues	Villevieille
30260	Bragassargues	Brouzet-lès-Quissac	Cannes-et-Clairan	Carnas	Corconne	Crespian	Gailhan	Liouc	Montmirat	Orthoux-Sérignac-Quilhan	Quissac	Saint-Clément	Saint-Théodorit	Sardan	Vic-le-Fesq
30270	Saint-Jean-du-Gard
30290	Laudun-l'Ardoise	Saint-Victor-la-Coste
30300	Beaucaire	Comps	Fourques	Jonquières-Saint-Vincent	Vallabrègues
30310	Vergèze
30320	Bezouce	Marguerittes	Poulx	Saint-Gervasy
30330	Cavillargues	Connaux	Gaujac	La Bastide-d'Engras	Le Pin	Pougnadoresse	Saint-André-d'Olérargues	Saint-Laurent-la-Vernède	Saint-Marcel-de-Careiret	Saint-Paul-les-Fonts	Saint-Pons-la-Calm	Tresques
30340	Les Plans	Méjannes-lès-Alès	Mons	Rousson	Saint-Julien-les-Rosiers	Saint-Privat-des-Vieux	Salindres	Servas
30350	Aigremont	Canaules-et-Argentières	Cardet	Cassagnoles	Domessargues	Lédignan	Lézan	Maruéjols-lès-Gardon	Massanes	Mauressargues	Montagnac	Moulézan	Saint-Bénézet	Saint-Jean-de-Serres	Savignargues
30360	Cruviers-Lascours	Deaux	Euzet	Martignargues	Monteils	Ners	Saint-Césaire-de-Gauzignan	Saint-Étienne-de-l'Olm	Saint-Hippolyte-de-Caton	Saint-Jean-de-Ceyrargues	Saint-Maurice-de-Cazevieille	Vézénobres
30380	Saint-Christol-lez-Alès
30390	Aramon	Domazan	Estézargues	Théziers
30400	Villeneuve-lès-Avignon
30410	Meyrannes	Molières-sur-Cèze
30420	Calvisson
30430	Barjac	Méjannes-le-Clap	Rivières	Rochegude	Saint-Jean-de-Maruéjols-et-Avéjan	Saint-Privat-de-Champclos	Tharaux
30440	Roquedur	Saint-Bresson	Saint-Julien-de-la-Nef	Saint-Laurent-le-Minier	Saint-Martial	Saint-Roman-de-Codières	Sumène
30450	Aujac	Bonnevaux	Chambon	Concoules	Génolhac	Malons-et-Elze	Ponteils-et-Brésis	Sénéchas
30460	Colognac	Lasalle	Saint-Bonnet-de-Salendrinque	Sainte-Croix-de-Caderle	Soudorgues	Vabres
30470	Aimargues
30480	Cendras	Saint-Paul-la-Coste
30490	Montfrin
30500	Allègre-les-Fumades	Courry	Potelières	Saint-Ambroix	Saint-Brès	Saint-Denis	Saint-Julien-de-Cassagnas	Saint-Victor-de-Malcap
30510	Générac
30520	Saint-Martin-de-Valgalgues
30530	Chamborigaud	La Vernarède	Portes
30540	Milhaud
30560	Saint-Hilaire-de-Brethmas
30570	Saint-André-de-Majencoules	Val-d'Aigoual
30580	Belvézet	Bouquet	Brouzet-lès-Alès	Fons-sur-Lussan	Fontarèches	La Bruguière	Lussan	Navacelles	Saint-Just-et-Vacquières	Seynes	Vallérargues
30600	Vauvert	Vestric-et-Candiac
30610	Logrian-Florian	Puechredon	Saint-Jean-de-Crieulon	Saint-Nazaire-des-Gardies	Sauve
30620	Aubord	Bernis	Uchaud
30630	Cornillon	Goudargues	Montclus	Saint-André-de-Roquepertuis	Verfeuil
30640	Beauvoisin
30650	Rochefort-du-Gard	Saze
30660	Gallargues-le-Montueux
30670	Aigues-Vives
30700	Aigaliers	Arpaillargues-et-Aureillac	Baron	Blauzac	Flaux	Foissac	La Capelle-et-Masmolène	Montaren-et-Saint-Médiers	Saint-Hippolyte-de-Montaigu	Saint-Maximin	Saint-Quentin-la-Poterie	Saint-Siffret	Saint-Victor-des-Oules	Sanilhac-Sagriès	Serviers-et-Labaume	Uzès	Vallabrix
30720	Ribaute-les-Tavernes
30730	Fons	Gajan	Montpezat	Parignargues	Saint-Bauzély	Saint-Mamert-du-Gard
30740	Le Cailar
30750	Causse-Bégon	Dourbies	Lanuéjols	Revens	Saint-Sauveur-Camprieu	Trèves
30760	Aiguèze	Issirac	Laval-Saint-Roman	Le Garn	Saint-Christol-de-Rodières	Saint-Julien-de-Peyrolas	Salazac
30770	Alzon	Arrigas	Aumessas	Blandas	Campestre-et-Luc	Vissec
30800	Saint-Gilles
30820	Caveirac
30840	Meynes
30870	Clarensac	Saint-Côme-et-Maruéjols
30900	Nîmes
30920	Codognan
30940	Saint-André-de-Valborgne
30960	Le Martinet	Les Mages	Saint-Florent-sur-Auzonnet	Saint-Jean-de-Valériscle
30980	Langlade	Saint-Dionisy
31000	Toulouse
31100	Toulouse
31110	Antignac	Artigue	Bagnères-de-Luchon	Benque-Dessous-et-Dessus	Billière	Bourg-d'Oueil	Castillon-de-Larboust	Cathervielle	Caubous	Cazarilh-Laspènes	Cazeaux-de-Larboust	Cier-de-Luchon	Cirès	Garin	Gouaux-de-Larboust	Gouaux-de-Luchon	Jurvielle	Juzet-de-Luchon	Mayrègne	Montauban-de-Luchon	Moustajon	Oô	Portet-de-Luchon	Poubeau	Saccourvielle	Saint-Aventin	Saint-Mamet	Saint-Paul-d'Oueil	Salles-et-Pratviel	Sode	Trébons-de-Luchon
31120	Goyrans	Lacroix-Falgarde	Pinsaguel	Portet-sur-Garonne	Roques	Roquettes
31130	Balma	Flourens	Pin-Balma	Quint-Fonsegrives
31140	Aucamville	Fonbeauzard	Launaguet	Montberon	Pechbonnieu	Saint-Alban	Saint-Loup-Cammas
31150	Bruguières	Fenouillet	Gagnac-sur-Garonne	Gratentour	Lespinasse
31160	Arbas	Arbon	Arguenos	Aspet	Boutx	Cabanac-Cazaux	Castelbiague	Cazaunous	Chein-Dessus	Couret	Encausse-les-Thermes	Estadens	Fougaron	Ganties	Herran	Izaut-de-l'Hôtel	Juzet-d'Izaut	Lespiteau	Milhas	Moncaup	Montastruc-de-Salies	Portet-d'Aspet	Razecueillé	Rouède	Sengouagnet	Soueich	Couledoux|Boutx
31170	Tournefeuille
31180	Castelmaurou	Lapeyrouse-Fossat	Rouffiac-Tolosan	Saint-Geniès-Bellevue
31190	Auragne	Auribail	Auterive	Caujac	Esperce	Grazac	Grépiac	Labruyère-Dorsa	Lagrâce-Dieu	Mauressac	Mauvaisin	Miremont	Puydaniel
31200	Toulouse
31210	Ardiège	Ausson	Bordes-de-Rivière	Clarac	Cuguron	Franquevielle	Gourdan-Polignan	Huos	Le Cuing	Les Tourreilles	Martres-de-Rivière	Montréjeau	Pointis-de-Rivière	Ponlat-Taillebourg
31220	Cazères	Couladère	Lavelanet-de-Comminges	Le Plan	Lescuns	Marignac-Laspeyres	Martres-Tolosane	Mauran	Mondavezan	Montberaud	Montclar-de-Comminges	Palaminy	Plagne	Saint-Julien-sur-Garonne	Saint-Michel	Sana
31230	Agassac	Ambax	Anan	Boissède	Castelgaillard	Cazac	Coueilles	Fabas	Frontignan-Savès	Goudex	L'Isle-en-Dodon	Labastide-Paumès	Lilhac	Martisserre	Mauvezin	Mirambeau	Molas	Montbernard	Montesquieu-Guittaut	Puymaurin	Riolas	Saint-Frajou	Saint-Laurent	Salherm
31240	L'Union	Saint-Jean
31250	Revel	Vaudreuille
31260	Ausseing	Belbèze-en-Comminges	Cassagne	Castagnède	Escoulis	Figarol	Francazal	His	Mane	Marsoulas	Mazères-sur-Salat	Montespan	Montgaillard-de-Salies	Montsaunès	Saleich	Salies-du-Salat	Touille	Urau
31270	Cugnaux	Frouzins	Villeneuve-Tolosane
31280	Aigrefeuille	Drémil-Lafage	Mons
31290	Avignonet-Lauragais	Beauteville	Cessales	Folcarde	Gardouch	Lagarde	Lux	Mauremont	Montclar-Lauragais	Montgaillard-Lauragais	Renneville	Rieumajou	Saint-Germier	Saint-Rome	Saint-Vincent	Trébons-sur-la-Grasse	Vallègue	Vieillevigne	Villefranche-de-Lauragais	Villenouvelle
31300	Toulouse
31310	Bax	Canens	Castagnac	Gensac-sur-Garonne	Goutevernisse	Gouzens	Lahitère	Lapeyrère	Latour	Latrape	Mailholas	Massabrac	Montbrun-Bocage	Montesquieu-Volvestre	Rieux-Volvestre	Saint-Christaud
31320	Aureville	Auzeville-Tolosane	Castanet-Tolosan	Mervilla	Péchabou	Pechbusque	Rebigue	Vieille-Toulouse	Vigoulet-Auzil
31330	Grenade	Larra	Launac	Le Burgaud	Merville	Ondes	Saint-Cézert
31340	Bondigoux	La Magdelaine-sur-Tarn	Layrac-sur-Tarn	Le Born	Mirepoix-sur-Tarn	Vacquiers	Villematier	Villemur-sur-Tarn
31350	Blajan	Boulogne-sur-Gesse	Cardeilhac	Castéra-Vignoles	Charlas	Ciadoux	Escanecrabe	Gensac-de-Boulogne	Lespugue	Mondilhan	Montgaillard-sur-Save	Montmaurin	Nénigan	Nizan-Gesse	Péguilhan	Saint-Ferréol-de-Comminges	Saint-Lary-Boujean	Saint-Loup-en-Comminges	Saint-Pé-Delbosc	Saman	Sarrecave	Sarremezan	Lunax|Péguilhan
31360	Arnaud-Guilhem	Auzas	Beauchalot	Boussens	Castillon-de-Saint-Martory	Laffite-Toupière	Le Fréchet	Lestelle-de-Saint-Martory	Mancioux	Proupiary	Roquefort-sur-Garonne	Saint-Martory	Saint-Médard	Sepx
31370	Beaufort	Bérat	Forgues	Labastide-Clermont	Lahage	Lautignac	Le Pin-Murelet	Monès	Montastruc-Savès	Montgras	Plagnole	Poucharramet	Rieumes	Sabonnères	Sajas	Savères
31380	Azas	Bazus	Garidech	Gémil	Gragnague	Montastruc-la-Conseillère	Montjoire	Montpitol	Paulhac	Roquesérière	Saint-Jean-Lherm	Villariès
31390	Bois-de-la-Pierre	Carbonne	Lacaugne	Lafitte-Vigordane	Marquefave	Peyssies	Salles-sur-Garonne
31400	Toulouse
31410	Capens	Lavernose-Lacasse	Le Fauga	Longages	Mauzac	Montaut	Montgazin	Noé	Saint-Hilaire	Saint-Sulpice-sur-Lèze
31420	Alan	Aulon	Aurignac	Bachas	Benque	Boussan	Bouzin	Cassagnabère-Tournas	Cazeneuve-Montaut	Eoux	Esparron	Francon	Montoulieu-Saint-Bernard	Peyrissas	Peyrouzet	Saint-André	Saint-Élix-Séglan	Samouillan	Terrebasse
31430	Castelnau-Picampeau	Casties-Labrande	Fustignac	Gratens	Le Fousseret	Lussan-Adeilhac	Marignac-Lasclares	Montégut-Bourjac	Montoussin	Polastron	Pouy-de-Touges	Saint-Araille	Saint-Élix-le-Château	Sénarens
31440	Argut-Dessous	Arlos	Bachos	Baren	Bezins-Garraux	Binos	Boutx	Burgalays	Cazaux-Layrisse	Chaum	Cierp-Gaud	Esténos	Eup	Fos	Fronsac	Guran	Lège	Marignac	Melles	Saint-Béat-Lez	Signac	Argut-Dessus|Boutx	Lez|Saint-Béat-Lez
31450	Ayguesvives	Baziège	Belberaud	Belbèze-de-Lauragais	Corronsac	Deyme	Donneville	Espanès	Fourquevaux	Issus	Labastide-Beauvoir	Montbrun-Lauragais	Montesquieu-Lauragais	Montgiscard	Montlaur	Noueilles	Odars	Pompertuzat	Pouze	Varennes
31460	Albiac	Auriac-sur-Vendinelle	Beauville	Cambiac	Caragoudes	Caraman	Francarville	La Salvetat-Lauragais	Le Cabanial	Le Faget	Loubens-Lauragais	Mascarville	Maureville	Mourvilles-Basses	Prunet	Saussens	Ségreville	Toutens	Vendine
31470	Bonrepos-sur-Aussonnelle	Bragayrac	Cambernard	Empeaux	Fonsorbes	Fontenilles	Saiguède	Saint-Lys	Saint-Thomas	Sainte-Foy-de-Peyrolières
31480	Bellesserre	Brignemont	Cabanac-Séguenville	Cadours	Caubiac	Cox	Drudas	Garac	Lagraulet-Saint-Nicolas	Laréole	Le Grès	Pelleport	Puysségur	Vignaux
31490	Brax	Léguevin
31500	Toulouse
31510	Antichan-de-Frontignes	Bagiry	Barbazan	Cier-de-Rivière	Frontignan-de-Comminges	Galié	Génos	Labroquère	Lourde	Luscan	Malvezie	Mont-de-Galié	Ore	Payssous	Saint-Bertrand-de-Comminges	Saint-Pé-d'Ardet	Sauveterre-de-Comminges	Seilhan	Valcabrère
31520	Ramonville-Saint-Agne
31530	Bellegarde-Sainte-Marie	Bretx	Lasserre-Pradère	Le Castéra	Lévignac	Menville	Mérenvielle	Montaigut-sur-Save	Saint-Paul-sur-Save	Sainte-Livrade	Thil
31540	Bélesta-en-Lauragais	Falga	Juzes	Maurens	Montégut-Lauragais	Mourvilles-Hautes	Nogaret	Roumens	Saint-Félix-Lauragais	Saint-Julia	Vaux
31550	Aignes	Cintegabelle	Gaillac-Toulza	Marliac
31560	Caignac	Calmont	Gibel	Monestrol	Montgeard	Nailloux	Saint-Léon	Seyre
31570	Aurin	Bourg-Saint-Bernard	Lanta	Préserville	Saint-Pierre-de-Lages	Sainte-Foy-d'Aigrefeuille	Tarabel	Vallesvilles
31580	Balesta	Boudrac	Cazaril-Tambourès	Larroque	Lécussan	Loudet	Saint-Plancard	Sédeilhac	Villeneuve-Lécussan
31590	Bonrepos-Riquet	Gauré	Lavalette	Saint-Marcel-Paulel	Saint-Pierre	Verfeil
31600	Eaunes	Labastidette	Lamasquère	Lherm	Muret	Saint-Clar-de-Rivière	Saubens	Seysses
31620	Bouloc	Castelnau-d'Estrétefonds	Cépet	Fronton	Gargas	Labastide-Saint-Sernin	Saint-Rustice	Villaudric	Villeneuve-lès-Bouloc
31650	Auzielle	Lauzerville	Saint-Orens-de-Gameville
31660	Bessières	Buzet-sur-Tarn
31670	Labège
31700	Beauzelle	Blagnac	Cornebarrieu	Daux	Mondonville
31750	Escalquens
31770	Colomiers
31780	Castelginest
31790	Saint-Jory	Saint-Sauveur
31800	Aspret-Sarrat	Estancarbon	Labarthe-Inard	Labarthe-Rivière	Lalouret-Laffiteau	Landorthe	Larcan	Latoue	Lieoux	Lodes	Miramont-de-Comminges	Pointis-Inard	Régades	Rieucazé	Saint-Gaudens	Saint-Ignan	Saint-Marcet	Saux-et-Pomarède	Savarthès	Valentine	Villeneuve-de-Rivière
31810	Clermont-le-Fort	Venerque	Vernet
31820	Pibrac
31830	Plaisance-du-Touch
31840	Aussonne	Seilh
31850	Beaupuy	Mondouzil	Montrabé
31860	Labarthe-sur-Lèze	Pins-Justaret	Villate
31870	Beaumont-sur-Lèze	Lagardelle-sur-Lèze
31880	La Salvetat-Saint-Gilles
32000	Auch
32100	Beaumont	Béraut	Blaziert	Cassaigne	Castelnau-sur-l'Auvignon	Caussens	Condom	Larressingle	Larroque-sur-l'Osse	Roquepine	Saint-Orens-Pouy-Petit
32110	Arblade-le-Haut	Bétous	Caupenne-d'Armagnac	Cravencères	Lanne-Soubiran	Laujuzan	Loubédat	Luppé-Violles	Magnan	Nogaro	Panjas	Saint-Griède	Saint-Martin-d'Armagnac	Sion	Sorbets	Urgosse
32120	Augnax	Avensac	Bajonnette	Homps	Labrihe	Mansempuy	Maravat	Mauvezin	Monfort	Puycasquier	Saint-Antonin	Saint-Brès	Saint-Orens	Sainte-Gemme	Sarrant	Sérempuy	Solomiac	Taybosc
32130	Bézéril	Cazaux-Savès	Labastide-Savès	Lahas	Monblanc	Nizas	Noilhan	Pébées	Polastron	Pompiac	Samatan	Savignac-Mona	Seysses-Savès
32140	Arrouède	Aussos	Bellegarde	Bézues-Bajon	Cap d'Astarac	Chélan	Esclassan-Labastide	Lalanne-Arqué	Lourties-Monbrun	Manent-Montané	Masseube	Monlaur-Bernet	Mont-d'Astarac	Panassac	Samaran	Sère	Cabas-Loumassès|Cap d'Astarac	Saint-Blancard|Cap d'Astarac
32150	Cazaubon	Larée	Marguestau	Monclar
32160	Beaumarchés	Couloumé-Mondebat	Galiax	Jû-Belloc	Lasserrade	Plaisance	Préchac-sur-Adour	Saint-Aunix-Lengros	Tasque	Tieste-Uragnoux
32170	Aux-Aussat	Barcugnan	Bazugues	Castex	Duffort	Estampes	Laas	Laguian-Mazous	Manas-Bastanous	Marseillan	Miélan	Monpardiac	Mont-de-Marrast	Sadeillan	Sainte-Dode	Sarraguzan	Tillac
32190	Bascous	Belmont	Caillavet	Callian	Castillon-Debats	Cazaux-d'Anglès	Dému	Justian	Lannepax	Marambat	Mourède	Préneron	Roquebrune	Rozès	Saint-Jean-Poutge	Saint-Paul-de-Baïse	Séailles	Tudelle	Vic-Fezensac	Lagraulas|Vic-Fezensac
32200	Catonvielle	Escornebœuf	Gimont	Giscaro	Juilles	Maurens	Montiron	Saint-André	Saint-Caprais	Saint-Germier	Sainte-Marie
32220	Cadeillan	Espaon	Garravet	Gaujac	Laymont	Lombez	Mongausy	Montadet	Montamat	Montégut-Savès	Montpezat	Puylausic	Saint-Lizier-du-Planté	Saint-Loube	Saint-Soulan	Sauveterre	Sauvimont
32230	Armentieux	Armous-et-Cau	Blousson-Sérian	Cazaux-Villecomtal	Courties	Gazax-et-Baccarisse	Juillac	Ladevèze-Rivière	Ladevèze-Ville	Laveraët	Louslitges	Marciac	Mascaras	Monlezun	Pallanne	Peyrusse-Vieille	Ricourt	Saint-Justin	Scieurac-et-Flourès	Sembouès	Tourdun	Troncens
32240	Castex-d'Armagnac	Estang	Lannemaignan	Lias-d'Armagnac	Mauléon-d'Armagnac	Maupas	Monguilhem	Monlezun-d'Armagnac	Mormès	Toujouse
32250	Castelnau d'Auzan Labarrère	Fourcès	Montréal	Labarrère|Castelnau d'Auzan Labarrère
32260	Durban	Labarthe	Lamaguère	Moncorneil-Grazan	Monferran-Plavès	Orbessan	Ornézan	Pouy-Loubrin	Sansan	Seissan	Tachoires	Artiguedieu|Seissan
32270	Ansan	Aubiet	Blanquefort	Crastes	L'Isle-Arné	Lussan	Marsan	Nougaroulet	Saint-Sauvy
32290	Aignan	Avéron-Bergelle	Bouzon-Gellenave	Castelnavet	Loussous-Débat	Lupiac	Margouët-Meymes	Pouydraguin	Sabazan	Saint-Pierre-d'Aubézies
32300	Aujan-Mournède	Bars	Belloc-Saint-Clamens	Berdoues	Clermont-Pouyguillès	Cuélas	Estipouy	Idrac-Respaillès	L'Isle-de-Noé	Labéjan	Lagarde-Hachan	Lamazère	Loubersan	Miramont-d'Astarac	Mirande	Moncassin	Monclar-sur-Losse	Montaut	Mouchès	Ponsampère	Ponsan-Soubiran	Saint-Arroman	Saint-Élix-Theux	Saint-Martin	Saint-Maur	Saint-Médard	Saint-Michel	Saint-Ost	Sainte-Aurence-Cazaux	Sauviac	Viozan
32310	Bezolles	Lagardère	Maignaut-Tauzia	Mansencôme	Roques	Saint-Puy	Valence-sur-Baïse
32320	Bassoues	Bazian	Castelnau-d'Anglès	Montesquiou	Peyrusse-Grande	Pouylebon	Riguepeu	Saint-Christaud
32330	Courrensan	Gondrin	Lagraulet-du-Gers	Lauraët	Mouchan
32340	Castet-Arrouy	Flamarens	Gimbrède	Miradoux	Peyrecave	Plieux	Saint-Antoine
32350	Barran	Biran	Le Brouilh-Monbert	Mirannes	Ordan-Larroque	Saint-Arailles
32360	Antras	Castillon-Massas	Jegun	Lavardens	Mérens	Peyrusse-Massas	Saint-Lary
32370	Bourrouillan	Espas	Manciet	Sainte-Christie-d'Armagnac	Salles-d'Armagnac
32380	Avezan	Bivès	Cadeilhan	Castéron	Estramiac	Gaudonville	L'Isle-Bouzon	Magnas	Mauroux	Pessoulens	Saint-Clar	Saint-Créac	Saint-Léonard	Tournecoupe
32390	Gavarret-sur-Aulouste	Miramont-Latour	Mirepoix	Montestruc-sur-Gers	Préchac	Puységur	Réjaumont	Roquefort	Sainte-Christie	Tourrenquets
32400	Aurensan	Bernède	Cahuzac-sur-Adour	Caumont	Corneillan	Fustérouau	Goux	Izotges	Labarthète	Lannux	Lelin-Lapujolle	Maulichères	Maumusson-Laguian	Projan	Riscle	Saint-Germé	Saint-Mont	Sarragachies	Ségos	Tarsac	Termes-d'Armagnac	Verlus	Viella	Cannet|Riscle
32410	Ayguetinte	Beaucaire	Bonas	Castéra-Verduzan	Cézan	Larroque-Saint-Sernin
32420	Betcave-Aguin	Cap d'Astarac	Gaujan	Meilhan	Monties	Pellefigue	Sabaillan	Simorre	Tournan	Villefranche-d'Astarac	Monbardon|Cap d'Astarac	Sarcos|Cap d'Astarac
32430	Ardizas	Cologne	Encausse	Roquelaure-Saint-Aubin	Saint-Cricq	Saint-Georges	Sainte-Anne	Sirac	Thoux	Touget
32440	Castelnau d'Auzan Labarrère
32450	Aurimont	Bédéchan	Boulaur	Castelnau-Barbarens	Faget-Abbatial	Lartigue	Saint-Élix-d'Astarac	Saint-Martin-Gimois	Saramon	Sémézies-Cachan	Tirent-Pontéjac	Traversères
32460	Le Houga	Perchède
32480	Berrac	Gazaupouy	La Romieu	Larroque-Engalin	Ligardes	Pouy-Roquelaure	Saint-Martin-de-Goyne
32490	Castillon-Savès	Frégouville	Marestaing	Monferran-Savès
32500	Brugnens	Castelnau-d'Arbieu	Céran	Fleurance	Goutz	La Sauvetat	Lalanne	Lamothe-Goas	Pauilhac	Pis	Sainte-Radegonde	Urdens
32550	Auterive	Boucagnères	Haulies	Lasséran	Lasseube-Propre	Montégut	Pavie	Pessan	Saint-Jean-le-Comtal
32600	Auradé	Beaupuy	Clermont-Savès	Endoufielle	L'Isle-Jourdain	Lias	Monbrun	Pujaudran	Razengues	Ségoufielle
32700	Castéra-Lectourois	Lagarde	Lectoure	Marsolan	Mas-d'Auvignon	Pergain-Taillac	Saint-Avit-Frandat	Saint-Mézard	Sainte-Mère	Sempesserre	Terraube
32720	Arblade-le-Bas	Barcelonne-du-Gers	Gée-Rivière	Vergoignan
32730	Beccas	Betplan	Haget	Malabat	Montégut-Arros	Villecomtal-sur-Arros
32800	Ayzieu	Bretagne-d'Armagnac	Campagne-d'Armagnac	Cazeneuve	Eauze	Noulens	Ramouzens	Réans
32810	Castin	Duran	Lahitte	Leboulin	Montaut-les-Créneaux	Preignan	Roquelaure
33000	Bordeaux
33100	Bordeaux
33110	Le Bouscat
33112	Saint-Laurent-Médoc
33113	Bourideys	Cazalis	Origne	Saint-Léger-de-Balson	Saint-Symphorien
33114	Le Barp
33115	La Teste-de-Buch
33120	Arcachon
33121	Carcans
33123	Le Verdon-sur-Mer
33124	Aillas	Auros	Berthez	Brannens	Brouqueyran	Lados	Savignac
33125	Hostens	Le Tuzan	Louchats	Saint-Magne
33126	Fronsac	La Rivière	Saint-Aignan	Saint-Michel-de-Fronsac
33127	Martignas-sur-Jalle	Saint-Jean-d'Illac
33130	Bègles
33133	Galgon
33138	Lanton
33140	Cadaujac	Villenave-d'Ornon
33141	Saillans	Villegouge
33150	Cenon
33160	Saint-Aubin-de-Médoc	Saint-Médard-en-Jalles	Salaunes
33170	Gradignan
33180	Saint-Estèphe	Saint-Seurin-de-Cadourne	Vertheuil
33185	Le Haillan
33190	Bagas	Barie	Bassanne	Blaignac	Bourdelles	Camiran	Casseuil	Floudès	Fontet	Fossès-et-Baleyssac	Gironde-sur-Dropt	Hure	La Réole	Lamothe-Landerron	Les Esseintes	Loubens	Loupiac-de-la-Réole	Mongauzy	Montagoudin	Morizès	Noaillac	Pondaurat	Puybarban	Saint-Exupéry	Saint-Hilaire-de-la-Noaille	Saint-Laurent-du-Plan	Saint-Michel-de-Lapujade	Saint-Sève
33200	Bordeaux
33210	Bieujac	Bommes	Castets et Castillon	Coimères	Fargues	Langon	Léogeats	Mazères	Preignac	Pujols-sur-Ciron	Roaillan	Saint-Loubert	Saint-Pardon-de-Conques	Saint-Pierre-de-Mons	Sauternes	Toulenne	Castets-en-Dorthe|Castets et Castillon	Castillon-de-Castets|Castets et Castillon
33220	Caplong	Eynesse	Fougueyrolles	La Roquille	Les Lèves-et-Thoumeyragues	Ligueux	Margueron	Pineuilh	Port-Sainte-Foy-et-Ponchapt	Riocaud	Saint-André-et-Appelles	Saint-Avit-de-Soulège	Saint-Avit-Saint-Nazaire	Saint-Philippe-du-Seignal	Saint-Quentin-de-Caplong	Sainte-Foy-la-Grande
33230	Abzac	Bayas	Chamadelle	Coutras	Guîtres	Lagorce	Le Fieu	Les Églisottes-et-Chalaures	Les Peintures	Maransin	Saint-Christophe-de-Double	Saint-Médard-de-Guizières
33240	Asques	Cadillac-en-Fronsadais	Cubzac-les-Ponts	Gauriaguet	La Lande-de-Fronsac	Lugon-et-l'Île-du-Carnay	Mouillac	Périssac	Peujard	Saint-André-de-Cubzac	Saint-Genès-de-Fronsac	Saint-Germain-de-la-Rivière	Saint-Gervais	Saint-Laurent-d'Arce	Saint-Romain-la-Virvée	Tarnès	Val de Virvée	Vérac	Virsac	Aubie-et-Espessas|Val de Virvée	Saint-Antoine|Val de Virvée	Salignac|Val de Virvée
33250	Cissac-Médoc	Pauillac	Saint-Julien-Beychevelle	Saint-Sauveur
33260	La Teste-de-Buch
33270	Bouliac	Floirac
33290	Blanquefort	Le Pian-Médoc	Ludon-Médoc	Parempuyre
33300	Bordeaux
33310	Lormont
33320	Eysines	Le Taillan-Médoc
33330	Saint-Christophe-des-Bardes	Saint-Émilion	Saint-Étienne-de-Lisse	Saint-Hippolyte	Saint-Laurent-des-Combes	Saint-Pey-d'Armens	Saint-Sulpice-de-Faleyrens	Vignonet
33340	Bégadan	Blaignan-Prignac	Civrac-en-Médoc	Couquèques	Gaillan-en-Médoc	Lesparre-Médoc	Ordonnac	Queyrac	Saint-Christoly-Médoc	Saint-Germain-d'Esteuil	Saint-Yzans-de-Médoc	Valeyrac
33350	Belvès-de-Castillon	Bossugan	Castillon-la-Bataille	Civrac-sur-Dordogne	Doulezon	Flaujagues	Gardegan-et-Tourtirac	Les Salles-de-Castillon	Mérignas	Mouliets-et-Villemartin	Pujols	Ruch	Saint-Genès-de-Castillon	Saint-Magne-de-Castillon	Saint-Pey-de-Castets	Saint-Philippe-d'Aiguilhe	Sainte-Colombe	Sainte-Florence	Sainte-Radegonde	Sainte-Terre
33360	Camblanes-et-Meynac	Carignan-de-Bordeaux	Cénac	Latresne	Lignan-de-Bordeaux	Quinsac
33370	Artigues-près-Bordeaux	Bonnetan	Fargues-Saint-Hilaire	Loupes	Pompignac	Sallebœuf	Tresses	Yvrac
33380	Biganos	Marcheprime	Mios
33390	Anglade	Berson	Blaye	Campugnan	Cars	Cartelègue	Eyrans	Fours	Mazion	Plassac	Saint-Androny	Saint-Genès-de-Blaye	Saint-Martin-Lacaussade	Saint-Paul	Saint-Seurin-de-Cursac
33400	Talence
33410	Béguey	Cadillac-sur-Garonne	Cardan	Donzac	Gabarnac	Laroque	Loupiac	Monprimblanc	Mourens	Omet	Rions	Sainte-Croix-du-Mont
33420	Branne	Cabara	Camiac-et-Saint-Denis	Daignac	Dardenac	Espiet	Génissac	Grézillac	Guillac	Jugazan	Lugaignac	Moulon	Naujan-et-Postiac	Rauzan	Saint-Aubin-de-Branne	Saint-Jean-de-Blaignac	Saint-Vincent-de-Pertignas	Tizac-de-Curton
33430	Aubiac	Bazas	Bernos-Beaulac	Birac	Cazats	Cudos	Gajac	Gans	Le Nizan	Lignan-de-Bazas	Marimbault	Saint-Côme	Sauviac
33440	Ambarès-et-Lagrave	Saint-Louis-de-Montferrand	Saint-Vincent-de-Paul
33450	Izon	Montussan	Saint-Loubès	Saint-Sulpice-et-Cameyrac
33460	Arcins	Arsac	Cussac-Fort-Médoc	Labarde	Lamarque	Macau	Margaux-Cantenac	Soussans
33470	Gujan-Mestras	Le Teich
33480	Avensan	Brach	Castelnau-de-Médoc	Listrac-Médoc	Moulis-en-Médoc	Sainte-Hélène
33490	Caudrot	Le Pian-sur-Garonne	Saint-André-du-Bois	Saint-Germain-de-Grave	Saint-Macaire	Saint-Maixant	Saint-Martial	Saint-Martin-de-Sescas	Saint-Pierre-d'Aurillac	Sainte-Foy-la-Longue	Semens	Verdelais
33500	Arveyres	Lalande-de-Pomerol	Les Billaux	Libourne	Néac	Pomerol
33510	Andernos-les-Bains
33520	Bruges
33530	Bassens
33540	Blasimon	Castelmoron-d'Albret	Castelviel	Caumont	Cleyrac	Coirac	Daubèze	Gornac	Landerrouet-sur-Ségur	Mauriac	Mesterrieux	Saint-Brice	Saint-Félix-de-Foncaude	Saint-Hilaire-du-Bois	Saint-Laurent-du-Bois	Saint-Martin-de-Lerm	Saint-Martin-du-Puy	Saint-Sulpice-de-Pommiers	Sauveterre-de-Guyenne
33550	Capian	Haux	Langoiran	Le Tourne	Lestiac-sur-Garonne	Paillet	Tabanac	Villenave-de-Rions
33560	Carbon-Blanc	Sainte-Eulalie
33570	Francs	Les Artigues-de-Lussac	Lussac	Montagne	Petit-Palais-et-Cornemps	Puisseguin	Saint-Cibard	Tayac
33580	Cours-de-Monségur	Coutures	Dieulivol	Le Puy	Monségur	Neuffons	Rimons	Roquebrune	Saint-Ferme	Saint-Sulpice-de-Guilleragues	Saint-Vivien-de-Monségur	Sainte-Gemme	Taillecavat
33590	Grayan-et-l'Hôpital	Jau-Dignac-et-Loirac	Saint-Vivien-de-Médoc	Talais	Vensac
33600	Pessac
33610	Canéjan	Cestas
33620	Cavignac	Cézac	Cubnezais	Lapouyade	Laruscade	Marcenais	Marsas	Saint-Mariens	Tizac-de-Lapouyade
33640	Arbanats	Ayguemorte-les-Graves	Beautiran	Castres-Gironde	Isle-Saint-Georges	Portets
33650	Cabanac-et-Villagrains	La Brède	Martillac	Saint-Médard-d'Eyrans	Saint-Morillon	Saint-Selve	Saucats
33660	Camps-sur-l'Isle	Gours	Porchères	Puynormand	Saint-Antoine-sur-l'Isle	Saint-Sauveur-de-Puynormand	Saint-Seurin-sur-l'Isle
33670	Blésignac	Créon	Cursan	La Sauve	Le Pout	Madirac	Sadirac	Saint-Genès-de-Lombaud	Saint-Léon
33680	Lacanau	Le Porge	Le Temple	Saumos
33690	Cauvignac	Cours-les-Bains	Grignols	Labescau	Lavazan	Marions	Masseilles	Sendets	Sigalens	Sillas
33700	Mérignac
33710	Bayon-sur-Gironde	Bourg	Comps	Gauriac	Lansac	Mombrier	Prignac-et-Marcamps	Pugnac	Saint-Ciers-de-Canesse	Saint-Seurin-de-Bourg	Saint-Trojan	Samonac	Tauriac	Teuillac	Villeneuve
33720	Barsac	Budos	Cérons	Guillos	Illats	Landiras	Podensac	Saint-Michel-de-Rieufret	Virelade
33730	Balizac	Noaillan	Pompéjac	Préchac	Uzeste	Villandraut
33740	Arès
33750	Baron	Beychac-et-Caillau	Cadarsac	Camarsac	Croignon	Nérigean	Saint-Germain-du-Puch	Saint-Quentin-de-Baron
33760	Baigneaux	Bellebat	Bellefond	Cessac	Courpiac	Escoussans	Faleyras	Frontenac	Ladaux	Lugasson	Martres	Montignac	Porte-de-Benauge	Romagne	Saint-Pierre-de-Bat	Soulignac	Targon	Saint-Genis-du-Bois|Porte-de-Benauge
33770	Salles
33780	Soulac-sur-Mer
33790	Auriolles	Cazaugitat	Landerrouat	Listrac-de-Durèze	Massugas	Pellegrue	Saint-Antoine-du-Queyret	Soussac
33800	Bordeaux
33810	Ambès
33820	Braud-et-Saint-Louis	Étauliers	Pleine-Selve	Saint-Aubin-de-Blaye	Saint-Ciers-sur-Gironde	Saint-Palais	Val-de-Livenne	Saint-Caprais-de-Blaye|Val-de-Livenne
33830	Belin-Béliet	Lugos
33840	Captieux	Escaudes	Giscos	Goualade	Lartigue	Lerm-et-Musset	Lucmau	Saint-Michel-de-Castelnau
33850	Léognan
33860	Donnezac	Reignac	Val-de-Livenne	Marcillac|Val-de-Livenne
33870	Vayres
33880	Baurech	Cambes	Saint-Caprais-de-Bordeaux
33890	Coubeyrac	Gensac	Juillac	Pessac-sur-Dordogne
33910	Bonzac	Sablons	Saint-Ciers-d'Abzac	Saint-Denis-de-Pile	Saint-Martin-de-Laye	Saint-Martin-du-Bois	Savignac-de-l'Isle
33920	Civrac-de-Blaye	Générac	Saint-Christoly-de-Blaye	Saint-Girons-d'Aiguevives	Saint-Savin	Saint-Vivien-de-Blaye	Saint-Yzan-de-Soudiac	Saugon
33930	Vendays-Montalivet
33950	Lège-Cap-Ferret
33970	Lège-Cap-Ferret
33980	Audenge
33990	Hourtin	Naujac-sur-Mer
34000	Montpellier
34070	Montpellier
34080	Montpellier
34090	Montpellier
34110	Frontignan	Mireval	Vic-la-Gardiole
34120	Castelnau-de-Guers	Cazouls-d'Hérault	Lézignan-la-Cèbe	Nézignan-l'Évêque	Pézenas	Tourbes
34130	Candillargues	Lansargues	Mauguio	Mudaison	Saint-Aunès	Valergues
34140	Bouzigues	Loupian	Mèze
34150	Aniane	Arboras	Gignac	La Boissière	Lagamas	Montpeyroux	Puéchabon	Saint-Guilhem-le-Désert	Saint-Jean-de-Fos
34160	Beaulieu	Boisseron	Buzignargues	Campagne	Castries	Galargues	Garrigues	Montaud	Restinclières	Saint-Bauzille-de-Montmel	Saint-Drézéry	Saint-Geniès-des-Mourgues	Saint-Hilaire-de-Beauvoir	Saint-Jean-de-Cornies	Saussines	Sussargues
34170	Castelnau-le-Lez
34190	Agonès	Brissac	Cazilhac	Ferrières-les-Verreries	Ganges	Gorniès	Laroque	Montoulieu	Moulès-et-Baucels	Saint-André-de-Buèges	Saint-Bauzille-de-Putois	Saint-Maurice-Navacelles
34200	Sète
34210	Agel	Aigne	Aigues-Vives	Azillanet	Beaufort	Cassagnoles	Cesseras	Félines-Minervois	Ferrals-les-Montagnes	La Caunette	La Livinière	Minerve	Olonzac	Oupia	Siran
34220	Boisset	Courniou	Rieussec	Riols	Saint-Pons-de-Thomières	Vélieux	Verreries-de-Moussans
34230	Adissan	Aumelas	Bélarga	Campagnan	Le Pouget	Paulhan	Plaissan	Popian	Pouzols	Puilacher	Saint-Bauzille-de-la-Sylve	Saint-Pargoire	Saint-Pons-de-Mauchiens	Tressan	Usclas-d'Hérault	Vendémian
34240	Combes	Lamalou-les-Bains
34250	Palavas-les-Flots
34260	Avène	Camplong	Ceilhes-et-Rocozels	Graissessac	La Tour-sur-Orb	Le Bousquet-d'Orb	Saint-Étienne-Estréchoux
34270	Cazevieille	Claret	Fontanès	Lauret	Le Triadou	Les Matelles	Saint-Jean-de-Cuculles	Saint-Mathieu-de-Tréviers	Sainte-Croix-de-Quintillargues	Sauteyrargues	Vacquières	Valflaunès
34280	La Grande-Motte
34290	Abeilhan	Alignan-du-Vent	Bassan	Coulobres	Espondeilhan	Lieuran-lès-Béziers	Montblanc	Servian	Valros
34300	Agde
34310	Capestang	Cruzy	Montady	Montels	Montouliers	Poilhes	Quarante
34320	Fontès	Fos	Gabian	Margon	Montesquieu	Neffiès	Nizas	Roquessels	Roujan	Vailhan
34330	Cambon-et-Salvergues	Fraisse-sur-Agout	La Salvetat-sur-Agout	Le Soulié
34340	Marseillan
34350	Valras-Plage	Vendres
34360	Assignan	Babeau-Bouldoux	Berlou	Cébazan	Ferrières-Poussarou	Pardailhan	Pierrerue	Prades-sur-Vernazobre	Saint-Chinian	Saint-Jean-de-Minervois	Villespassans
34370	Cazouls-lès-Béziers	Creissan	Maraussan	Maureilhan
34380	Argelliers	Causse-de-la-Selle	Mas-de-Londres	Notre-Dame-de-Londres	Pégairolles-de-Buèges	Rouet	Saint-Jean-de-Buèges	Saint-Martin-de-Londres	Viols-en-Laval	Viols-le-Fort
34390	Colombières-sur-Orb	Mons	Olargues	Prémian	Saint-Étienne-d'Albagnan	Saint-Julien	Saint-Martin-de-l'Arçon	Saint-Vincent-d'Olargues	Vieussan
34400	Entre-Vignes	Lunel	Lunel-Viel	Saint-Just	Saint-Nazaire-de-Pézan	Saint-Sériès	Saturargues	Villetelle	Saint-Christol|Entre-Vignes	Vérargues|Entre-Vignes
34410	Sauvian	Sérignan
34420	Cers	Portiragnes	Villeneuve-lès-Béziers
34430	Saint-Jean-de-Védas
34440	Colombiers	Nissan-lez-Enserune
34450	Vias
34460	Cazedarnes	Cessenon-sur-Orb	Roquebrun
34470	Pérols
34480	Autignac	Cabrerolles	Fouzilhon	Laurens	Magalas	Pouzolles	Puimisson	Puissalicon	Saint-Geniès-de-Fontedit
34490	Causses-et-Veyran	Corneilhan	Lignan-sur-Orb	Murviel-lès-Béziers	Pailhès	Saint-Nazaire-de-Ladarez	Thézan-lès-Béziers
34500	Béziers	Villeneuve-lès-Béziers
34510	Florensac
34520	La Vacquerie-et-Saint-Martin-de-Castries	Le Caylar	Le Cros	Les Rives	Saint-Félix-de-l'Héras	Saint-Maurice-Navacelles	Saint-Michel	Saint-Pierre-de-la-Fage	Sorbs
34530	Aumes	Montagnac
34540	Balaruc-le-Vieux	Balaruc-les-Bains
34550	Bessan
34560	Montbazin	Poussan	Villeveyrac
34570	Montarnaud	Murviel-lès-Montpellier	Pignan	Saint-Paul-et-Valmalle	Saussan	Vailhauquès
34590	Marsillargues
34600	Bédarieux	Carlencas-et-Levas	Caussiniojouls	Faugères	Hérépian	Le Poujol-sur-Orb	Le Pradal	Les Aires	Pézènes-les-Mines	Taussac-la-Billière	Villemagne-l'Argentière
34610	Castanet-le-Haut	Rosis	Saint-Geniès-de-Varensal	Saint-Gervais-sur-Mare
34620	Puisserguier
34630	Saint-Thibéry
34650	Brenas	Joncels	Lunas-les-Châteaux	Romiguières	Roqueredonde	Dio-et-Valquières|Lunas-les-Châteaux	Lunas|Lunas-les-Châteaux
34660	Cournonsec	Cournonterral
34670	Baillargues	Saint-Brès
34680	Saint-Georges-d'Orques
34690	Fabrègues
34700	Celles	Fozières	Lauroux	Lavalette	Le Bosc	Le Puech	Les Plans	Lodève	Olmet-et-Villecun	Pégairolles-de-l'Escalette	Poujols	Saint-Étienne-de-Gourgas	Saint-Jean-de-la-Blaquière	Saint-Privat	Soubès	Soumont	Usclas-du-Bosc
34710	Lespignan
34720	Caux
34725	Jonquières	Saint-André-de-Sangonis	Saint-Félix-de-Lodez	Saint-Guiraud	Saint-Saturnin-de-Lucian
34730	Prades-le-Lez	Saint-Vincent-de-Barbeyrargues
34740	Vendargues
34750	Villeneuve-lès-Maguelone
34760	Boujan-sur-Libron
34770	Gigean
34790	Grabels
34800	Aspiran	Brignac	Cabrières	Canet	Ceyras	Clermont-l'Hérault	Lacoste	Liausson	Lieuran-Cabrières	Mérifons	Mourèze	Nébian	Octon	Péret	Salasc	Valmascle	Villeneuvette
34810	Pomérols
34820	Assas	Guzargues	Teyran
34830	Clapiers	Jacou
34850	Pinet
34880	Lavérune
34920	Le Crès
34970	Lattes
34980	Combaillaux	Montferrier-sur-Lez	Murles	Saint-Clément-de-Rivière	Saint-Gély-du-Fesc
34990	Juvignac
35000	Rennes
35111	La Fresnais	Lillemer
35113	Domagné	Chaumeré|Domagné
35114	Saint-Benoît-des-Ondes
35120	Baguer-Morvan	Baguer-Pican	Broualan	Cherrueix	Dol-de-Bretagne	Epiniac	Hirel	La Boussac	Mont-Dol	Roz-Landrieux	Saint-Broladre	Saint-Marcan
35130	Arbrissel	Availles-sur-Seiche	Drouges	La Guerche-de-Bretagne	La Selle-Guerchaise	Moussé	Moutiers	Rannée	Visseiche
35131	Chartres-de-Bretagne	Pont-Péan
35132	Vezin-le-Coquet
35133	Beaucé	Billé	Javené	La Chapelle-Fleurigné	La Selle-en-Luitré	Laignelet	Landéan	Le Châtellier	Le Loroux	Lécousse	Luitré-Dompierre	Parigné	Romagné	Saint-Germain-en-Coglès	Saint-Sauveur-des-Landes	Fleurigné|La Chapelle-Fleurigné	La Chapelle-Janson|La Chapelle-Fleurigné	Luitré|Luitré-Dompierre
35134	Coësmes	Sainte-Colombe	Thourie
35135	Chantepie
35136	Saint-Jacques-de-la-Lande
35137	Bédée	La Nouaye	Pleumeleuc
35140	Gosné	La Chapelle-Saint-Aubert	Mézières-sur-Couesnon	Rives-du-Couesnon	Saint-Aubin-du-Cormier	Saint-Christophe-de-Valains	Saint-Hilaire-des-Landes	Saint-Ouen-des-Alleux	Saint-Georges-de-Chesné|Rives-du-Couesnon	Saint-Jean-sur-Couesnon|Rives-du-Couesnon	Saint-Marc-sur-Couesnon|Rives-du-Couesnon	Vendel|Rives-du-Couesnon
35150	Amanlis	Boistrudan	Brie	Chanteloup	Corps-Nuds	Essé	Janzé	Piré-Chancé	Piré-sur-Seiche|Piré-Chancé
35160	Breteil	Le Verger	Monterfil	Montfort-sur-Meu	Talensac
35170	Bruz
35190	Bécherel	Cardroc	La Baussaine	La Chapelle-aux-Filtzméens	Longaulnay	Miniac-sous-Bécherel	Québriac	Saint-Domineuc	Saint-Pern	Saint-Thual	Tinténiac	Trévérien	Trimer
35200	Rennes
35210	Châtillon-en-Vendelais	Combourtillé	Luitré-Dompierre	Montautour	Montreuil-des-Landes	Parcé	Princé	Saint-Christophe-des-Bois	Dompierre-du-Chemin|Luitré-Dompierre
35220	Châteaubourg	Marpiré	Saint-Didier	Saint-Jean-sur-Vilaine
35230	Bourgbarré	Noyal-Châtillon-sur-Seiche	Orgères	Saint-Armel	Saint-Erblon
35235	Thorigné-Fouillard
35240	Le Theil-de-Bretagne	Marcillé-Robert	Retiers
35250	Andouillé-Neuville	Aubigné	Chasné-sur-Illet	Chevaigné	Mouazé	Saint-Aubin-d'Aubigné	Saint-Germain-sur-Ille	Saint-Médard-sur-Ille	Saint-Sulpice-la-Forêt
35260	Cancale
35270	Bonnemain	Combourg	Cuguen	Lanrigan	Lourmais	Meillac	Saint-Léger-des-Prés	Trémeheuc
35290	Gaël	Le Crouais	Muel	Quédillac	Saint-Méen-le-Grand	Saint-Onen-la-Chapelle
35300	Fougères
35310	Bréal-sous-Montfort	Chavagne	Cintré	Mordelles	Saint-Thurial
35320	Crevin	La Bosse-de-Bretagne	La Couyère	Lalleu	Le Petit-Fougeray	Le Sel-de-Bretagne	Pancé	Poligné	Saulnières	Tresbœuf
35330	Bovel	Comblessac	La Chapelle-Bouëxic	Les Brulais	Loutehel	Mernel	Saint-Séglin	Val d'Anast	Campel|Val d'Anast	Maure-de-Bretagne|Val d'Anast
35340	Ercé-près-Liffré	La Bouëxière	Liffré
35350	La Gouesnière	Saint-Coulomb	Saint-Méloir-des-Ondes
35360	Boisgervilly	La Chapelle du Lou du Lac	Landujan	Médréac	Montauban-de-Bretagne	Saint-Uniac	Saint-M'Hervon|Montauban-de-Bretagne
35370	Argentré-du-Plessis	Bréal-sous-Vitré	Brielles	Étrelles	Gennes-sur-Seiche	Le Pertre	Mondevert	Saint-Germain-du-Pinel	Torcé
35380	Maxent	Paimpont	Plélan-le-Grand	Saint-Péran	Treffendel
35390	Grand-Fougeray	La Dominelais	Saint-Sulpice-des-Landes	Sainte-Anne-sur-Vilaine
35400	Saint-Malo
35410	Châteaugiron	Domloup	Nouvoitou	Ossé|Châteaugiron	Saint-Aubin-du-Pavail|Châteaugiron
35420	La Bazouge-du-Désert	Le Ferré	Louvigné-du-Désert	Mellé	Monthault	Poilley	Saint-Georges-de-Reintembault	Villamée
35430	Châteauneuf-d'Ille-et-Vilaine	La Ville-ès-Nonais	Saint-Guinoux	Saint-Jouan-des-Guérets	Saint-Père-Marc-en-Poulet	Saint-Suliac
35440	Dingé	Feins	Guipel	Montreuil-sur-Ille
35450	Dourdain	Landavran	Livré-sur-Changeon	Mecé	Val-d'Izé
35460	Le Tiercent	Les Portes du Coglais	Maen Roch	Saint-Marc-le-Blanc	Val-Couesnon	Baillé|Saint-Marc-le-Blanc	Coglès|Les Portes du Coglais	La Selle-en-Coglès|Les Portes du Coglais	Montours|Les Portes du Coglais	Saint-Brice-en-Coglès|Maen Roch	Saint-Étienne-en-Coglès|Maen Roch	Saint-Ouen-la-Rouërie|Val-Couesnon	Tremblay|Val-Couesnon
35470	Bain-de-Bretagne	La Noë-Blanche	Pléchâtel
35480	Guipry-Messac	Saint-Malo-de-Phily
35490	Chauvigné	Gahard	Romazy	Sens-de-Bretagne	Vieux-Vy-sur-Couesnon
35500	Balazé	Champeaux	Cornillé	Erbrée	La Chapelle-Erbrée	Montreuil-sous-Pérouse	Pocé-les-Bois	Saint-Aubin-des-Landes	Saint-M'Hervé	Taillis	Vitré
35510	Cesson-Sévigné
35520	La Chapelle-des-Fougeretz	La Mézière	Melesse	Montreuil-le-Gast
35530	Brécé	Noyal-sur-Vilaine	Servon-sur-Vilaine
35540	Le Tronchet	Miniac-Morvan	Plerguer
35550	Bruc-sur-Aff	Lieuron	Lohéac	Pipriac	Saint-Ganton	Saint-Just	Sixt-sur-Aff
35560	Bazouges-la-Pérouse	Marcillé-Raoul	Noyal-sous-Bazouges	Rimou	Saint-Rémy-du-Plain	Val-Couesnon	Antrain|Val-Couesnon	La Fontenelle|Val-Couesnon
35580	Baulon	Goven	Guichen	Guignen	Lassy	Saint-Senoux
35590	Clayes	L'Hermitage	La Chapelle-Thouarault	Saint-Gilles
35600	Bains-sur-Oust	Redon	Sainte-Marie
35610	Pleine-Fougères	Roz-sur-Couesnon	Sains	Saint-Georges-de-Gréhaigne	Sougeal	Trans-la-Forêt	Vieux-Viel
35620	Ercé-en-Lamée	Teillay
35630	Hédé-Bazouges	La Chapelle-Chaussée	Langouet	Les Iffs	Saint-Brieuc-des-Iffs	Saint-Gondran	Saint-Symphorien	Vignoc
35640	Chelun	Eancé	Forges-la-Forêt	Martigné-Ferchaud
35650	Le Rheu
35660	La Chapelle-de-Brain	Langon	Renac
35680	Bais	Domalain	Louvigné-de-Bais	Moulins	Piré-Chancé	Vergéal	Chancé|Piré-Chancé
35690	Acigné
35700	Rennes
35720	Mesnil-Roc'h	Plesder	Pleugueneuc	Lanhélin|Mesnil-Roc'h	Saint-Pierre-de-Plesguen|Mesnil-Roc'h	Tressé|Mesnil-Roc'h
35730	Pleurtuit
35740	Pacé
35750	Bléruais	Iffendic	Saint-Gonlay	Saint-Malon-sur-Mel	Saint-Maugan
35760	Montgermont	Saint-Grégoire
35770	Vern-sur-Seiche
35780	La Richardais
35800	Dinard	Saint-Briac-sur-Mer	Saint-Lunaire
35830	Betton
35850	Gévezé	Irodouër	Langan	Parthenay-de-Bretagne	Romillé
35870	Le Minihic-sur-Rance
35890	Bourg-des-Comptes	Laillé
35960	Le Vivier-sur-Mer
36000	Châteauroux
36100	Brives	Chouday	Condé	Issoudun	La Champenoise	Les Bordes	Lizeray	Meunet-Planches	Neuvy-Pailloux	Saint-Aoustrille	Saint-Aubin	Saint-Georges-sur-Arnon	Saint-Valentin	Sainte-Fauste	Ségry	Thizay	Vouillon
36110	Baudres	Bouges-le-Château	Bretagne	Brion	Francillon	Levroux	Moulins-sur-Céphons	Rouvres-les-Bois	Villegongis	Vineuil	Saint-Martin-de-Lamps|Levroux
36120	Ambrault	Ardentes	Bommiers	Étrechet	Jeu-les-Bois	Mâron	Pruniers	Saint-Août	Sassierges-Saint-Germain
36130	Coings	Déols	Diors	Montierchaume
36140	Aigurande	Crevant	Crozon-sur-Vauvre	La Buxerette	Lourdoueix-Saint-Michel	Montchevrier
36150	Aize	Buxeuil	Fontenay	Giroux	Guilly	La Chapelle-Saint-Laurian	Liniez	Luçay-le-Libre	Ménétréols-sous-Vatan	Meunet-sur-Vatan	Reboursin	Saint-Florentin	Vatan
36160	Champillet	Feusines	La Motte-Feuilly	Lignerolles	Pérassay	Pouligny-Notre-Dame	Pouligny-Saint-Martin	Sainte-Sévère-sur-Indre	Sazeray	Urciers	Vigoulant	Vijon
36170	Chazelet	La Châtre-Langlin	Mouhet	Parnac	Roussines	Sacierges-Saint-Martin	Saint-Benoît-du-Sault	Saint-Civran	Saint-Gilles	Vigoux
36180	Frédille	Heugnes	Pellevoisin	Selles-sur-Nahon
36190	Cuzion	Gargilesse-Dampierre	Orsennes	Pommiers	Saint-Plantaire
36200	Argenton-sur-Creuse	Badecon-le-Pin	Bouesse	Ceaulmont	Celon	Chavin	Le Menoux	Le Pêchereau	Mosnay	Saint-Marcel	Tendu
36210	Anjouin	Bagneux	Chabris	Dun-le-Poëlier	Menetou-sur-Nahon	Orville	Poulaines	Saint-Christophe-en-Bazelle	Sembleçay	Val-Fouzon	Parpeçay|Val-Fouzon	Sainte-Cécile|Val-Fouzon	Varennes-sur-Fouzon|Val-Fouzon
36220	Fontgombault	Lingé	Lurais	Lureuil	Martizay	Mérigny	Néons-sur-Creuse	Preuilly-la-Ville	Sauzelles	Tournon-Saint-Martin
36230	Buxières-d'Aillac	Fougerolles	Gournay	Lys-Saint-Georges	Mers-sur-Indre	Montipouret	Neuvy-Saint-Sépulchre	Saint-Denis-de-Jouhet	Sarzay	Tranzault
36240	Écueillé	Gehée	Jeu-Maloches	Préaux
36250	Niherne	Saint-Maur	Villers-les-Ormes|Saint-Maur
36260	Diou	Migny	Paudy	Reuilly	Saint-Pierre-de-Jards	Sainte-Lizaigne
36270	Baraize	Bazaiges	Éguzon-Chantôme	Chantôme|Éguzon-Chantôme
36290	Azay-le-Ferron	Mézières-en-Brenne	Obterre	Paulnay	Saint-Michel-en-Brenne	Saulnay	Villiers
36300	Ciron	Concremiers	Douadic	Ingrandes	Le Blanc	Pouligny-Saint-Pierre	Rosnay	Ruffec	Saint-Aigny
36310	Beaulieu	Bonneuil	Chaillac	Dunet	Tilly
36320	Villedieu-sur-Indre
36330	Arthon	Le Poinçonnet	Velles
36340	Cluis	Maillet	Malicornay	Mouhers
36350	La Pérouille	Luant
36360	Luçay-le-Mâle	Villentrois-Faverolles-en-Berry	Faverolles-en-Berry|Villentrois-Faverolles-en-Berry
36370	Bélâbre	Chalais	Lignac	Mauvières	Prissac	Saint-Hilaire-sur-Benaize
36400	Briantes	Chassignolles	La Berthenoux	La Châtre	Lacs	Le Magny	Lourouer-Saint-Laurent	Montgivray	Montlevicq	Néret	Nohant-Vic	Saint-Chartier	Saint-Christophe-en-Boucherie	Thevet-Saint-Julien	Verneuil-sur-Igneraie	Vicq-Exemplet
36500	Argy	Buzançais	Chezelles	La Chapelle-Orthemale	Méobecq	Neuillay-les-Bois	Palluau-sur-Indre	Saint-Genou	Saint-Lactencin	Sainte-Gemme	Sougé	Vendœuvres	Villegouin
36600	Fontguenand	La Vernelle	Langé	Lye	Valençay	Veuil	Vicq-sur-Nahon	Villentrois-Faverolles-en-Berry	Villentrois|Villentrois-Faverolles-en-Berry
36700	Arpheuilles	Châtillon-sur-Indre	Cléré-du-Bois	Clion	Fléré-la-Rivière	Le Tranger	Murs	Saint-Cyran-du-Jambot	Saint-Médard
36800	Chasseneuil	Chitray	Le Pont-Chrétien-Chabenet	Luzeret	Migné	Nuret-le-Ferron	Oulches	Rivarennes	Saint-Gaultier	Thenay
37000	Tours
37100	Tours
37110	Autrèche	Auzouer-en-Touraine	Château-Renault	Dame-Marie-les-Bois	La Ferrière	Le Boulay	Les Hermites	Monthodon	Morand	Neuville-sur-Brenne	Saint-Nicolas-des-Motets	Saunay	Villedômer
37120	Assay	Braslou	Braye-sous-Faye	Champigny-sur-Veude	Chaveignes	Courcoué	Faye-la-Vineuse	Jaulnay	La Tour-Saint-Gelin	Lémeré	Luzé	Marigny-Marmande	Razines	Richelieu	Verneuil-le-Château
37130	Bréhémont	Cinq-Mars-la-Pile	Coteaux-sur-Loire	La Chapelle-aux-Naux	Langeais	Lignières-de-Touraine	Mazières-de-Touraine	Les Essards|Langeais
37140	Benais	Bourgueil	Chouzé-sur-Loire	Coteaux-sur-Loire	La Chapelle-sur-Loire	Restigné	Saint-Nicolas-de-Bourgueil
37150	Bléré	Chenonceaux	Chisseaux	Civray-de-Touraine	Dierre	Épeigné-les-Bois	Francueil	La Croix-en-Touraine	Luzillé
37160	Abilly	Buxeuil	Civray-sur-Esves	Descartes	La Celle-Saint-Avant	Marcé-sur-Esves	Neuilly-le-Brignon
37170	Chambray-lès-Tours
37190	Azay-le-Rideau	Cheillé	Druye	Neuil	Rivarennes	Saché	Vallères	Villaines-les-Rochers
37200	Tours
37210	Chançay	Noizay	Parçay-Meslay	Rochecorbon	Vernou-sur-Brenne	Vouvray
37220	Avon-les-Roches	Brizay	Chezelles	Crissay-sur-Manse	Crouzilles	L'Île-Bouchard	Panzoult	Parçay-sur-Vienne	Rilly-sur-Vienne	Sazilly	Tavant	Theneuil	Trogues
37230	Fondettes	Luynes	Pernay	Saint-Étienne-de-Chigny
37240	Bossée	Bournan	Ciran	Cussay	Esves-le-Moutier	La Chapelle-Blanche-Saint-Martin	Le Louroux	Ligueil	Manthelan	Vou
37250	Montbazon	Sorigny	Veigné
37260	Artannes-sur-Indre	Monts	Pont-de-Ruan	Thilouze	Villeperdue
37270	Athée-sur-Cher	Azay-sur-Cher	Larçay	Montlouis-sur-Loire	Saint-Martin-le-Beau	Véretz
37290	Bossay-sur-Claise	Boussay	Chambon	Charnizay	Preuilly-sur-Claise	Tournon-Saint-Pierre	Yzeures-sur-Creuse
37300	Joué-lès-Tours
37310	Azay-sur-Indre	Chambourg-sur-Indre	Chédigny	Cigogné	Courçay	Dolus-le-Sec	Reignac-sur-Indre	Saint-Quentin-sur-Indrois	Sublaines	Tauxigny-Saint-Bauld	Saint-Bauld|Tauxigny-Saint-Bauld
37320	Cormery	Esvres	Louans	Saint-Branchs	Truyes
37330	Braye-sur-Maulne	Brèches	Channay-sur-Lathan	Château-la-Vallière	Couesmes	Courcelles-de-Touraine	Lublé	Marcilly-sur-Maulne	Saint-Laurent-de-Lin	Souvigné	Villiers-au-Bouin
37340	Ambillou	Avrillé-les-Ponceaux	Cléré-les-Pins	Continvoir	Gizeux	Hommes	Rillé	Savigné-sur-Lathan
37350	Barrou	Chaumussay	Ferrière-Larçon	La Celle-Guenand	La Guerche	Le Grand-Pressigny	Le Petit-Pressigny	Paulmy
37360	Beaumont-Louestault	Neuillé-Pont-Pierre	Rouziers-de-Touraine	Saint-Antoine-du-Rocher	Semblançay	Sonzay
37370	Beaumont-Louestault	Bueil-en-Touraine	Chemillé-sur-Dême	Épeigné-sur-Dême	Marray	Neuvy-le-Roi	Saint-Aubin-le-Dépeint	Saint-Christophe-sur-le-Nais	Saint-Paterne-Racan	Villebourg
37380	Crotelles	Monnaie	Neuillé-le-Lierre	Nouzilly	Reugny	Saint-Laurent-en-Gâtines
37390	Cerelles	Chanceaux-sur-Choisille	Charentilly	La Membrolle-sur-Choisille	Mettray	Notre-Dame-d'Oé	Saint-Roch
37400	Amboise	Lussault-sur-Loire
37420	Avoine	Beaumont-en-Véron	Huismes	Rigny-Ussé	Savigny-en-Véron
37460	Beaumont-Village	Céré-la-Ronde	Chemillé-sur-Indrois	Genillé	Le Liège	Loché-sur-Indrois	Montrésor	Nouans-les-Fontaines	Orbigny	Villedômain	Villeloin-Coulangé
37500	Anché	Candes-Saint-Martin	Chinon	Cinais	Couziers	Cravant-les-Côteaux	La Roche-Clermault	Lerné	Ligré	Marçay	Rivière	Saint-Benoît-la-Forêt	Saint-Germain-sur-Vienne	Seuilly	Thizay
37510	Ballan-Miré	Berthenay	Saint-Genouph	Savonnières	Villandry
37520	La Riche
37530	Cangey	Chargé	Limeray	Montreuil-en-Touraine	Mosnes	Nazelles-Négron	Pocé-sur-Cisse	Saint-Ouen-les-Vignes	Saint-Règle	Souvigny-de-Touraine
37540	Saint-Cyr-sur-Loire
37550	Saint-Avertin
37600	Beaulieu-lès-Loches	Betz-le-Château	Bridoré	Chanceaux-près-Loches	Ferrière-sur-Beaulieu	Loches	Mouzay	Perrusson	Saint-Flovier	Saint-Hippolyte	Saint-Jean-Saint-Germain	Saint-Senoch	Sennevières	Varennes	Verneuil-sur-Indre
37700	La Ville-aux-Dames	Saint-Pierre-des-Corps
37800	Antogny-le-Tillac	Draché	Maillé	Marcilly-sur-Vienne	Nouâtre	Noyant-de-Touraine	Ports-sur-Vienne	Pouzay	Pussigny	Saint-Épain	Sainte-Catherine-de-Fierbois	Sainte-Maure-de-Touraine	Sepmes
38000	Grenoble
38070	Saint-Quentin-Fallavier
38080	Four	L'Isle-d'Abeau	Saint-Alban-de-Roche	Saint-Marcel-Bel-Accueil
38090	Bonnefamille	Roche	Vaulx-Milieu	Villefontaine
38100	Grenoble
38110	Cessieu	Dolomieu	Faverges-de-la-Tour	La Bâtie-Montgascon	La Chapelle-de-la-Tour	La Tour-du-Pin	Montagnieu	Rochetoirin	Saint-Clair-de-la-Tour	Saint-Didier-de-la-Tour	Saint-Jean-de-Soudain	Saint-Victor-de-Cessieu	Sainte-Blandine
38112	Autrans-Méaudre en Vercors	Méaudre|Autrans-Méaudre en Vercors
38113	Veurey-Voroize
38114	Allemond	Oz	Vaujany	Villard-Reculas
38118	Hières-sur-Amby	Saint-Baudille-de-la-Tour
38119	Pierre-Châtel	Saint-Théoffrey	Villard-Saint-Christophe
38120	Fontanil-Cornillon	Mont-Saint-Martin	Proveysieux	Saint-Égrève
38121	Chonas-l'Amballan	Reventin-Vaugris
38122	Chalon	Cour-et-Buis	Monsteroux-Milieu	Montseveroux	Saint-Julien-de-l'Herms
38130	Échirolles
38134	La Sure en Chartreuse	Saint-Joseph-de-Rivière
38138	Les Côtes-d'Arey
38140	Apprieu	Beaucroissant	Charnècles	Izeaux	La Murette	Réaumont	Renage	Rives	Saint-Blaise-du-Buis	Saint-Paul-d'Izeaux
38142	Auris	Besse	Clavans-en-Haut-Oisans	Le Freney-d'Oisans	Mizoën
38144	Notre-Dame-de-Vaulx
38150	Agnin	Anjou	Assieu	Bougé-Chambalud	Chanas	La Chapelle-de-Surieu	Roussillon	Saint-Romain-de-Surieu	Salaise-sur-Sanne	Sonnay	Vernioz	Ville-sous-Anjou
38160	Beauvoir-en-Royans	Bessins	Chatte	Chevrières	Izeron	Montagne	Murinais	Saint Antoine l'Abbaye	Saint-Appolinard	Saint-Marcellin	Saint-Pierre-de-Chérennes	Saint-Romans	Saint-Sauveur	Saint-Vérand
38170	Seyssinet-Pariset
38180	Seyssins
38190	Bernin	Froges	La Combe-de-Lancey	Laval-en-Belledonne	Le Champ-près-Froges	Les Adrets	Saint-Mury-Monteymond	Sainte-Agnès	Villard-Bonnot
38200	Chuzelles	Jardin	Luzinay	Saint-Sorlin-de-Vienne	Serpaize	Seyssuel	Vienne	Villette-de-Vienne
38210	Cras	La Rivière	Montaud	Morette	Poliénas	Saint-Quentin-sur-Isère	Tullins	Vourey
38220	Cholonge	Laffrey	Livet-et-Gavet	Montchaboud	Notre-Dame-de-Mésage	Saint-Barthélemy-de-Séchilienne	Saint-Jean-de-Vaulx	Saint-Pierre-de-Mésage	Séchilienne	Vizille
38230	Charvieu-Chavagneux	Chavanoz	Pont-de-Chéruy	Tignieu-Jameyzieu
38240	Meylan
38250	Corrençon-en-Vercors	Lans-en-Vercors	Saint-Nizier-du-Moucherotte	Villard-de-Lans
38260	Bossieu	Champier	Faramans	Gillonnay	La Côte-Saint-André	La Frette	Marcilloles	Mottier	Ornacieux-Balbins	Pajay	Penol	Pommier-de-Beaurepaire	Porte-des-Bonnevaux	Saint-Hilaire-de-la-Côte	Sardieu	Thodure	Arzay|Porte-des-Bonnevaux	Balbins|Ornacieux-Balbins	Commelle|Porte-des-Bonnevaux	Nantoin|Porte-des-Bonnevaux	Ornacieux|Ornacieux-Balbins	Semons|Porte-des-Bonnevaux
38270	Beaufort	Beaurepaire	Bellegarde-Poussieu	Jarcieu	Lentiol	Marcollin	Moissieu-sur-Dolon	Pact	Pisieu	Primarette	Revel-Tourdan	Saint-Barthélemy
38280	Anthon	Janneyrias	Villette-d'Anthon
38290	Frontonas	La Verpillière	Satolas-et-Bonce
38300	Bourgoin-Jallieu	Châteauvilain	Chèzeneuve	Crachier	Culin	Domarin	Eclose-Badinières	Les Éparres	Maubec	Meyrié	Nivolas-Vermelle	Ruy-Montceau	Saint-Agnin-sur-Bion	Saint-Savin	Sérézin-de-la-Tour	Succieu	Tramolé
38320	Bresson	Brié-et-Angonnes	Eybens	Herbeys	Poisat
38330	Biviers	Montbonnot-Saint-Martin	Saint-Ismier	Saint-Nazaire-les-Eymes
38340	La Sure en Chartreuse	Voreppe
38350	Cognet	La Morte	La Mure	La Salle-en-Beaumont	La Valette	Lavaldens	Marcieu	Mayres-Savel	Nantes-en-Ratier	Oris-en-Rattier	Ponsonnas	Prunières	Saint-Arey	Saint-Honoré	Saint-Laurent-en-Beaumont	Saint-Michel-en-Beaumont	Saint-Pierre-de-Méaroz	Siévoz	Sousville	Susville
38360	Engins	Noyarey	Sassenage
38370	Les Roches-de-Condrieu	Saint-Alban-du-Rhône	Saint-Clair-du-Rhône	Saint-Prim
38380	Entre-deux-Guiers	Miribel-les-Échelles	Saint-Christophe-sur-Guiers	Saint-Laurent-du-Pont	Saint-Pierre-d'Entremont	Saint-Pierre-de-Chartreuse
38390	Bouvesse-Quirieu	Charette	La Balme-les-Grottes	Montalieu-Vercieu	Parmilieu	Porcieu-Amblagnieu	Vertrieu
38400	Saint-Martin-d'Hères
38410	Chamrousse	Saint-Martin-d'Uriage	Vaulnaveys-le-Bas	Vaulnaveys-le-Haut
38420	Domène	Le Versoud	Murianette	Revel	Saint-Jean-le-Vieux
38430	Moirans	Saint-Jean-de-Moirans
38440	Artas	Beauvoir-de-Marc	Châtonnay	Lieudieu	Meyrieu-les-Étangs	Meyssiez	Moidieu-Détourbe	Royas	Saint-Jean-de-Bournay	Sainte-Anne-sur-Gervonde	Savas-Mépin	Villeneuve-de-Marc
38450	Le Gua	Miribel-Lanchâtre	Notre-Dame-de-Commiers	Saint-Georges-de-Commiers	Vif
38460	Annoisin-Chatelans	Chamagnieu	Chozeau	Crémieu	Dizimieu	Leyrieu	Moras	Optevoz	Panossas	Saint-Hilaire-de-Brens	Saint-Romain-de-Jalionas	Siccieu-Saint-Julien-et-Carisieu	Soleymieu	Trept	Vénérieu	Vernas	Veyssilieu	Villemoirieu
38470	Beaulieu	Chantesse	Chasselay	Cognin-les-Gorges	L'Albenc	Malleval-en-Vercors	Notre-Dame-de-l'Osier	Quincieu	Rovon	Saint-Gervais	Serre-Nerpol	Têche	Varacieux	Vatilieu	Vinay
38480	Le Pont-de-Beauvoisin	Pressins	Romagnieu	Saint-Albin-de-Vaulserre	Saint-Jean-d'Avelanne	Saint-Martin-de-Vaulserre
38490	Aoste	Charancieu	Chimilin	Granieu	Le Passage	Les Abrets en Dauphiné	Saint-André-le-Gaz	Saint-Ondras	Fitilieu|Les Abrets en Dauphiné	La Bâtie-Divisin|Les Abrets en Dauphiné	Les Abrets|Les Abrets en Dauphiné
38500	Coublevie	La Buisse	Saint-Cassien	Saint-Nicolas-de-Macherin	Voiron
38510	Arandon-Passins	Brangues	Courtenay	Creys-Mépieu	Le Bouchage	Morestel	Saint-Sorlin-de-Morestel	Saint-Victor-de-Morestel	Sermérieu	Vézeronce-Curtin
38520	La Garde	Le Bourg-d'Oisans	Les Deux Alpes	Ornon	Oulles	Saint-Christophe-en-Oisans	Villard-Notre-Dame	Villard-Reymond	Vénosc|Les Deux Alpes
38530	Barraux	Chapareillan	La Buissière	La Flachère	Pontcharra	Saint-Maximin
38540	Grenay	Heyrieux	Saint-Just-Chaleyssin	Valencin
38550	Auberives-sur-Varèze	Cheyssieu	Clonas-sur-Varèze	Le Péage-de-Roussillon	Sablons	Saint-Maurice-l'Exil
38560	Champ-sur-Drac	Jarrie
38570	Crêts en Belledonne	Goncelin	Hurtières	La Pierre	Le Cheylas	Tencin	Theys
38580	Allevard	La Chapelle-du-Bard	Le Haut-Bréda	Le Moutaret	La Ferrière|Le Haut-Bréda	Pinsot|Le Haut-Bréda
38590	Brézins	Brion	La Forteresse	Plan	Saint-Étienne-de-Saint-Geoirs	Saint-Geoirs	Saint-Michel-de-Saint-Geoirs	Sillans
38600	Fontaine
38610	Gières	Venon
38620	Massieu	Merlas	Montferrat	Saint-Bueil	Saint-Geoire-en-Valdaine	Saint-Sulpice-des-Rivoires	Velanne	Voissant
38630	Corbelin	Les Avenières Veyrins-Thuellin	Les Avenières|Les Avenières Veyrins-Thuellin	Veyrins-Thuellin|Les Avenières Veyrins-Thuellin
38640	Claix
38650	Avignonet	Château-Bernard	Gresse-en-Vercors	Monestier-de-Clermont	Roissard	Saint-Andéol	Saint-Guillaume	Saint-Martin-de-la-Cluze	Saint-Michel-les-Portes	Saint-Paul-lès-Monestier	Sinard	Treffort
38660	La Terrasse	Le Touvet	Lumbin	Plateau-des-Petites-Roches	Saint-Vincent-de-Mercuze	Sainte-Marie-d'Alloix	Sainte-Marie-du-Mont	Saint-Bernard|Plateau-des-Petites-Roches	Saint-Hilaire|Plateau-des-Petites-Roches	Saint-Pancrasse|Plateau-des-Petites-Roches
38670	Chasse-sur-Rhône
38680	Auberives-en-Royans	Châtelus	Choranche	Pont-en-Royans	Presles	Rencurel	Saint-André-en-Royans	Saint-Just-de-Claix
38690	Belmont	Bévenais	Biol	Bizonnes	Burcin	Châbons	Colombe	Eydoche	Flachères	Le Grand-Lemps	Longechenal	Montrevel	Oyeu	Saint-Didier-de-Bizonnes	Torchefelon
38700	Corenc	La Tronche	Le Sappey-en-Chartreuse	Sarcenas
38710	Châtel-en-Trièves	Cornillon-en-Trièves	Lavars	Mens	Prébois	Saint-Baudille-et-Pipet	Saint-Jean-d'Hérans	Tréminis	Cordéac|Châtel-en-Trièves	Saint-Sébastien|Châtel-en-Trièves
38730	Blandin	Chassignieu	Chélieu	Doissin	Val-de-Virieu	Valencogne	Villages du Lac de Paladru	Le Pin|Villages du Lac de Paladru
38740	Chantepérier	Entraigues	Valbonnais	Valjouffrey	Chantelouve|Chantepérier	Le Périer|Chantepérier
38750	Huez
38760	Saint-Paul-de-Varces	Varces-Allières-et-Risset
38770	La Motte-d'Aveillans	La Motte-Saint-Martin	Monteynard
38780	Estrablin	Eyzin-Pinet	Oytier-Saint-Oblas	Pont-Évêque	Septème
38790	Charantonnay	Diémoz	Saint-Georges-d'Espéranche
38800	Champagnier	Le Pont-de-Claix
38830	Crêts en Belledonne
38840	La Sône	Saint-Bonnet-de-Chavagne	Saint-Hilaire-du-Rosier	Saint-Lattier
38850	Bilieu	Charavines	Chirens	Villages du Lac de Paladru	Paladru|Villages du Lac de Paladru
38860	Les Deux Alpes	Mont-de-Lans|Les Deux Alpes
38870	Bressieux	Saint-Pierre-de-Bressieux	Saint-Siméon-de-Bressieux
38880	Autrans-Méaudre en Vercors	Autrans|Autrans-Méaudre en Vercors
38890	Montcarra	Saint-Chef	Salagnon	Vasselin	Vignieu
38920	Crolles
38930	Chichilianne	Clelles	Lalley	Le Percy	Monestier-du-Percy	Saint-Martin-de-Clelles	Saint-Maurice-en-Trièves
38940	Montfalcon	Roybon	Saint-Clair-sur-Galaure
38950	Quaix-en-Chartreuse	Saint-Martin-le-Vinoux
38960	Saint-Aupre	Saint-Étienne-de-Crossey
38970	Ambel	Beaufin	Corps	La Salette-Fallavaux	Les Côtes-de-Corps	Monestier-d'Ambel	Pellafol	Quet-en-Beaumont	Sainte-Luce
38980	Châtenay	Marnans	Viriville
39000	Lons-le-Saunier
39100	Authume	Baverans	Brevans	Champvans	Choisey	Crissey	Dole	Foucherans	Gevry	Jouhe	Monnières	Parcey	Sampans	Villette-lès-Dole	Goux|Dole
39110	Abergement-lès-Thésy	Aiglepierre	Andelot-en-Montagne	Aresches	Bracon	Cernans	Chaux-Champagny	Chilly-sur-Salins	Clucy	Dournon	Geraise	Ivory	Ivrey	La Chapelle-sur-Furieuse	Lemuy	Marnoz	Montmarlon	Pont-d'Héry	Pretin	Saint-Thiébaud	Saizenay	Salins-les-Bains	Thésy
39120	Annoire	Asnans-Beauvoisin	Balaiseaux	Bretenières	Chaînée-des-Coupis	Chaussin	Chemin	Chêne-Bernard	Gatey	Le Deschaux	Les Essards-Taignevaux	Les Hays	Longwy-sur-le-Doubs	Neublans-Abergement	Peseux	Petit-Noir	Pleure	Rahon	Saint-Baraing	Saint-Loup	Séligney	Sergenon	Tassenières	Villers-les-Bois	Villers-Robert	Abergement-Saint-Jean|Neublans-Abergement	Beauvoisin|Asnans-Beauvoisin
39130	Barésia-sur-l'Ain	Blye	Boissia	Bonlieu	Charcier	Charézier	Châtel-de-Joux	Châtillon	Chevrotaine	Clairvaux-les-Lacs	Cogna	Denezières	Doucier	Étival	Fontenu	Hautecour	La Frasnée	Largillay-Marsonnay	Le Frasnois	Marigny	Menétrux-en-Joux	Mesnois	Patornay	Pont-de-Poitte	Saffloz	Saint-Maurice-Crillat	Saugeot	Songeson	Soucia	Thoiria	Uxelles	Vertamboz
39140	Arlay	Bletterans	Chapelle-Voland	Commenailles	Cosges	Desnes	Fontainebrux	Larnaud	Les Repôts	Nance	Relans	Ruffey-sur-Seille	Villevieux
39150	Bief-des-Maisons	Chaux-des-Crotenay	Entre-deux-Monts	Fort-du-Plasne	Grande-Rivière Château	La Chaumusse	La Chaux-du-Dombief	Lac-des-Rouges-Truites	Les Chalesmes	Les Planches-en-Montagne	Nanchez	Saint-Laurent-en-Grandvaux	Saint-Pierre	Château-des-Prés|Grande-Rivière Château	Grande-Rivière|Grande-Rivière Château	Les Piards|Nanchez	Prénovel|Nanchez
39160	Balanod	Les Trois-Châteaux	Montagna-le-Reconduit	Saint-Amour	Thoissia	Val-d'Épy	Véria
39170	Coteaux du Lizon	Lavans-lès-Saint-Claude	Leschères	Ravilloles	Cuttura|Coteaux du Lizon	Ponthoux|Lavans-lès-Saint-Claude	Pratz|Lavans-lès-Saint-Claude	Saint-Lupicin|Coteaux du Lizon
39190	Augea	Beaufort-Orbagna	Chevreaux	Cousance	Cuisia	Digna	Gizia	Maynal	Rosay	Rotalier	Trenal	Val-Sonnette	Bonnaud|Val-Sonnette	Grusse|Val-Sonnette	Sainte-Agnès|Val-Sonnette	Vercia|Val-Sonnette	Vincelles|Val-Sonnette
39200	Avignon-lès-Saint-Claude	Coiserette	Coyrière	La Rixouse	Nanchez	Saint-Claude	Villard-Saint-Sauveur	Villard-sur-Bienne|Nanchez
39210	Arlay	Baume-les-Messieurs	Blois-sur-Seille	Château-Chalon	Domblans	Frontenay	Hauteroche	La Marre	Ladoye-sur-Seille	Lavigny	Le Louverot	Le Pin	Le Vernois	Menétru-le-Vignoble	Montain	Nevy-sur-Seille	Plainoiseau	Plasne	Voiteur	Saint-Germain-lès-Arlay|Arlay
39220	Bois-d'Amont	Les Rousses	Prémanon
39230	Bois-de-Gand	Champrougier	Chaumergy	Chemenot	Chêne-Sec	Darbonnay	Domblans	Foulenay	Francheville	La Charme	La Chassagne	La Chaux-en-Bresse	Le Chateley	Le Villey	Les Deux-Fays	Lombard	Mantry	Monay	Passenans	Recanoz	Rye	Saint-Lamain	Saint-Lothain	Sellières	Sergenaux	Toulouse-le-Château	Vers-sous-Sellières	Vincent-Froideville	Bréry|Domblans	Froideville|Vincent-Froideville
39240	Arinthod	Aromas	Cernon	Charnod	Condes	Cornod	Dramelay	Genod	La Boissière	Marigna-sur-Valouse	Saint-Hymetière-sur-Valouse	Thoirette-Coisia	Valzin en Petite Montagne	Vescles	Vosbles-Valfin	Valfin-sur-Valouse|Vosbles-Valfin	Viremont|Cernon
39250	Arsure-Arsurette	Bief-du-Fourg	Billecul	Censeau	Cerniébaud	Charency	Cuvier	Doye	Esserval-Tartre	Fraroz	Gillois	La Favière	La Latette	Longcochon	Mièges	Mignovillard	Mournans-Charbonny	Nozeroy	Onglières	Plénise	Plénisette	Rix	Esserval-Combe|Mièges	Molpré|Mièges
39260	Charchilla	Coyron	Crenans	Lect	Les Crozets	Maisod	Martigna	Meussia	Moirans-en-Montagne	Montcusel	Villards-d'Héria
39270	Alièze	Augisey	Beffia	Chambéria	Chavéria	Cressia	Dompierre-sur-Mont	Écrille	La Chailleuse	La Tour-du-Meix	Marnézia	Mérona	Moutonne	Nancuise	Onoz	Orgelet	Pimorin	Plaisia	Présilly	Reithouse	Rothonay	Sarrogna
39290	Archelange	Biarne	Brans	Champagney	Chevigny	Dammartin-Marpain	Frasne-les-Meulières	Gredisans	Menotey	Moissey	Montmirey-la-Ville	Montmirey-le-Château	Mutigney	Offlanges	Peintre	Pointre	Rainans	Thervay
39300	Ardon	Bourg-de-Sirod	Champagnole	Chapois	Châtelneuf	Cize	Conte	Crans	Crotenay	Équevillon	Le Larderet	Le Latet	Le Pasquier	Le Vaudioux	Lent	Les Nans	Loulle	Monnet-la-Ville	Mont-sur-Monnet	Montigny-sur-l'Ain	Montrond	Moutoux	Ney	Pillemoine	Pont-du-Navoy	Saint-Germain-en-Montagne	Sapois	Sirod	Supt	Syam	Valempoulières	Vannoz	Vers-en-Montagne
39310	Bellecombe	Lajoux	Lamoura	Les Moussières	Septmoncel les Molunes
39320	Andelot-Morval	Broissia	Gigny	Graye-et-Charnay	Loisia	Monnetay	Montfleur	Montlainsia	Montrevel	Val-d'Épy	Val Suran	Dessia|Montlainsia	Lains|Montlainsia	Montagna-le-Templier|Montlainsia	Morval|Andelot-Morval
39330	Mouchard	Pagnoz	Port-Lesney
39350	Dampierre	Gendrey	Louvatange	Ougney	Pagney	Romain	Rouffange	Saligney	Taxenne	Vitreux	Le Petit-Mercey|Dampierre
39360	Chassal-Molinges	Jeurre	Larrivoire	Rogna	Vaux-lès-Saint-Claude	Viry	Vulvoz
39370	Choux	La Pesse	Les Bouchoux
39380	Augerans	Bans	Belmont	Chamblay	Chatelay	Chissey-sur-Loue	Germigney	La Loye	La Vieille-Loye	Mont-sous-Vaudrey	Montbarrey	Nevy-lès-Dole	Ounans	Santans	Souvans	Vaudrey
39400	Bellefontaine	Hauts de Bienne	Les Rousses	Longchaumois	Morbier	Prémanon	La Mouille|Hauts de Bienne	Lézat|Hauts de Bienne	Morez|Hauts de Bienne
39410	Aumur	Saint-Aubin
39460	Foncine-le-Haut
39500	Abergement-la-Ronce	Champdivers	Damparis	Molay	Tavaux
39520	Foncine-le-Bas
39570	Baume-les-Messieurs	Bornay	Briod	Cesancey	Chille	Chilly-le-Vignoble	Condamine	Conliège	Courbette	Courbouzon	Courlans	Courlaoux	Frébuans	Geruge	Gevingey	Hauteroche	L'Étoile	La Chailleuse	Macornay	Messia-sur-Sorne	Moiron	Montaigu	Montmorot	Nogna	Pannessières	Perrigny	Poids-de-Fiole	Publy	Quintigny	Revigny	Saint-Didier	Saint-Maur	Trenal	Verges	Vernantois	Vevy	Villeneuve-sous-Pymont
39600	Abergement-le-Grand	Arbois	Champagne-sur-Loue	Cramans	Écleux	Grange-de-Vaivre	La Châtelaine	La Ferté	Les Arsures	Les Planches-près-Arbois	Mathenay	Mesnay	Molamboz	Montigny-lès-Arsures	Port-Lesney	Pupillin	Saint-Cyr-Montmalin	Vadans	Villeneuve-d'Aval	Villers-Farlay	Villette-lès-Arbois
39700	Amange	Audelange	Auxange	Châtenois	Courtefontaine	Dampierre	Éclans-Nenon	Étrepigney	Évans	Falletans	Fraisans	La Barre	La Bretenière	Lavangeot	Lavans-lès-Dole	Malange	Monteplain	Orchamps	Our	Plumont	Ranchot	Rans	Rochefort-sur-Nenon	Romange	Salans	Sermange	Serre-les-Moulières	Vriange	Nenon|Éclans-Nenon
39800	Abergement-le-Petit	Aumont	Barretaine	Bersaillin	Besain	Biefmorin	Bonnefontaine	Brainans	Buvilly	Chamole	Chaussenans	Colonne	Fay-en-Montagne	Grozon	Le Fied	Miéry	Molain	Montholier	Neuvilley	Oussières	Picarreau	Plasne	Poligny	Tourmont	Villers-les-Bois	Villerserine	Vaux-sur-Poligny|Poligny
40000	Mont-de-Marsan
40090	Artassenx	Bascons	Bostens	Bougue	Campagne	Campet-et-Lamolère	Canenx-et-Réaut	Cère	Gaillères	Geloux	Laglorieuse	Lucbardez-et-Bargues	Mazerolles	Saint-Avit	Saint-Martin-d'Oney	Saint-Perdon	Uchacq-et-Parentis
40100	Dax
40110	Arengosse	Morcenx-la-Nouvelle	Onesse-Laharie	Ousse-Suzan	Villenave	Ygos-Saint-Saturnin	Arjuzanx|Morcenx-la-Nouvelle	Garrosse|Morcenx-la-Nouvelle	Sindères|Morcenx-la-Nouvelle
40120	Arue	Bélis	Bourriot-Bergonce	Cachen	Lacquy	Lencouacq	Maillas	Maillères	Pouydesseaux	Retjons	Roquefort	Saint-Gor	Sarbazan
40130	Capbreton
40140	Azur	Magescq	Soustons
40150	Angresse	Soorts-Hossegor
40160	Gastes	Parentis-en-Born	Ychoux
40170	Bias	Lévignacq	Lit-et-Mixe	Mézos	Saint-Julien-en-Born	Uza
40180	Bénesse-lès-Dax	Candresse	Clermont	Garrey	Goos	Heugas	Hinx	Narrosse	Oeyreluy	Rivière-Saas-et-Gourby	Saint-Pandelon	Saubusse	Saugnac-et-Cambran	Seyresse	Siest	Sort-en-Chalosse	Tercis-les-Bains	Yzosse
40190	Arthez-d'Armagnac	Bourdalat	Hontanx	Le Frêche	Montégut	Perquie	Pujo-le-Plan	Saint-Cricq-Villeneuve	Saint-Gein	Sainte-Foy	Villeneuve-de-Marsan
40200	Aureilhan	Mimizan	Pontenx-les-Forges	Saint-Paul-en-Born	Sainte-Eulalie-en-Born
40210	Commensacq	Escource	Labouheyre	Lüe	Solférino
40220	Tarnos
40230	Bénesse-Maremne	Josse	Orx	Saint-Geours-de-Maremne	Saint-Jean-de-Marsacq	Saint-Vincent-de-Tyrosse	Saubion	Saubrigues	Tosse
40240	Betbezer-d'Armagnac	Créon-d'Armagnac	Estigarde	Labastide-d'Armagnac	Lagrange	Losse	Lubbon	Mauvezin-d'Armagnac	Saint-Julien-d'Armagnac	Saint-Justin	Vielle-Soubiran
40250	Bergouey	Caupenne	Hauriet	Lahosse	Lamothe	Larbey	Laurède	Le Leuy	Lourquen	Maylis	Mugron	Nerbis	Saint-Aubin	Souprosse	Toulouzette
40260	Castets	Lesperon	Linxe	Taller
40270	Bordères-et-Lamensans	Castandet	Cazères-sur-l'Adour	Grenade-sur-l'Adour	Larrivière-Saint-Savin	Le Vignau	Lussagnet	Maurrin	Renung	Saint-Maurice-sur-Adour
40280	Benquet	Bretagne-de-Marsan	Haut-Mauco	Saint-Pierre-du-Mont
40290	Estibeaux	Habas	Misson	Mouscardès	Ossages
40300	Bélus	Cagnotte	Cauneille	Hastingues	Labatut	Oeyregave	Orist	Orthevielle	Pey	Peyrehorade	Port-de-Lanne	Saint-Cricq-du-Gave	Saint-Étienne-d'Orthe	Saint-Lon-les-Mines	Sorde-l'Abbaye
40310	Arx	Baudignan	Escalans	Gabarret	Herré	Parleboscq	Rimbez-et-Baudiets
40320	Arboucave	Bahus-Soubiran	Bats	Buanes	Castelnau-Tursan	Classun	Clèdes	Eugénie-les-Bains	Geaune	Lacajunte	Lauret	Mauries	Miramont-Sensacq	Payros-Cazautets	Pécorade	Philondenx	Pimbo	Puyol-Cazalet	Saint-Loubouer	Samadet	Sorbets	Urgons	Vielle-Tursan
40330	Amou	Arsague	Bonnegarde	Brassempouy	Castel-Sarrazin	Gaujacq	Marpaps	Nassiet
40350	Gaas	Mimbaste	Pouillon
40360	Bastennes	Castelnau-Chalosse	Donzacq	Pomarez	Tilh
40370	Beylongue	Rion-des-Landes	Boos|Rion-des-Landes
40380	Baigts	Cassen	Gamarde-les-Bains	Gibret	Louer	Montfort-en-Chalosse	Nousse	Onard	Ozourt	Poyanne	Poyartin	Saint-Geours-d'Auribat	Saint-Jean-de-Lier	Vicq-d'Auribat
40390	Biarrotte	Biaudos	Saint-André-de-Seignanx	Saint-Barthélemy	Saint-Laurent-de-Gosse	Saint-Martin-de-Hinx	Saint-Martin-de-Seignanx	Sainte-Marie-de-Gosse
40400	Audon	Bégaar	Carcarès-Sainte-Croix	Carcen-Ponson	Gouts	Lesgor	Meilhan	Saint-Yaguen	Tartas
40410	Belhade	Liposthey	Mano	Moustey	Pissos	Saugnac-et-Muret
40420	Brocas	Garein	Labrit	Le Sen	Vert
40430	Argelouse	Callen	Luxey	Sore
40440	Ondres
40460	Sanguinet
40465	Gousse	Laluque	Pontonx-sur-l'Adour	Préchacq-les-Bains
40480	Vieux-Boucau-les-Bains
40500	Audignon	Aurice	Banos	Bas-Mauco	Cauna	Coudures	Dumes	Eyres-Moncube	Fargues	Montaut	Montgaillard	Montsoué	Saint-Sever	Sarraziet
40510	Seignosse
40530	Labenne
40550	Léon	Saint-Michel-Escalus
40560	Vielle-Saint-Girons
40600	Biscarrosse
40630	Luglon	Sabres	Trensacq
40660	Messanges	Moliets-et-Maa
40700	Argelos	Aubagnan	Bassercles	Beyries	Castaignos-Souslens	Castelner	Cazalis	Doazit	Hagetmau	Horsarrieu	Labastide-Chalosse	Lacrabe	Mant	Momuy	Monget	Monségur	Morganx	Peyre	Poudenx	Saint-Cricq-Chalosse	Sainte-Colombe	Serres-Gaston	Serreslous-et-Arribans
40800	Aire-sur-l'Adour	Duhort-Bachen	Latrille	Saint-Agnet	Sarron
40990	Angoumé	Gourbera	Herm	Mées	Saint-Paul-lès-Dax	Saint-Vincent-de-Paul	Téthieu
41000	Blois	Saint-Denis-sur-Loire	Saint-Sulpice-de-Pommeray	Villebarou	Villerbon
41100	Areines	Azé	Coulommiers-la-Tour	Crucheray	Faye	Lisle	Marcilly-en-Beauce	Mazangé	Meslay	Naveil	Périgny	Pezou	Renay	Rocé	Saint-Firmin-des-Prés	Saint-Ouen	Sainte-Anne	Selommes	Thoré-la-Rochette	Vendôme	Villemardy	Villerable	Villeromain	Villetrun	Villiers-sur-Loir	Villiersfaux
41110	Châteauvieux	Couffy	Mareuil-sur-Cher	Pouillé	Saint-Aignan	Seigy
41120	Candé-sur-Beuvron	Cellettes	Chailles	Chitenay	Cormeray	Le Controis-en-Sologne	Les Montils	Monthou-sur-Bièvre	Sambin	Seur	Valaire	Feings|Le Controis-en-Sologne	Fougères-sur-Bièvre|Le Controis-en-Sologne	Ouchamps|Le Controis-en-Sologne
41130	Billy	Châtillon-sur-Cher	Gièvres	Meusnes	Selles-sur-Cher
41140	Méhers	Noyers-sur-Cher	Saint-Romain-sur-Cher	Thésée
41150	Chaumont-sur-Loire	Mesland	Monteaux	Rilly-sur-Loire	Valloire-sur-Cisse	Veuzain-sur-Loire	Chouzy-sur-Cisse|Valloire-sur-Cisse	Coulanges|Valloire-sur-Cisse	Onzain|Veuzain-sur-Loire	Seillac|Valloire-sur-Cisse	Veuves|Veuzain-sur-Loire
41160	Beauce la Romaine	Brévainville	Busloup	Danzé	Fréteval	La Ville-aux-Clercs	Lignières	Moisy	Morée	Ouzouer-le-Doyen	Rahart	Saint-Hilaire-la-Gravelle	Saint-Jean-Froidmentel	La Colombe|Beauce la Romaine	Semerville|Beauce la Romaine
41170	Baillou	Beauchêne	Choue	Cormenon	Couëtron-au-Perche	Le Plessis-Dorin	Le Temple	Mondoubleau	Saint-Marc-du-Cor	Sargé-sur-Braye	Arville|Couëtron-au-Perche	Oigny|Couëtron-au-Perche	Saint-Agil|Couëtron-au-Perche	Saint-Avit|Couëtron-au-Perche	Souday|Couëtron-au-Perche
41190	Françay	Herbault	Lancôme	Landes-le-Gaulois	Pray	Saint-Cyr-du-Gault	Saint-Étienne-des-Guérets	Saint-Lubin-en-Vergonnois	Santenay	Tourailles	Valencisse	Chambon-sur-Cisse|Valencisse	Molineuf|Valencisse	Orchaise|Valencisse
41200	Loreux	Millançay	Pruniers-en-Sologne	Romorantin-Lanthenay	Villefranche-sur-Cher	Villeherviers
41210	La Ferté-Beauharnais	La Marolle-en-Sologne	Marcilly-en-Gault	Montrieux-en-Sologne	Neung-sur-Beuvron	Saint-Viâtre
41220	Crouy-sur-Cosson	Dhuizon	La Ferté-Saint-Cyr	Saint-Laurent-Nouan	Thoury	Villeny
41230	Courmemin	Gy-en-Sologne	Lassay-sur-Croisne	Mur-de-Sologne	Rougeou	Soings-en-Sologne	Veilleins	Vernou-en-Sologne
41240	Autainville	Beauce la Romaine	Binas	Saint-Laurent-des-Bois	Villermain	Membrolles|Beauce la Romaine	Ouzouer-le-Marché|Beauce la Romaine	Prénouvellon|Beauce la Romaine	Tripleville|Beauce la Romaine	Verdes|Beauce la Romaine
41250	Bauzy	Bracieux	Chambord	Fontaines-en-Sologne	Maslives	Mont-près-Chambord	Neuvy	Tour-en-Sologne
41260	La Chaussée-Saint-Victor
41270	Bouffry	Boursay	Chauvigny-du-Perche	Droué	Fontaine-Raoul	La Chapelle-Vicomtesse	La Fontenelle	Le Gault-du-Perche	Le Poislay	Romilly	Ruan-sur-Egvonne	Villebout
41290	Boisseau	Conan	Épiais	La Chapelle-Enchérie	Oucques La Nouvelle	Rhodon	Vievy-le-Rayé	Villeneuve-Frouville	Baigneaux|Oucques La Nouvelle	Beauvilliers|Oucques La Nouvelle	Écoman|Vievy-le-Rayé	La Bosse|Vievy-le-Rayé	Oucques|Oucques La Nouvelle	Sainte-Gemmes|Oucques La Nouvelle
41300	La Ferté-Imbault	Orçay	Pierrefitte-sur-Sauldre	Salbris	Selles-Saint-Denis	Souesmes	Theillay
41310	Ambloy	Authon	Gombergean	Huisseau-en-Beauce	Lancé	Nourray	Prunay-Cassereau	Saint-Amand-Longpré	Saint-Gourgon	Sasnières	Villechauve	Villeporcher
41320	Châtres-sur-Cher	La Chapelle-Montmartin	Langon-sur-Cher	Maray	Mennetou-sur-Cher	Saint-Julien-sur-Cher	Saint-Loup
41330	Averdon	Champigny-en-Beauce	Fossé	La Chapelle-Vendômoise	Marolles	Saint-Bohaire	Villefrancœur
41350	Huisseau-sur-Cosson	Montlivault	Saint-Claude-de-Diray	Saint-Gervais-la-Forêt	Vineuil
41360	Cellé	Épuisay	Fortan	Lunay	Savigny-sur-Braye
41370	Briou	Concriers	Josnes	La Madeleine-Villefrouin	Le Plessis-l'Échelle	Lorges	Marchenoir	Roches	Saint-Léonard-en-Beauce	Talcy
41400	Angé	Chissay-en-Touraine	Faverolles-sur-Cher	Le Controis-en-Sologne	Monthou-sur-Cher	Montrichard Val de Cher	Pontlevoy	Saint-Georges-sur-Cher	Saint-Julien-de-Chédon	Vallières-les-Grandes	Bourré|Montrichard Val de Cher	Montrichard|Montrichard Val de Cher	Thenay|Le Controis-en-Sologne
41500	Avaray	Cour-sur-Loire	Courbouzon	La Chapelle-Saint-Martin-en-Plaine	Lestiou	Maves	Menars	Mer	Muides-sur-Loire	Mulsans	Saint-Dyé-sur-Loire	Séris	Suèvres	Villexanton
41600	Chaon	Chaumont-sur-Tharonne	Lamotte-Beuvron	Nouan-le-Fuzelier	Souvigny-en-Sologne	Vouzon	Yvoy-le-Marron
41700	Chémery	Cheverny	Choussy	Couddes	Cour-Cheverny	Fresnes	Le Controis-en-Sologne	Oisly	Sassay	Contres|Le Controis-en-Sologne
41800	Artins	Bonneveau	Fontaine-les-Coteaux	Houssay	Lavardin	Les Essarts	Les Hayes	Les Roches-l'Évêque	Montoire-sur-le-Loir	Montrouveau	Saint-Arnoult	Saint-Jacques-des-Guérets	Saint-Martin-des-Bois	Saint-Rimay	Sougé	Ternay	Troo	Vallée-de-Ronsard	Villavard	Villedieu-le-Château	Couture-sur-Loir|Vallée-de-Ronsard	Saint-Quentin-lès-Troo|Montoire-sur-le-Loir	Tréhet|Vallée-de-Ronsard
42000	Saint-Étienne
42100	Saint-Étienne	Rochetaillée|Saint-Étienne
42110	Chambéon	Civens	Cleppé	Épercieux-Saint-Paul	Feurs	Jas	Mizérieux	Poncins	Pouilly-lès-Feurs	Saint-Barthélemy-Lestra	Saint-Martin-Lestra	Sainte-Foy-Saint-Sulpice	Salt-en-Donzy	Salvizinet	Valeille
42111	La Côte-Saint-Didier	La Valla-sur-Rochefort	Vêtre-sur-Anzon	Saint-Thurin|Vêtre-sur-Anzon
42114	Chirassimont	Machézal	Saint-Cyr-de-Valorges
42120	Commelle-Vernay	Le Coteau	Notre-Dame-de-Boisset	Parigny	Perreux	Saint-Vincent-de-Boisset
42122	Saint-Marcel-de-Félines
42123	Cordelle	Saint-Cyr-de-Favières
42130	Ailleux	Arthun	Boën-sur-Lignon	Cezay	Leigneux	Marcilly-le-Châtel	Marcoux	Montverdun	Saint-Étienne-le-Molard	Saint-Sixte	Sainte-Agathe-la-Bouteresse	Solore-en-Forez	Trelins	Débats-Rivière-d'Orpra|Solore-en-Forez	L'Hôpital-sous-Rochefort|Solore-en-Forez	Saint-Laurent-Rochefort|Solore-en-Forez
42131	La Valla-en-Gier
42140	Châtelus	Chazelles-sur-Lyon	Chevrières	Fontanès	Grammond	La Gimond	Marcenod	Maringes	Saint-Denis-sur-Coise	Viricelles	Virigneux
42150	La Ricamarie
42152	L'Horme
42153	Riorges
42155	Lentigny	Ouches	Pouilly-les-Nonains	Saint-Jean-Saint-Maurice-sur-Loire	Saint-Léger-sur-Roanne	Villemontais
42160	Andrézieux-Bouthéon	Bonson	Saint-Cyprien
42170	Chambles	Saint-Just-Saint-Rambert	Saint-Just-sur-Loire|Saint-Just-Saint-Rambert
42190	Chandon	Charlieu	Saint-Hilaire-sous-Charlieu	Saint-Nizier-sous-Charlieu	Saint-Pierre-la-Noaille
42210	Bellegarde-en-Forez	Boisset-lès-Montrond	Craintilleux	L'Hôpital-le-Grand	Marclopt	Montrond-les-Bains	Saint-André-le-Puy	Saint-Cyr-les-Vignes	Saint-Laurent-la-Conche	Unias
42220	Bourg-Argental	Burdignes	Colombier	Graix	La Versanne	Saint-Julien-Molin-Molette	Saint-Sauveur-en-Rue	Thélis-la-Combe
42230	Roche-la-Molière	Saint-Étienne
42240	Caloire	Saint-Maurice-en-Gourgois	Saint-Paul-en-Cornillon	Unieux
42260	Bully	Bussy-Albieux	Cremeaux	Grézolles	Luré	Nollieux	Pommiers-en-Forez	Saint-Germain-Laval	Saint-Julien-d'Oddes	Saint-Martin-la-Sauveté	Saint-Polgues	Souternon	Vézelin-sur-Loire	Amions|Vézelin-sur-Loire	Dancé|Vézelin-sur-Loire
42270	Saint-Priest-en-Jarez
42290	Sorbiers
42300	Mably	Roanne	Villerest
42310	Changy	La Pacaudière	Le Crozet	Sail-les-Bains	Saint-Bonnet-des-Quarts	Urbise	Vivans
42320	Cellieu	Farnay	La Grand-Croix	Saint-Christo-en-Jarez	Valfleury
42330	Aveizieux	Chambœuf	Cuzieu	Saint-Bonnet-les-Oules	Saint-Galmier	Saint-Médard-en-Forez
42340	Rivas	Veauche	Veauchette
42350	La Talaudière
42360	Cottance	Essertines-en-Donzy	Montchal	Panissières
42370	Arcon	Les Noës	Renaison	Saint-Alban-les-Eaux	Saint-André-d'Apchon	Saint-Haon-le-Châtel	Saint-Haon-le-Vieux	Saint-Rirand
42380	Aboën	Estivareilles	La Chapelle-en-Lafaye	La Tourette	Luriecq	Merle-Leignec	Montarcher	Périgneux	Rozier-Côtes-d'Aurec	Saint-Bonnet-le-Château	Saint-Hilaire-Cusson-la-Valmitte	Saint-Nizier-de-Fornas
42390	Villars
42400	Saint-Chamond
42410	Chavanay	Chuyer	La Chapelle-Villars	Pavezin	Pélussin	Saint-Michel-sur-Rhône	Vérin
42420	Lorette
42430	Champoly	Chausseterre	Cherier	Juré	Saint-Just-en-Chevalet	Saint-Marcel-d'Urfé	Saint-Romain-d'Urfé
42440	Cervières	La Chamba	La Chambonie	Les Salles	Noirétable	Saint-Jean-la-Vêtre	Saint-Priest-la-Vêtre	Vêtre-sur-Anzon	Saint-Julien-la-Vêtre|Vêtre-sur-Anzon
42450	Sury-le-Comtal
42460	Arcinges	Boyer	Coutouvre	Cuinzier	Jarnosse	La Gresle	Le Cergne	Sevelinges	Villers
42470	Fourneaux	Lay	Neaux	Saint-Symphorien-de-Lay
42480	La Fouillouse
42490	Fraisses
42500	Le Chambon-Feugerolles
42510	Balbigny	Bussières	Néronde	Nervieux	Saint-Georges-de-Baroille	Sainte-Agathe-en-Donzy
42520	Bessey	Lupé	Maclas	Malleval	Roisey	Saint-Appolinard	Saint-Pierre-de-Bœuf	Véranne
42530	Saint-Genest-Lerpt
42540	Croizet-sur-Gand	Saint-Just-la-Pendue	Sainte-Colombe-sur-Gand
42550	Apinac	Usson-en-Forez
42560	Boisset-Saint-Priest	Chazelles-sur-Lavieu	Chenereilles	Gumières	Lavieu	Margerie-Chantagret	Marols	Saint-Jean-Soleymieux	Soleymieux
42570	Saint-Héand
42580	L'Étrat	La Tour-en-Jarez
42590	Neulise	Pinay	Saint-Jodard	Saint-Priest-la-Roche	Vendranges	Vézelin-sur-Loire	Saint-Paul-de-Vézelin|Vézelin-sur-Loire
42600	Bard	Chalain-d'Uzore	Chalain-le-Comtal	Champdieu	Écotay-l'Olme	Essertines-en-Châtelneuf	Grézieux-le-Fromental	Lérigneux	Lézigneux	Magneux-Haute-Rive	Montbrison	Mornand-en-Forez	Pralong	Précieux	Roche-en-Forez	Saint-Paul-d'Uzore	Saint-Thomas-la-Garde	Savigneux	Verrières-en-Forez
42610	Saint-Georges-Haute-Ville	Saint-Romain-le-Puy
42620	Saint-Martin-d'Estréaux	Saint-Pierre-Laval
42630	Pradines	Régny	Saint-Victor-sur-Rhins
42640	Noailly	Saint-Forgeux-Lespinasse	Saint-Germain-Lespinasse	Saint-Romain-la-Motte
42650	Saint-Jean-Bonnefonds
42660	Jonzieux	Le Bessat	Marlhes	Planfoy	Saint-Genest-Malifaux	Saint-Régis-du-Coin	Saint-Romain-les-Atheux	Tarentaise
42670	Belleroche	Belmont-de-la-Loire	Écoche	Saint-Germain-la-Montagne
42680	Saint-Marcellin-en-Forez
42700	Firminy
42720	Briennon	La Bénisson-Dieu	Nandax	Pouilly-sous-Charlieu	Vougy
42740	Doizieux	La Terrasse-sur-Dorlay	Saint-Paul-en-Jarez
42750	Maizilly	Mars	Saint-Denis-de-Cabanne
42780	Violay
42800	Chagnon	Châteauneuf	Dargoire	Genilac	Rive-de-Gier	Saint-Joseph	Saint-Martin-la-Plaine	Saint-Romain-en-Jarez	Sainte-Croix-en-Jarez	Tartaras	La Cula|Genilac
42810	Rozier-en-Donzy
42820	Ambierle
42830	La Tuilière	Saint-Priest-la-Prugne
42840	Combre	Montagny
42890	Sail-sous-Couzan
42920	Chalmazel-Jeansagnière	Chalmazel|Chalmazel-Jeansagnière	Jeansagnière|Chalmazel-Jeansagnière
42940	Châtelneuf	Saint-Bonnet-le-Courreau
42990	Palogneux	Saint-Georges-en-Couzan	Saint-Just-en-Bas	Sauvain
43000	Aiguilhe	Ceyssac	Espaly-Saint-Marcel	Le Puy-en-Velay	Polignac
43100	Agnat	Beaumont	Brioude	Chaniat	Cohade	Fontannes	Javaugues	Lamothe	Lavaudieu	Lubilhac	Mercœur	Paulhac	Saint-Beauzire	Saint-Just-près-Brioude	Saint-Laurent-Chabreuges	Vieille-Brioude
43110	Aurec-sur-Loire
43120	La Chapelle-d'Aurec	Monistrol-sur-Loire
43130	Retournac	Saint-André-de-Chalencon	Solignac-sous-Roche
43140	La Séauve-sur-Semène	Saint-Didier-en-Velay	Saint-Victor-Malescours
43150	Alleyrac	Chadron	Freycenet-la-Cuche	Freycenet-la-Tour	Goudet	Laussonne	Le Monastier-sur-Gazeille	Les Estables	Moudeyres	Présailles	Saint-Martin-de-Fugères	Salettes
43160	Berbezit	Bonneval	Cistrières	Connangles	Félines	La Chaise-Dieu	La Chapelle-Geneste	Malvières	Saint-Pal-de-Senouire	Sembadel
43170	Chanaleilles	Cubelles	Esplantas-Vazeilles	Grèzes	La Besseyre-Saint-Mary	Saugues	Thoras	Venteuges
43190	Chenereilles	Le Mas-de-Tence	Tence
43200	Araules	Beaux	Bessamorel	Grazac	Lapte	Le Pertuis	Saint-Jeures	Saint-Julien-du-Pinet	Saint-Maurice-de-Lignon	Yssingeaux
43210	Bas-en-Basset	Malvalette	Valprivas
43220	Dunières	Riotord	Saint-Julien-Molhesabate
43230	Chassagnes	Chavaniac-Lafayette	Collat	Couteuges	Domeyrat	Frugières-le-Pin	Jax	Josat	La Chomette	Mazerat-Aurouze	Montclard	Paulhaguet	Saint-Georges-d'Aurac	Saint-Préjet-Armandon	Sainte-Eugénie-de-Villeneuve	Sainte-Marguerite	Salzuit	Vals-le-Chastel
43240	Saint-Just-Malmont
43250	Frugerès-les-Mines	Sainte-Florine
43260	Champclause	Lantriac	Montusclat	Queyrières	Saint-Étienne-Lardeyrol	Saint-Hostien	Saint-Julien-Chapteuil	Saint-Pierre-Eynac
43270	Allègre	Céaux-d'Allègre	La Chapelle-Bertin	Monlet	Varennes-Saint-Honorat	Vernassal
43290	Montfaucon-en-Velay	Montregard	Raucoules	Saint-Bonnet-le-Froid
43300	Auvers	Chanteuges	Charraix	Chastel	Chazelles	Cronce	Desges	Ferrussac	Langeac	Mazeyrat-d'Allier	Pébrac	Pinols	Prades	Saint-Arcons-d'Allier	Saint-Bérain	Saint-Julien-des-Chazes	Siaugues-Sainte-Marie	Tailhac	Vissac-Auteyrac
43320	Chaspuzac	Fix-Saint-Geneys	Le Vernet	Loudes	Saint-Jean-de-Nay	Saint-Vidal	Sanssac-l'Église	Vazeilles-Limandre	Vergezac
43330	Pont-Salomon	Saint-Ferréol-d'Auroure
43340	Barges	Landos	Rauret	Saint-Christophe-d'Allier	Saint-Haon
43350	Bellevue-la-Montagne	Blanzac	Borne	Lissac	Saint-Geneys-près-Saint-Paulien	Saint-Paulien
43360	Bournoncle-Saint-Pierre	Lorlanges	Saint-Géron	Vergongheon
43370	Bains	Cussac-sur-Loire	Le Brignon	Saint-Christophe-sur-Dolaizon	Solignac-sur-Loire
43380	Ally	Arlet	Aubazat	Blassac	Cerzat	Chilhac	Lavoûte-Chilhac	Saint-Austremoine	Saint-Cirgues	Saint-Ilpize	Saint-Privat-du-Dragon	Villeneuve-d'Allier
43390	Auzon	Azérat	Saint-Hilaire	Vézézoux
43400	Le Chambon-sur-Lignon
43410	Chambezon	Lempdes-sur-Allagnon	Léotoing
43420	Pradelles	Saint-Arcons-de-Barges	Saint-Étienne-du-Vigan	Saint-Paul-de-Tartas
43430	Champclause	Chaudeyrolles	Fay-sur-Lignon	Les Vastres
43440	Champagnac-le-Vieux	Chassignolles	Laval-sur-Doulon	Saint-Didier-sur-Doulon	Saint-Vert
43450	Autrac	Blesle	Espalem	Grenier-Montgon	Leyvaux	Saint-Étienne-sur-Blesle	Torsiac
43490	Arlempdes	Costaros	Lafarre	Vielprat
43500	Beaune-sur-Arzon	Boisset	Chomelix	Craponne-sur-Arzon	Jullianges	Saint-Georges-Lagricol	Saint-Jean-d'Aubrigoux	Saint-Julien-d'Ance	Saint-Pal-de-Chalencon	Saint-Victor-sur-Arlanc
43510	Cayres	Le Bouchet-Saint-Nicolas	Ouides	Saint-Jean-Lachalm	Séneujols
43520	Mazet-Saint-Voy
43530	Tiranges
43550	Saint-Front
43580	Alleyras	Esplantas-Vazeilles	Monistrol-d'Allier	Saint-Préjet-d'Allier	Saint-Privat-d'Allier	Saint-Vénérand	Thoras	Saint-Didier-d'Allier|Saint-Privat-d'Allier	Vazeilles-près-Saugues|Esplantas-Vazeilles
43590	Beauzac
43600	Les Villettes	Sainte-Sigolène
43620	Saint-Pal-de-Mons	Saint-Romain-Lachalm
43700	Arsac-en-Velay	Blavozy	Brives-Charensac	Chaspinhac	Coubon	Le Monteil	Saint-Germain-Laprade
43750	Vals-près-le-Puy
43770	Chadrac
43800	Beaulieu	Chamalières-sur-Loire	Lavoûte-sur-Loire	Malrevers	Mézères	Rosières	Saint-Vincent	Vorey
43810	Roche-en-Régnier	Saint-Pierre-du-Champ
44000	Nantes
44100	Nantes
44110	Châteaubriant	Erbray	Louisfert	Noyal-sur-Brutz	Saint-Aubin-des-Châteaux	Soudan	Villepot
44115	Basse-Goulaine	Haute-Goulaine
44116	Vieillevigne
44117	Saint-André-des-Eaux
44118	La Chevrolière
44119	Grandchamp-des-Fontaines	Treillières
44120	Vertou
44130	Blain	Bouvron	Fay-de-Bretagne	Le Gâvre	Notre-Dame-des-Landes
44140	Aigrefeuille-sur-Maine	Geneston	La Planche	Le Bignon	Montbert	Remouillé
44150	Ancenis-Saint-Géréon	Vair-sur-Loire	Anetz|Vair-sur-Loire	Saint-Herblon|Vair-sur-Loire
44160	Besné	Crossac	Pontchâteau	Sainte-Anne-sur-Brivet	Sainte-Reine-de-Bretagne
44170	Abbaretz	Jans	La Grigonnais	Marsac-sur-Don	Nozay	Treffieux	Vay
44190	Boussay	Clisson	Gétigné	Gorges	Saint-Hilaire-de-Clisson	Saint-Lumine-de-Clisson
44200	Nantes
44210	Pornic
44220	Couëron
44230	Saint-Sébastien-sur-Loire
44240	La Chapelle-sur-Erdre	Sucé-sur-Erdre
44250	Saint-Brevin-les-Pins
44260	Bouée	La Chapelle-Launay	Lavau-sur-Loire	Malville	Prinquiau	Savenay
44270	La Marne	Machecoul-Saint-Même	Paulx	Saint-Étienne-de-Mer-Morte	Machecoul|Machecoul-Saint-Même	Saint-Même-le-Tenu|Machecoul-Saint-Même
44290	Conquereuil	Guémené-Penfao	Massérac	Pierric
44300	Nantes
44310	La Limouzinière	Saint-Colomban	Saint-Lumine-de-Coutais	Saint-Philbert-de-Grand-Lieu
44320	Chaumes-en-Retz	Chauvé	Frossay	Saint-Père-en-Retz	Saint-Viaud	Arthon-en-Retz|Chaumes-en-Retz
44330	La Chapelle-Heulin	La Regrippière	Le Pallet	Mouzillon	Vallet
44340	Bouguenais
44350	Guérande	Saint-Molf
44360	Cordemais	Le Temple-de-Bretagne	Saint-Étienne-de-Montluc	Vigneux-de-Bretagne
44370	Loireauxence	Montrelais	Belligné|Loireauxence	La Chapelle-Saint-Sauveur|Loireauxence	La Rouxière|Loireauxence	Varades|Loireauxence
44380	Pornichet
44390	Casson	Les Touches	Nort-sur-Erdre	Petit-Mars	Puceul	Saffré
44400	Rezé
44410	Assérac	Herbignac	La Chapelle-des-Marais	Saint-Lyphard
44420	La Turballe	Mesquer	Piriac-sur-Mer
44430	La Boissière-du-Doré	La Remaudière	Le Landreau	Le Loroux-Bottereau
44440	Joué-sur-Erdre	Pannecé	Riaillé	Teillé	Trans-sur-Erdre
44450	Divatte-sur-Loire	Saint-Julien-de-Concelles	Barbechat|Divatte-sur-Loire	La Chapelle-Basse-Mer|Divatte-sur-Loire
44460	Avessac	Fégréac	Saint-Nicolas-de-Redon
44470	Carquefou	Mauves-sur-Loire	Thouaré-sur-Loire
44480	Donges
44490	Le Croisic
44500	La Baule-Escoublac
44510	Le Pouliguen
44520	Grand-Auverné	Issé	La Meilleraye-de-Bretagne	Moisdon-la-Rivière
44521	Couffé	Oudon
44522	La Roche-Blanche	Mésanger	Pouillé-les-Côteaux
44530	Drefféac	Guenrouet	Saint-Gildas-des-Bois	Sévérac
44540	Le Pin	Vallons-de-l'Erdre	Freigné|Vallons-de-l'Erdre	Maumusson|Vallons-de-l'Erdre	Saint-Mars-la-Jaille|Vallons-de-l'Erdre	Saint-Sulpice-des-Landes|Vallons-de-l'Erdre	Vritz|Vallons-de-l'Erdre
44550	Montoir-de-Bretagne	Saint-Malo-de-Guersac
44560	Corsept	Paimbœuf
44570	Trignac
44580	Villeneuve-en-Retz	Bourgneuf-en-Retz|Villeneuve-en-Retz	Fresnay-en-Retz|Villeneuve-en-Retz
44590	Derval	Lusanger	Mouais	Saint-Vincent-des-Landes	Sion-les-Mines
44600	Saint-Nazaire
44610	Indre
44620	La Montagne
44630	Plessé
44640	Cheix-en-Retz	Le Pellerin	Rouans	Saint-Jean-de-Boiseau	Vue
44650	Corcoué-sur-Logne	Legé	Touvois
44660	Fercé	Rougé	Ruffigné	Soulvache
44670	Juigné-des-Moutiers	La Chapelle-Glain	Petit-Auverné	Saint-Julien-de-Vouvantes
44680	Chaumes-en-Retz	Saint-Hilaire-de-Chaléons	Saint-Mars-de-Coutais	Sainte-Pazanne	Chéméré|Chaumes-en-Retz
44690	Château-Thébaud	La Haie-Fouassière	Maisdon-sur-Sèvre	Monnières	Saint-Fiacre-sur-Maine
44700	Orvault
44710	Port-Saint-Père	Saint-Léger-les-Vignes
44720	Saint-Joachim
44730	Saint-Michel-Chef-Chef
44740	Batz-sur-Mer
44750	Campbon	Quilly
44760	La Bernerie-en-Retz	Les Moutiers-en-Retz
44770	La Plaine-sur-Mer	Préfailles
44780	Missillac
44800	Saint-Herblain
44810	Héric	La Chevallerais
44830	Bouaye	Brains
44840	Les Sorinières
44850	Le Cellier	Ligné	Mouzeil	Saint-Mars-du-Désert
44860	Pont-Saint-Martin	Saint-Aignan-Grandlieu
44880	Sautron
44980	Sainte-Luce-sur-Loire
45000	Orléans
45100	Orléans
45110	Châteauneuf-sur-Loire	Germigny-des-Prés	Saint-Martin-d'Abbat	Sigloy
45120	Cepoy	Châlette-sur-Loing	Corquilleroy	Girolles
45130	Baccon	Baule	Charsonville	Coulmiers	Épieds-en-Beauce	Huisseau-sur-Mauves	Le Bardon	Meung-sur-Loire	Rozières-en-Beauce	Saint-Ay
45140	Boulay-les-Barres	Bucy-Saint-Liphard	Ingré	Ormes	Saint-Jean-de-la-Ruelle
45150	Darvoy	Férolles	Jargeau	Ouvrouer-les-Champs
45160	Ardon	Olivet	Saint-Hilaire-Saint-Mesmin
45170	Aschères-le-Marché	Attray	Bougy-lez-Neuville	Chilleurs-aux-Bois	Crottes-en-Pithiverais	Montigny	Neuville-aux-Bois	Oison	Saint-Lyé-la-Forêt	Santeau	Tivernon	Villereau	Teillay-Saint-Benoît|Crottes-en-Pithiverais
45190	Beaugency	Cravant	Messas	Tavers	Villorceau
45200	Amilly	Montargis	Paucourt
45210	Bazoches-sur-le-Betz	Chevannes	Chevry-sous-le-Bignon	Ferrières-en-Gâtinais	Fontenay-sur-Loing	Griselles	La Chapelle-Saint-Sépulcre	La Selle-en-Hermoy	La Selle-sur-le-Bied	Le Bignon-Mirabeau	Louzouer	Mérinville	Nargis	Pers-en-Gâtinais	Rozoy-le-Vieil	Thorailles
45220	Château-Renard	Chuelles	Douchy-Montcorbon	Gy-les-Nonains	Melleroy	Saint-Firmin-des-Bois	Saint-Germain-des-Prés	Triguères
45230	Adon	Aillant-sur-Milleron	Châtillon-Coligny	Dammarie-sur-Loing	Feins-en-Gâtinais	La Bussière	La Chapelle-sur-Aveyron	Le Charme	Montbouy	Saint-Maurice-sur-Aveyron	Sainte-Geneviève-des-Bois
45240	La Ferté-Saint-Aubin	Ligny-le-Ribault	Marcilly-en-Villette	Ménestreau-en-Villette	Sennely
45250	Breteau	Briare	Escrignelles	Ousson-sur-Loire	Ouzouer-sur-Trézée
45260	Chailly-en-Gâtinais	Châtenoy	Coudroy	La Cour-Marigny	Lorris	Montereau	Noyers	Presnoy	Thimory	Vieilles-Maisons-sur-Joudry
45270	Auvilliers-en-Gâtinais	Beauchamps-sur-Huillard	Bellegarde	Chapelon	Fréville-du-Gâtinais	Ladon	Mézières-en-Gâtinais	Moulon	Nesploy	Ouzouer-sous-Bellegarde	Quiers-sur-Bezonde	Villemoutiers
45290	Boismorand	Langesse	Le Moulinet-sur-Solin	Les Choux	Nogent-sur-Vernisson	Oussoy-en-Gâtinais	Ouzouer-des-Champs	Pressigny-les-Pins	Varennes-Changy
45300	Ascoux	Audeville	Bondaroy	Bouilly-en-Gâtinais	Bouzonville-aux-Bois	Boynes	Césarville-Dossainville	Courcelles-le-Roi	Courcy-aux-Loges	Dadonville	Engenville	Escrennes	Estouy	Givraines	Guigneville	Intville-la-Guétard	Laas	Le Malesherbois	Mareau-aux-Bois	Marsainvilliers	Morville-en-Beauce	Pannecières	Pithiviers	Pithiviers-le-Vieil	Ramoulu	Rouvres-Saint-Jean	Sermaises	Thignonville	Vrigny	Yèvre-la-Ville	Bouzonville-en-Beauce|Pithiviers-le-Vieil	Manchecourt|Le Malesherbois	Sébouville|Guigneville	Yèvre-le-Châtel|Yèvre-la-Ville
45310	Bricy	Coinces	Gémigny	La Chapelle-Onzerain	Patay	Rouvray-Sainte-Croix	Saint-Péravy-la-Colombe	Saint-Sigismond	Tournoisis	Villamblain	Villeneuve-sur-Conie
45320	Chantecoq	Courtemaux	Courtenay	Ervauville	Foucherolles	Saint-Hilaire-les-Andrésis
45330	Augerville-la-Rivière	Le Malesherbois	Coudray|Le Malesherbois	Labrosse|Le Malesherbois	Mainvilliers|Le Malesherbois	Malesherbes|Le Malesherbois	Nangeville|Le Malesherbois	Orveau-Bellesauve|Le Malesherbois
45340	Auxy	Barville-en-Gâtinais	Batilly-en-Gâtinais	Beaune-la-Rolande	Boiscommun	Bordeaux-en-Gâtinais	Chambon-la-Forêt	Égry	Gaubertin	Juranville	Montbarrois	Montliard	Nancray-sur-Rimarde	Nibelle	Saint-Loup-des-Vignes	Saint-Michel	Chemault|Boiscommun
45360	Cernoy-en-Berry	Châtillon-sur-Loire	Pierrefitte-ès-Bois	Saint-Firmin-sur-Loire
45370	Cléry-Saint-André	Dry	Jouy-le-Potier	Mareau-aux-Prés	Mézières-lez-Cléry
45380	Chaingy	La Chapelle-Saint-Mesmin
45390	Aulnay-la-Rivière	Boësses	Briarres-sur-Essonne	Bromeilles	Desmonts	Dimancheville	Échilleuses	Grangermont	La Neuville-sur-Essonne	Ondreville-sur-Essonne	Orville	Puiseaux
45400	Chanteau	Fleury-les-Aubrais	Semoy
45410	Artenay	Bucy-le-Roi	Lion-en-Beauce	Ruan	Sougy	Trinay
45420	Batilly-en-Puisaye	Bonny-sur-Loire	Champoulet	Dammarie-en-Puisaye	Faverelles	Thou
45430	Bou	Chécy	Mardié
45450	Donnery	Fay-aux-Loges	Ingrannes	Sully-la-Chapelle
45460	Bonnée	Bouzy-la-Forêt	Bray-Saint-Aignan	Les Bordes
45470	Loury	Rebréchien	Traînou
45480	Andonville	Autruy-sur-Juine	Bazoches-les-Gallerandes	Boisseaux	Charmont-en-Beauce	Châtillon-le-Roi	Chaussy	Erceville	Greneville-en-Beauce	Jouy-en-Pithiverais	Léouville	Outarville	Allainville-en-Beauce|Outarville	Faronville|Outarville	Guignonville|Greneville-en-Beauce	Izy|Bazoches-les-Gallerandes	Saint-Péravy-Épreux|Outarville	Teillay-le-Gaudin|Outarville
45490	Corbeilles	Courtempierre	Gondreville	Lorcy	Mignères	Mignerette	Préfontaines	Sceaux-du-Gâtinais	Treilles-en-Gâtinais
45500	Autry-le-Châtel	Gien	Nevoy	Poilly-lez-Gien	Saint-Brisson-sur-Loire	Saint-Gondon	Saint-Martin-sur-Ocre	Arrabloy|Gien
45510	Neuvy-en-Sullias	Tigy	Vannes-sur-Cosson	Vienne-en-Val
45520	Cercottes	Chevilly	Gidy	Huêtre
45530	Combreux	Seichebrières	Sury-aux-Bois	Vitry-aux-Loges
45550	Saint-Denis-de-l'Hôtel
45560	Saint-Denis-en-Val
45570	Dampierre-en-Burly	Ouzouer-sur-Loire
45590	Saint-Cyr-en-Val
45600	Guilly	Lion-en-Sullias	Saint-Aignan-le-Jaillard	Saint-Florent-le-Jeune	Saint-Père-sur-Loire	Sully-sur-Loire	Viglain	Villemurlin
45620	Cerdon	Isdes
45630	Beaulieu-sur-Loire
45640	Sandillon
45650	Saint-Jean-le-Blanc
45680	Dordives
45700	Chevillon-sur-Huillard	Conflans-sur-Loing	Cortrat	Lombreuil	Montcresson	Mormant-sur-Vernisson	Pannes	Saint-Hilaire-sur-Puiseaux	Saint-Maurice-sur-Fessard	Solterre	Villemandeur	Villevoques	Vimory
45720	Coullons
45730	Saint-Benoît-sur-Loire
45740	Lailly-en-Val
45750	Saint-Pryvé-Saint-Mesmin
45760	Boigny-sur-Bionne	Marigny-les-Usages	Vennecy
45770	Saran
45800	Combleux	Saint-Jean-de-Braye
46000	Cahors
46090	Arcambal	Aujols	Bellefont-La Rauze	Berganty	Esclauzels	Espère	Flaujac-Poujols	Francoulès	Labastide-Marnhac	Lamagdelaine	Le Montat	Maxou	Mercuès	Pradines	Saint Géry-Vers	Saint-Pierre-Lafeuille	Trespoux-Rassiels	Villesèque	Cours|Bellefont-La Rauze	Laroque-des-Arcs|Bellefont-La Rauze	Valroufié|Bellefont-La Rauze	Vers|Saint Géry-Vers
46100	Béduer	Boussac	Cambes	Camboulit	Camburat	Capdenac	Cardaillac	Corn	Faycelles	Figeac	Fons	Fourmagnac	Lentillac-Saint-Blaise	Lissac-et-Mouret	Lunan	Planioles	Saint-Félix	Saint-Perdoux	Viazac
46110	Bétaille	Carennac	Cavagnac	Condat	Le Vignon-en-Quercy	Saint-Michel-de-Bannières	Strenquels	Vayrac	Les Quatre-Routes-du-Lot|Le Vignon-en-Quercy
46120	Anglars	Aynac	Espeyroux	Labathude	Lacapelle-Marival	Le Bourg	Le Bouyssou	Leyme	Molières	Rudelle	Rueyres	Saint-Bressou	Saint-Maurice-en-Quercy	Sainte-Colombe	Terrou	Thémines	Théminettes
46130	Belmont-Bretenoux	Biars-sur-Cère	Bretenoux	Cahus	Cornac	Estal	Gagnac-sur-Cère	Gintrac	Girac	Glanes	Laval-de-Cère	Loubressac	Prudhomat	Puybrun	Saint-Michel-Loubéjou	Tauriac
46140	Albas	Anglars-Juillac	Bélaye	Caillac	Cambayrac	Carnac-Rouffiac	Castelfranc	Douelle	Luzech	Parnac	Saint-Vincent-Rive-d'Olt	Sauzet
46150	Boissières	Calamane	Catus	Crayssac	Gigouzac	Labastide-du-Vert	Les Junies	Lherm	Mechmont	Montgesty	Nuzéjouls	Pontcirq	Saint-Denis-Catus	Saint-Médard	Thédirac
46160	Cadrieu	Cajarc	Calvignac	Carayac	Frontenac	Gréalou	Larnagol	Larroque-Toirac	Marcilhac-sur-Célé	Montbrun	Saint-Chels	Saint-Pierre-Toirac	Saint-Sulpice
46170	Castelnau-Montratier	Cézac	Pern-Lhospitalet	Saint-Paul-Flaugnac	Flaugnac|Saint-Paul-Flaugnac	Lhospitalet|Pern-Lhospitalet	Pern|Pern-Lhospitalet	Saint-Paul-de-Loubressac|Saint-Paul-Flaugnac	Sainte-Alauzie|Castelnau-Montratier
46190	Sousceyrac-en-Quercy	Teyssieu	Calviac|Sousceyrac-en-Quercy	Comiac|Sousceyrac-en-Quercy	Lacam-d'Ourcet|Sousceyrac-en-Quercy	Lamativie|Sousceyrac-en-Quercy	Sousceyrac|Sousceyrac-en-Quercy
46200	Lacave	Lachapelle-Auzac	Lanzac	Le Roc	Mayrac	Meyronne	Pinsac	Saint-Sozy	Souillac
46210	Bessonies	Gorses	Labastide-du-Haut-Mont	Latronquière	Lauresses	Montet-et-Bouxal	Sabadel-Latronquière	Saint-Cirgues	Saint-Hilaire	Saint-Médard-Nicourby	Sénaillac-Latronquière
46220	Lagardelle	Pescadoires	Prayssac
46230	Bach	Belfort-du-Quercy	Belmont-Sainte-Foi	Cieurac	Cremps	Escamps	Fontanes	Laburgade	Lalbenque	Montdoumerc	Vaylats
46240	Caniac-du-Causse	Cœur de Causse	Lamothe-Cassel	Lunegarde	Montfaucon	Séniergues	Soulomès	Ussel	Beaumat|Cœur de Causse	Fontanes-du-Causse|Cœur de Causse	Labastide-Murat|Cœur de Causse	Saint-Sauveur-la-Vallée|Cœur de Causse	Vaillac|Cœur de Causse
46250	Cazals	Frayssinet-le-Gélat	Gindou	Goujounac	Les Arques	Marminiac	Montcléra	Pomarède	Saint-Caprais
46260	Beauregard	Concots	Laramière	Limogne-en-Quercy	Lugagnac	Promilhanes	Puyjourdes	Saillac	Saint-Jean-de-Laur	Varaire	Vidaillac
46270	Bagnac-sur-Célé	Cuzac	Felzins	Linac	Montredon	Prendeignes	Saint-Jean-Mirabel
46300	Anglars-Nozac	Fajoles	Ginouillac	Gourdon	Le Vigan-en-Quercy	Léobard	Milhac	Payrignac	Rouffilhac	Saint-Cirq-Madelon	Saint-Cirq-Souillaguet	Saint-Clair	Saint-Projet	Soucirac
46310	Concorès	Frayssinet	Montamel	Peyrilles	Saint-Chamarand	Saint-Germain-du-Bel-Air	Uzech
46320	Assier	Brengues	Durbans	Espagnac-Sainte-Eulalie	Espédaillac	Flaujac-Gare	Grèzes	Issepts	Livernon	Quissac-en-Quercy	Reyrevignes	Saint-Simon	Sonac
46330	Blars	Bouziès	Cabrerets	Cénevières	Crégols	Lentillac-du-Causse	Orniac	Saint-Cirq-Lapopie	Saint Géry-Vers	Saint-Martin-Labouval	Sauliac-sur-Célé	Tour-de-Faure	Saint-Géry|Saint Géry-Vers
46340	Dégagnac	Lavercantière	Rampoux	Salviac
46350	Calès	Lamothe-Fénelon	Loupiac	Masclat	Nadaillac-de-Rouge	Payrac	Reilhaguet
46360	Cras	Lauzès	Les Pechs du Vers	Nadillac	Sabadel-Lauzès	Sénaillac-Lauzès	Saint-Cernin|Les Pechs du Vers	Saint-Martin-de-Vers|Les Pechs du Vers
46400	Autoire	Bannes	Frayssinhes	Ladirat	Latouille-Lentillac	Saint-Céré	Saint-Jean-Lagineste	Saint-Jean-Lespinasse	Saint-Laurent-les-Tours	Saint-Médard-de-Presque	Saint-Paul-de-Vern	Saint-Vincent-du-Pendit
46500	Albiac	Alvignac	Bio	Carlucet	Couzou	Gramat	Issendolus	Lavergne	Le Bastit	Mayrinhac-Lentour	Miers	Padirac	Reilhac	Rignac	Rocamadour	Saignes	Thégra
46600	Baladou	Cressensac-Sarrazac	Creysse	Cuzance	Floirac	Gignac	Le Vignon-en-Quercy	Martel	Montvalent	Saint-Denis-lès-Martel	Cazillac|Le Vignon-en-Quercy	Cressensac|Cressensac-Sarrazac	Sarrazac|Cressensac-Sarrazac
46700	Cassagnes	Duravel	Floressas	Grézels	Lacapelle-Cabanac	Mauroux	Montcabrier	Puy-l'Évêque	Saint-Martin-le-Redon	Sérignac	Soturac	Touzac	Vire-sur-Lot
46800	Barguelonne-en-Quercy	Lendou-en-Quercy	Montcuq-en-Quercy-Blanc	Montlauzun	Porte-du-Quercy	Bagat-en-Quercy|Barguelonne-en-Quercy	Fargues|Porte-du-Quercy	Lascabanes|Lendou-en-Quercy	Le Boulvé|Porte-du-Quercy	Saint-Cyprien|Lendou-en-Quercy	Saint-Daunès|Barguelonne-en-Quercy	Saint-Laurent-Lolmie|Lendou-en-Quercy	Saint-Matré|Porte-du-Quercy	Saint-Pantaléon|Barguelonne-en-Quercy	Saux|Porte-du-Quercy
47000	Agen
47110	Allez-et-Cazeneuve	Dolmayrac	Le Temple-sur-Lot	Sainte-Livrade-sur-Lot
47120	Auriac-sur-Dropt	Baleyssagues	Caubon-Saint-Sauveur	Duras	Esclottes	Lévignac-de-Guyenne	Loubès-Bernac	Monteton	Pardaillan	Saint-Astier	Saint-Géraud	Saint-Jean-de-Duras	Saint-Pierre-sur-Dropt	Saint-Sernin	Sainte-Colombe-de-Duras	Savignac-de-Duras	Soumensac	Villeneuve-de-Duras
47130	Bazens	Bruch	Clermont-Dessous	Montesquieu	Port-Sainte-Marie	Saint-Laurent
47140	Auradou	Dausse	Frespech	Massels	Massoulès	Penne-d'Agenais	Saint-Sylvestre-sur-Lot	Trémons	Trentels
47150	Gavaudun	La Sauvetat-sur-Lède	Lacapelle-Biron	Lacaussade	Laussou	Monflanquin	Monségur	Montagnac-sur-Lède	Paulhiac	Saint-Aubin	Salles	Savignac-sur-Leyze
47160	Ambrus	Buzet-sur-Baïse	Caubeyres	Damazan	Monheurt	Puch-d'Agenais	Razimet	Saint-Léger	Saint-Léon	Saint-Pierre-de-Buzet	Villefranche-du-Queyran
47170	Andiran	Lannes	Mézin	Poudenas	Réaup-Lisse	Saint-Pé-Saint-Simon	Sainte-Maure-de-Peyriac	Sos	Gueyze|Sos	Lisse|Réaup-Lisse	Meylan|Sos	Villeneuve-de-Mézin|Lannes
47180	Castelnau-sur-Gupie	Couthures-sur-Garonne	Jusix	Lagupie	Meilhan-sur-Garonne	Saint-Martin-Petit	Saint-Sauveur-de-Meilhan	Sainte-Bazeille
47190	Aiguillon	Galapian	Lagarrigue	Nicole
47200	Beaupuy	Birac-sur-Trec	Fourques-sur-Garonne	Gaujac	Longueville	Marcellus	Marmande	Mauvezin-sur-Gupie	Montpouillan	Saint-Pardoux-du-Breuil	Taillebourg	Virazeil
47210	Bournel	Dévillac	Doudrac	Mazières-Naresse	Montaut	Parranquet	Rayet	Rives	Saint-Étienne-de-Villeréal	Saint-Eutrope-de-Born	Saint-Martin-de-Villeréal	Tourliac	Villeréal
47220	Astaffort	Caudecoste	Cuq	Fals	Marmont-Pachas	Saint-Nicolas-de-la-Balerme	Saint-Sixte	Sauveterre-Saint-Denis
47230	Barbaste	Feugarolles	Lavardac	Montgaillard-en-Albret	Pompiey	Thouars-sur-Garonne	Vianne	Xaintrailles
47240	Bon-Encontre	Castelculier	Lafox
47250	Argenton	Bouglon	Cocumont	Grézet-Cavagnan	Guérin	Labastide-Castel-Amouroux	Romestaing	Sainte-Gemme-Martaillac	Samazan
47260	Brugnac	Castelmoron-sur-Lot	Coulx	Fongrave	Granges-sur-Lot	Laparade	Verteuil-d'Agenais
47270	Clermont-Soubiran	Grayssas	La Sauvetat-de-Savères	Puymirol	Saint-Caprais-de-Lerm	Saint-Jean-de-Thurac	Saint-Martin-de-Beauville	Saint-Maurin	Saint-Pierre-de-Clairac	Saint-Romain-le-Noble	Saint-Urcisse	Tayrac
47290	Beaugas	Boudy-de-Beauregard	Cancon	Castelnaud-de-Gratecambe	Lougratte	Monbahus	Monviel	Moulinet	Saint-Maurice-de-Lestapel	Saint-Pastour
47300	Bias	Lédat	Pujols	Sainte-Colombe-de-Villeneuve	Villeneuve-sur-Lot
47310	Aubiac	Brax	Estillac	Lamontjoie	Laplume	Moirax	Moncaut	Roquefort	Saint-Vincent-de-Lamontjoie	Sainte-Colombe-en-Bruilhois	Sérignac-sur-Garonne
47320	Bourran	Clairac	Lafitte-sur-Lot
47330	Cahuzac	Castillonnès	Cavarc	Douzains	Ferrensac	Lalandusse	Montauriol	Saint-Quentin-du-Dropt
47340	Cassignas	Castella	Hautefage-la-Tour	La Croix-Blanche	Laroque-Timbaut	Monbalen	Saint-Antoine-de-Ficalba	Saint-Robert	Sauvagnas
47350	Agmé	Cambes	Escassefort	Labretonie	Lachapelle	Montignac-Toupinerie	Peyrière	Puymiclan	Saint-Avit	Saint-Barthélemy-d'Agenais	Seyches
47360	Cours	Frégimont	Lacépède	Laugnac	Lusignan-Petit	Madaillan	Montpezat	Prayssas	Saint-Salvy	Saint-Sardos	Sembas
47370	Anthé	Bourlens	Cazideroque	Courbiac	Masquières	Saint-Georges	Thézac	Tournon-d'Agenais
47380	Monclar	Montastruc	Pinel-Hauterive	Saint-Étienne-de-Fougères	Tombebœuf	Tourtrès	Villebramar	Saint-Pierre-de-Caubel|Pinel-Hauterive
47390	Layrac
47400	Fauguerolles	Fauillet	Gontaud-de-Nogaret	Grateloup-Saint-Gayrand	Hautesvignes	Lagruère	Tonneins	Varès	Villeton
47410	Bourgougnague	Lauzun	Saint-Colomb-de-Lauzun	Ségalas	Sérignac-Péboudou
47420	Allons	Boussès	Durance	Houeillès	Pompogne	Sauméjan
47430	Calonges	Caumont-sur-Garonne	Le Mas-d'Agenais	Sainte-Marthe	Sénestis
47440	Casseneuil	Pailloles
47450	Colayrac-Saint-Cirq	Saint-Hilaire-de-Lusignan
47470	Beauville	Blaymont	Cauzac	Dondas	Engayrac
47480	Bajamont	Pont-du-Casse
47500	Blanquefort-sur-Briolance	Condezaygues	Cuzorn	Fumel	Monsempron-Libos	Montayral	Saint-Front-sur-Lémance	Saint-Vite	Sauveterre-la-Lémance
47510	Foulayronnes
47520	Le Passage
47550	Boé
47600	Calignac	Espiens	Fieux	Francescas	Fréchou	Lasserre	Moncrabeau	Montagnac-sur-Auvignon	Nérac	Nomdieu	Saumont
47700	Antagnac	Anzex	Beauziac	Casteljaloux	Fargues-sur-Ourbise	La Réunion	Leyritz-Moncassin	Pindères	Poussignac	Ruffiac	Saint-Martin-Curton
47800	Agnac	Allemans-du-Dropt	Armillac	La Sauvetat-du-Dropt	Laperche	Lavergne	Miramont-de-Guyenne	Montignac-de-Lauzun	Moustier	Puysserampion	Roumagne	Saint-Pardoux-Isaac
48000	Badaroux	Balsièges	Barjac	Brenoux	Chastel-Nouvel	Lanuéjols	Le Born	Mende	Monts-de-Randon	Pelouse	Saint-Bauzile	Saint-Étienne-du-Valdonnez	Servières|Monts-de-Randon
48100	Antrenas	Bourgs sur Colagne	Gabrias	Grèzes	Lachamp-Ribennes	Le Buisson	Les Salces	Marvejols	Montrodat	Palhers	Prinsuéjols-Malbouzon	Recoules-de-Fumas	Saint-Bonnet-de-Chirac	Saint-Laurent-de-Muret	Saint-Léger-de-Peyre	Chirac|Bourgs sur Colagne	Lachamp|Lachamp-Ribennes	Le Monastier-Pin-Moriès|Bourgs sur Colagne	Prinsuéjols|Prinsuéjols-Malbouzon
48110	Gabriac	Le Pompidou	Moissac-Vallée-Française	Molezon	Saint-Martin-de-Lansuscle	Sainte-Croix-Vallée-Française
48120	Lajo	Saint-Alban-sur-Limagnole	Sainte-Eulalie
48130	Peyre en Aubrac	Aumont-Aubrac|Peyre en Aubrac	Fau-de-Peyre|Peyre en Aubrac	Javols|Peyre en Aubrac	La Chaze-de-Peyre|Peyre en Aubrac	Saint-Sauveur-de-Peyre|Peyre en Aubrac	Sainte-Colombe-de-Peyre|Peyre en Aubrac
48140	Chaulhac	Julianges	Le Malzieu-Forain	Le Malzieu-Ville	Paulhac-en-Margeride	Saint-Léger-du-Malzieu	Saint-Privat-du-Fau
48150	Gatuzières	Hures-la-Parade	Le Rozier	Meyrueis	Saint-Pierre-des-Tripiers
48160	Le Collet-de-Dèze	Saint-Hilaire-de-Lavit	Saint-Julien-des-Points	Saint-Martin-de-Boubaux	Saint-Michel-de-Dèze	Ventalon en Cévennes	Saint-Andéol-de-Clerguemort|Ventalon en Cévennes
48170	Arzenc-de-Randon	Châteauneuf-de-Randon	Chaudeyrac	Laubert	Mont Lozère et Goulet	Montbel	Saint-Frézal-d'Albuges	Saint-Jean-la-Fouillouse	Saint-Sauveur-de-Ginestoux	Belvezet|Mont Lozère et Goulet
48190	Allenc	Chadenet	Cubières	Cubiérettes	Mont Lozère et Goulet	Sainte-Hélène	Bagnols-les-Bains|Mont Lozère et Goulet	Le Bleymard|Mont Lozère et Goulet	Mas-d'Orcières|Mont Lozère et Goulet	Saint-Julien-du-Tournel|Mont Lozère et Goulet
48200	Albaret-Sainte-Marie	Blavignac	La Fage-Saint-Julien	Les Bessons	Les Monts-Verts	Prunières	Rimeize	Saint-Chély-d'Apcher	Saint-Pierre-le-Vieux
48210	Gorges du Tarn Causses	La Malène	Mas-Saint-Chély	Massegros Causses Gorges	Les Vignes|Massegros Causses Gorges	Montbrun|Gorges du Tarn Causses	Sainte-Enimie|Gorges du Tarn Causses
48220	Pont de Montvert - Sud Mont Lozère	Vialas	Le Pont-de-Montvert|Pont de Montvert - Sud Mont Lozère
48230	Chanac	Cultures	Esclanèdes	Les Salelles	Le Villard|Chanac
48240	Saint-André-de-Lancize	Saint-Privat-de-Vallongue	Ventalon en Cévennes	Saint-Frézal-de-Ventalon|Ventalon en Cévennes
48250	La Bastide-Puylaurent	Laveyrune	Luc	Mont Lozère et Goulet	Chasseradès|Mont Lozère et Goulet
48260	Grandvals	Marchastel	Nasbinals	Recoules-d'Aubrac
48270	Prinsuéjols-Malbouzon	Malbouzon|Prinsuéjols-Malbouzon
48300	Chastanier	Cheylard-l'Évêque	Langogne	Naussac-Fontanes	Pierrefiche	Rocles	Saint-Flour-de-Mercoire	Fontanes|Naussac-Fontanes	Naussac|Naussac-Fontanes
48310	Albaret-le-Comtal	Arzenc-d'Apcher	Brion	Chauchailles	Fournels	La Fage-Montivernoux	Noalhac	Saint-Juéry	Saint-Laurent-de-Veyrès	Termes
48320	Gorges du Tarn Causses	Ispagnac	Quézac|Gorges du Tarn Causses
48330	Saint-Étienne-Vallée-Française
48340	Les Hermaux	Saint-Germain-du-Teil	Saint-Pierre-de-Nogaret	Trélans
48370	Saint-Germain-de-Calberte
48400	Barre-des-Cévennes	Bassurels	Bédouès-Cocurès	Cans et Cévennes	Cassagnas	Florac Trois Rivières	Fraissinet-de-Fourques	Les Bondons	Rousses	Vebron	Saint-Julien-d'Arpaon|Cans et Cévennes	Saint-Laurent-de-Trèves|Cans et Cévennes
48500	Banassac-Canilhac	La Canourgue	La Tieule	Laval-du-Tarn	Massegros Causses Gorges	Saint-Saturnin	Auxillac|La Canourgue	La Capelle|La Canourgue	Le Massegros|Massegros Causses Gorges	Le Recoux|Massegros Causses Gorges	Montjézieu|La Canourgue	Saint-Georges-de-Lévéjac|Massegros Causses Gorges	Saint-Rome-de-Dolan|Massegros Causses Gorges
48600	Auroux	Bel-Air-Val-d'Ance	Grandrieu	La Panouse	Saint Bonnet-Laval	Saint-Paul-le-Froid	Chambon-le-Château|Bel-Air-Val-d'Ance	Laval-Atger|Saint Bonnet-Laval	Saint-Bonnet-de-Montauroux|Saint Bonnet-Laval	Saint-Symphorien|Bel-Air-Val-d'Ance
48700	Fontans	Lachamp-Ribennes	Les Laubies	Monts-de-Randon	Saint-Denis-en-Margeride	Saint-Gal	Serverette	Estables|Monts-de-Randon	La Villedieu|Monts-de-Randon	Ribennes|Lachamp-Ribennes	Rieutort-de-Randon|Monts-de-Randon	Saint-Amans|Monts-de-Randon
48800	Altier	Pied-de-Borne	Pourcharesses	Prévenchères	Saint-André-Capcèze	Villefort
49000	Angers	Écouflant
49070	Beaucouzé	Saint-Lambert-la-Potherie	Saint-Léger-de-Linières	Saint-Jean-de-Linières|Saint-Léger-de-Linières
49080	Bouchemaine
49100	Angers
49110	Beaupréau-en-Mauges	Mauges-sur-Loire	Montrevault-sur-Èvre	Botz-en-Mauges|Mauges-sur-Loire	Chaudron-en-Mauges|Montrevault-sur-Èvre	La Boissière-sur-Èvre|Montrevault-sur-Èvre	La Salle-et-Chapelle-Aubry|Montrevault-sur-Èvre	Le Pin-en-Mauges|Beaupréau-en-Mauges	Montrevault|Montrevault-sur-Èvre	Saint-Pierre-Montlimart|Montrevault-sur-Èvre	Saint-Quentin-en-Mauges|Montrevault-sur-Èvre	Saint-Rémy-en-Mauges|Montrevault-sur-Èvre
49112	Verrières-en-Anjou	Pellouailles-les-Vignes|Verrières-en-Anjou
49120	Chemillé-en-Anjou	Cossé-d'Anjou|Chemillé-en-Anjou	La Chapelle-Rousselin|Chemillé-en-Anjou	La Jumellière|Chemillé-en-Anjou	La Tourlandry|Chemillé-en-Anjou	Melay|Chemillé-en-Anjou	Neuvy-en-Mauges|Chemillé-en-Anjou	Saint-Georges-des-Gardes|Chemillé-en-Anjou	Saint-Lézin|Chemillé-en-Anjou	Sainte-Christine|Chemillé-en-Anjou
49122	Bégrolles-en-Mauges	Le May-sur-Èvre
49123	Champtocé-sur-Loire	Ingrandes-le-Fresne-sur-Loire	Le Fresne-sur-Loire|Ingrandes-le-Fresne-sur-Loire	Saint-Sigismond|Ingrandes-le-Fresne-sur-Loire
49124	Le Plessis-Grammoire	Saint-Barthélemy-d'Anjou
49125	Briollay	Cheffes	Tiercé
49130	Les Ponts-de-Cé	Saint-Jean-de-la-Croix	Sainte-Gemmes-sur-Loire
49140	Cornillé-les-Caves	Corzé	Jarzé Villages	La Chapelle-Saint-Laud	Loire-Authion	Marcé	Mazé-Milon	Montreuil-sur-Loir	Rives-du-Loir-en-Anjou	Seiches-sur-le-Loir	Sermaise	Bauné|Loire-Authion	Beauvau|Jarzé Villages	Chaumont-d'Anjou|Jarzé Villages	Fontaine-Milon|Mazé-Milon	Jarzé|Jarzé Villages	Lué-en-Baugeois|Jarzé Villages	Soucelles|Rives-du-Loir-en-Anjou	Villevêque|Rives-du-Loir-en-Anjou
49150	Baugé-en-Anjou	La Lande-Chasles	Baugé|Baugé-en-Anjou	Bocé|Baugé-en-Anjou	Chartrené|Baugé-en-Anjou	Cheviré-le-Rouge|Baugé-en-Anjou	Clefs|Baugé-en-Anjou	Cuon|Baugé-en-Anjou	Échemiré|Baugé-en-Anjou	Fougeré|Baugé-en-Anjou	Le Guédeniau|Baugé-en-Anjou	Le Vieil-Baugé|Baugé-en-Anjou	Montpollin|Baugé-en-Anjou	Pontigné|Baugé-en-Anjou	Saint-Martin-d'Arcé|Baugé-en-Anjou	Saint-Quentin-lès-Beaurepaire|Baugé-en-Anjou	Vaulandry|Baugé-en-Anjou
49160	Blou	Gennes-Val-de-Loire	Longué-Jumelles	Saint-Philbert-du-Peuple	Jumelles|Longué-Jumelles	Saint-Martin-de-la-Place|Gennes-Val-de-Loire
49170	Béhuard	La Possonnière	Saint-Augustin-des-Bois	Saint-Georges-sur-Loire	Saint-Germain-des-Prés	Saint-Léger-de-Linières	Saint-Martin-du-Fouilloux	Savennières	Saint-Léger-des-Bois|Saint-Léger-de-Linières
49190	Denée	Rochefort-sur-Loire	Val-du-Layon	Saint-Aubin-de-Luigné|Val-du-Layon
49220	Chambellay	Chenillé-Champteussé	Erdre-en-Anjou	Grez-Neuville	La Jaille-Yvon	Le Lion-d'Angers	Longuenée-en-Anjou	Montreuil-sur-Maine	Thorigné-d'Anjou	Andigné|Le Lion-d'Angers	Brain-sur-Longuenée|Erdre-en-Anjou	Champteussé-sur-Baconne|Chenillé-Champteussé	Chenillé-Changé|Chenillé-Champteussé	Gené|Erdre-en-Anjou	Pruillé|Longuenée-en-Anjou	Vern-d'Anjou|Erdre-en-Anjou
49230	Sèvremoine	Montfaucon-Montigné|Sèvremoine	Saint-Crespin-sur-Moine|Sèvremoine	Saint-Germain-sur-Moine|Sèvremoine	Tillières|Sèvremoine
49240	Avrillé
49250	Beaufort-en-Anjou	Brissac Loire Aubance	La Ménitré	Les Bois d'Anjou	Loire-Authion	Beaufort-en-Vallée|Beaufort-en-Anjou	Brion|Les Bois d'Anjou	Fontaine-Guérin|Les Bois d'Anjou	Gée|Beaufort-en-Anjou	Saint-Georges-du-Bois|Les Bois d'Anjou	Saint-Mathurin-sur-Loire|Loire-Authion	Saint-Rémy-la-Varenne|Brissac Loire Aubance
49260	Antoigné	Artannes-sur-Thouet	Bellevigne-les-Châteaux	Courchamps	Épieds	Le Coudray-Macouard	Le Puy-Notre-Dame	Montreuil-Bellay	Saint-Just-sur-Dive	Saint-Macaire-du-Bois	Vaudelnay	Brézé|Bellevigne-les-Châteaux	Saint-Cyr-en-Bourg|Bellevigne-les-Châteaux
49270	Montrevault-sur-Èvre	Orée d'Anjou	Champtoceaux|Orée d'Anjou	La Varenne|Orée d'Anjou	Landemont|Orée d'Anjou	Le Fuilet|Montrevault-sur-Èvre	Saint-Christophe-la-Couperie|Orée d'Anjou	Saint-Laurent-des-Autels|Orée d'Anjou	Saint-Sauveur-de-Landemont|Orée d'Anjou
49280	La Séguinière	La Tessoualle	Mazières-en-Mauges	Saint-Christophe-du-Bois	Saint-Léger-sous-Cholet
49290	Chalonnes-sur-Loire	Chaudefonds-sur-Layon	Mauges-sur-Loire	Bourgneuf-en-Mauges|Mauges-sur-Loire	Saint-Laurent-de-la-Plaine|Mauges-sur-Loire
49300	Cholet	Le Puy-Saint-Bonnet|Cholet
49310	Cernusson	Chemillé-en-Anjou	Lys-Haut-Layon	Montilliers	Saint-Paul-du-Bois	La Salle-de-Vihiers|Chemillé-en-Anjou	Le Voide|Lys-Haut-Layon	Les Cerqueux-sous-Passavant|Lys-Haut-Layon	Saint-Hilaire-du-Bois|Lys-Haut-Layon	Tancoigné|Lys-Haut-Layon	Trémont|Lys-Haut-Layon	Vihiers|Lys-Haut-Layon
49320	Blaison-Saint-Sulpice	Brissac Loire Aubance	Gennes-Val-de-Loire	Les Garennes sur Loire	Blaison-Gohier|Blaison-Saint-Sulpice	Brissac-Quincé|Brissac Loire Aubance	Charcé-Saint-Ellier-sur-Aubance|Brissac Loire Aubance	Chemellier|Brissac Loire Aubance	Coutures|Brissac Loire Aubance	Grézillé|Gennes-Val-de-Loire	Les Alleuds|Brissac Loire Aubance	Luigné|Brissac Loire Aubance	Saint-Jean-des-Mauvrets|Les Garennes sur Loire	Saint-Saturnin-sur-Loire|Brissac Loire Aubance	Saint-Sulpice|Blaison-Saint-Sulpice	Saulgé-l'Hôpital|Brissac Loire Aubance	Vauchrétien|Brissac Loire Aubance
49330	Étriché	Juvardeil	Les Hauts-d'Anjou	Miré	Sceaux-d'Anjou	Brissarthe|Les Hauts-d'Anjou	Champigné|Les Hauts-d'Anjou	Châteauneuf-sur-Sarthe|Les Hauts-d'Anjou	Cherré|Les Hauts-d'Anjou	Contigné|Les Hauts-d'Anjou	Marigné|Les Hauts-d'Anjou	Querré|Les Hauts-d'Anjou
49340	Chanteloup-les-Bois	Nuaillé	Trémentines	Vezins
49350	Gennes-Val-de-Loire	Saint-Clément-des-Levées	Gennes|Gennes-Val-de-Loire	Le Thoureil|Gennes-Val-de-Loire	Les Rosiers-sur-Loire|Gennes-Val-de-Loire	Saint-Georges-des-Sept-Voies|Gennes-Val-de-Loire
49360	La Plaine	Les Cerqueux	Maulévrier	Somloire	Toutlemonde	Yzernay
49370	Bécon-les-Granits	Erdre-en-Anjou	Saint-Clément-de-la-Place	Val d'Erdre-Auxence	La Pouëze|Erdre-en-Anjou	Le Louroux-Béconnais|Val d'Erdre-Auxence	Villemoisan|Val d'Erdre-Auxence
49380	Bellevigne-en-Layon	Terranjou	Champ-sur-Layon|Bellevigne-en-Layon	Chavagnes|Terranjou	Faveraye-Mâchelles|Bellevigne-en-Layon	Faye-d'Anjou|Bellevigne-en-Layon	Notre-Dame-d'Allençon|Terranjou	Thouarcé|Bellevigne-en-Layon
49390	Courléon	La Breille-les-Pins	Mouliherne	Noyant-Villages	Vernantes	Vernoil-le-Fourrier	Parçay-les-Pins|Noyant-Villages
49400	Bellevigne-les-Châteaux	Distré	Rou-Marson	Saumur	Souzay-Champigny	Varrains	Verrie	Villebernier	Bagneux|Saumur	Chacé|Bellevigne-les-Châteaux	Dampierre-sur-Loire|Saumur	Saint-Hilaire-Saint-Florent|Saumur	Saint-Lambert-des-Levées|Saumur
49410	Mauges-sur-Loire	Beausse|Mauges-sur-Loire	La Chapelle-Saint-Florent|Mauges-sur-Loire	Le Marillais|Mauges-sur-Loire	Le Mesnil-en-Vallée|Mauges-sur-Loire	Saint-Florent-le-Vieil|Mauges-sur-Loire	Saint-Laurent-du-Mottay|Mauges-sur-Loire
49420	Armaillé	Carbay	Ombrée d'Anjou	Chazé-Henry|Ombrée d'Anjou	La Chapelle-Hullin|Ombrée d'Anjou	La Prévière|Ombrée d'Anjou	Pouancé|Ombrée d'Anjou	Saint-Michel-et-Chanveaux|Ombrée d'Anjou	Vergonnes|Ombrée d'Anjou
49430	Baracé	Durtal	Huillé-Lézigné	Les Rairies	Montigné-lès-Rairies	Huillé|Huillé-Lézigné	Lézigné|Huillé-Lézigné
49440	Angrie	Candé	Challain-la-Potherie	Loiré	Val d'Erdre-Auxence	La Cornuaille|Val d'Erdre-Auxence
49450	Beaupréau-en-Mauges	Sèvremoine	La Renaudière|Sèvremoine	Roussay|Sèvremoine	Saint-André-de-la-Marche|Sèvremoine	Saint-Macaire-en-Mauges|Sèvremoine	Villedieu-la-Blouère|Beaupréau-en-Mauges
49460	Cantenay-Épinard	Écuillé	Feneu	Montreuil-Juigné	Soulaire-et-Bourg
49480	Verrières-en-Anjou	Saint-Sylvain-d'Anjou|Verrières-en-Anjou
49490	La Pellerine	Noyant-Villages	Auverse|Noyant-Villages	Breil|Noyant-Villages	Broc|Noyant-Villages	Chalonnes-sous-le-Lude|Noyant-Villages	Chavaignes|Noyant-Villages	Chigné|Noyant-Villages	Dénezé-sous-le-Lude|Noyant-Villages	Genneteil|Noyant-Villages	Lasse|Noyant-Villages	Linières-Bouton|Noyant-Villages	Meigné-le-Vicomte|Noyant-Villages	Méon|Noyant-Villages	Noyant|Noyant-Villages
49500	Chazé-sur-Argos	Segré-en-Anjou Bleu	Aviré|Segré-en-Anjou Bleu	L'Hôtellerie-de-Flée|Segré-en-Anjou Bleu	La Chapelle-sur-Oudon|Segré-en-Anjou Bleu	La Ferrière-de-Flée|Segré-en-Anjou Bleu	Louvaines|Segré-en-Anjou Bleu	Marans|Segré-en-Anjou Bleu	Montguillon|Segré-en-Anjou Bleu	Nyoiseau|Segré-en-Anjou Bleu	Saint-Martin-du-Bois|Segré-en-Anjou Bleu	Saint-Sauveur-de-Flée|Segré-en-Anjou Bleu	Sainte-Gemmes-d'Andigné|Segré-en-Anjou Bleu	Segré|Segré-en-Anjou Bleu
49510	Beaupréau-en-Mauges	Jallais|Beaupréau-en-Mauges	La Jubaudière|Beaupréau-en-Mauges	La Poitevinière|Beaupréau-en-Mauges
49520	Bouillé-Ménard	Bourg-l'Évêque	Ombrée d'Anjou	Segré-en-Anjou Bleu	Châtelais|Segré-en-Anjou Bleu	Combrée|Ombrée d'Anjou	Grugé-l'Hôpital|Ombrée d'Anjou	Le Bourg-d'Iré|Segré-en-Anjou Bleu	Le Tremblay|Ombrée d'Anjou	Noëllet|Ombrée d'Anjou	Noyant-la-Gravoyère|Segré-en-Anjou Bleu
49530	Orée d'Anjou	Bouzillé|Orée d'Anjou	Drain|Orée d'Anjou	Liré|Orée d'Anjou
49540	Aubigné-sur-Layon	Lys-Haut-Layon	Terranjou	La Fosse-de-Tigné|Lys-Haut-Layon	Martigné-Briand|Terranjou	Tigné|Lys-Haut-Layon
49560	Cléré-sur-Layon	Lys-Haut-Layon	Passavant-sur-Layon	Nueil-sur-Layon|Lys-Haut-Layon
49570	Mauges-sur-Loire	Montjean-sur-Loire|Mauges-sur-Loire
49590	Fontevraud-l'Abbaye
49600	Beaupréau-en-Mauges	Montrevault-sur-Èvre	Andrezé|Beaupréau-en-Mauges	Beaupréau|Beaupréau-en-Mauges	Gesté|Beaupréau-en-Mauges	La Chapelle-du-Genêt|Beaupréau-en-Mauges	La Chaussaire|Montrevault-sur-Èvre	Le Fief-Sauvin|Montrevault-sur-Èvre	Le Puiset-Doré|Montrevault-sur-Èvre	Saint-Philbert-en-Mauges|Beaupréau-en-Mauges
49610	Les Garennes sur Loire	Mozé-sur-Louet	Mûrs-Erigné	Saint-Melaine-sur-Aubance	Soulaines-sur-Aubance	Juigné-sur-Loire|Les Garennes sur Loire
49620	Mauges-sur-Loire	La Pommeraye|Mauges-sur-Loire
49630	Loire-Authion	Mazé-Milon	Corné|Loire-Authion	Mazé|Mazé-Milon
49640	Morannes sur Sarthe-Daumeray	Chemiré-sur-Sarthe|Morannes sur Sarthe-Daumeray	Daumeray|Morannes sur Sarthe-Daumeray
49650	Allonnes	Brain-sur-Allonnes
49660	Sèvremoine	Torfou|Sèvremoine
49670	Chemillé-en-Anjou	Valanjou|Chemillé-en-Anjou
49680	Neuillé	Vivy
49690	Coron
49700	Brossay	Cizay-la-Madeleine	Dénezé-sous-Doué	Doué-en-Anjou	Les Ulmes	Louresse-Rochemenier	Tuffalun	Ambillou-Château|Tuffalun	Brigné|Doué-en-Anjou	Concourson-sur-Layon|Doué-en-Anjou	Doué-la-Fontaine|Doué-en-Anjou	Forges|Doué-en-Anjou	Les Verchers-sur-Layon|Doué-en-Anjou	Louerre|Tuffalun	Meigné|Doué-en-Anjou	Montfort|Doué-en-Anjou	Noyant-la-Plaine|Tuffalun	Saint-Georges-sur-Layon|Doué-en-Anjou
49710	Sèvremoine	Le Longeron|Sèvremoine
49730	Montsoreau	Parnay	Turquant	Varennes-sur-Loire
49740	La Romagne
49750	Beaulieu-sur-Layon	Bellevigne-en-Layon	Chemillé-en-Anjou	Val-du-Layon	Chanzeaux|Chemillé-en-Anjou	Rablay-sur-Layon|Bellevigne-en-Layon	Saint-Lambert-du-Lattay|Val-du-Layon
49770	Longuenée-en-Anjou	La Meignanne|Longuenée-en-Anjou	La Membrolle-sur-Longuenée|Longuenée-en-Anjou	Le Plessis-Macé|Longuenée-en-Anjou
49800	Loire-Authion	Sarrigné	Trélazé	Andard|Loire-Authion	Brain-sur-l'Authion|Loire-Authion	La Bohalle|Loire-Authion	La Daguenière|Loire-Authion
50000	Baudre	Le Mesnil-Rouxelin	Rampan	Saint-Georges-Montcocq	Saint-Lô
50100	Cherbourg-en-Cotentin
50110	Bretteville	Cherbourg-en-Cotentin	Digosville	Le Mesnil-au-Val	Tourlaville|Cherbourg-en-Cotentin
50120	Cherbourg-en-Cotentin	Équeurdreville-Hainneville|Cherbourg-en-Cotentin
50130	Cherbourg-en-Cotentin
50140	Le Neufbourg	Mortain-Bocage	Romagny Fontenay	Saint-Barthélemy	Saint-Clément-Rancoudray	Bion|Mortain-Bocage	Fontenay|Romagny Fontenay	Mortain|Mortain-Bocage	Notre-Dame-du-Touchet|Mortain-Bocage	Romagny|Romagny Fontenay	Saint-Jean-du-Corail|Mortain-Bocage	Villechien|Mortain-Bocage
50150	Beauficel	Brouains	Chaulieu	Gathemo	Perriers-en-Beauficel	Sourdeval	Vengeons|Sourdeval
50160	Biéville	Lamberville	Le Perron	Saint-Amand-Villages	Torigny-les-Villes	Brectouville|Torigny-les-Villes	Giéville|Torigny-les-Villes	Guilberville|Torigny-les-Villes	Placy-Montaigu|Saint-Amand-Villages	Saint-Amand|Saint-Amand-Villages	Torigni-sur-Vire|Torigny-les-Villes
50170	Aucey-la-Plaine	Beauvoir	Huisnes-sur-Mer	Le Mont-Saint-Michel	Pontorson	Sacey	Servon	Tanis
50180	Agneaux	Saint-Gilles	Thèreval	Hébécrevon|Thèreval
50190	Feugères	Gonfreville	Gorges	La Feuillie	Marchésieux	Millières	Nay	Périers	Saint-Germain-sur-Sèves	Saint-Martin-d'Aubigny	Saint-Patrice-de-Claids	Saint-Sébastien-de-Raids
50200	Brainville	Bricqueville-la-Blouette	Cambernon	Courcy	Coutances	Gouville-sur-Mer	Gratot	Heugueville-sur-Sienne	La Vendelée	Monthuchon	Nicorps	Saint-Malo-de-la-Lande	Saint-Pierre-de-Coutances	Saint-Sauveur-Villages	Saussey	Tourville-sur-Sienne	Ancteville|Saint-Sauveur-Villages	Boisroger|Gouville-sur-Mer	Montsurvent|Gouville-sur-Mer	Servigny|Gouville-sur-Mer
50210	Belval	Camprond	Cerisy-la-Salle	Montpinchon	Notre-Dame-de-Cenilly	Ouville	Quettreville-sur-Sienne	Roncey	Saint-Denis-le-Vêtu	Saint-Martin-de-Cenilly	Savigny	Guéhébert|Quettreville-sur-Sienne
50220	Céaux	Courtils	Crollon	Ducey-Les Chéris	Juilley	Le Mesnil-Ozenne	Marcilly	Poilley	Pontaubault	Précey	Saint-Quentin-sur-le-Homme	Ducey|Ducey-Les Chéris	Les Chéris|Ducey-Les Chéris
50230	Agon-Coutainville
50240	Montjoie-Saint-Martin	Saint-Aubin-de-Terregatte	Saint-James	Saint-Laurent-de-Terregatte	Saint-Senier-de-Beuvron	Argouges|Saint-James	Carnet|Saint-James	La Croix-Avranchin|Saint-James	Montanel|Saint-James	Vergoncey|Saint-James	Villiers-le-Pré|Saint-James
50250	Doville	La Haye	Le Plessis-Lastelle	Montsenelle	Neufmesnil	Neuville-en-Beaumont	Picauville	Saint-Nicolas-de-Pierrepont	Saint-Sauveur-de-Pierrepont	Varenguebec	Baudreville|La Haye	Bolleville|La Haye	Coigny|Montsenelle	Glatigny|La Haye	La Haye-du-Puits|La Haye	Lithaire|Montsenelle	Mobecq|La Haye	Montgardon|La Haye	Prétot-Sainte-Suzanne|Montsenelle	Saint-Jores|Montsenelle	Saint-Symphorien-le-Valois|La Haye	Surville|La Haye
50260	Breuville	Bricquebec-en-Cotentin	L'Étang-Bertrand	Magneville	Négreville	Rauville-la-Bigot	Rocheville	Sottevast	Bricquebec|Bricquebec-en-Cotentin	Le Valdécie|Bricquebec-en-Cotentin	Le Vrétot|Bricquebec-en-Cotentin	Les Perques|Bricquebec-en-Cotentin	Quettetot|Bricquebec-en-Cotentin	Saint-Martin-le-Hébert|Bricquebec-en-Cotentin
50270	Barneville-Carteret	Baubigny	La Haye-d'Ectot	Les Moitiers-d'Allonne	Saint-Georges-de-la-Rivière	Saint-Jean-de-la-Rivière	Saint-Maurice-en-Cotentin	Saint-Pierre-d'Arthéglise	Sénoville	Sortosville-en-Beaumont	Surtainville
50290	Bréhal	Bréville-sur-Mer	Bricqueville-sur-Mer	Coudeville-sur-Mer	Longueville	Muneville-sur-Mer
50300	Avranches	La Godefroy	Le Val-Saint-Père	Marcey-les-Grèves	Ponts	Saint-Brice	Saint-Jean-de-la-Haize	Saint-Loup	Saint-Ovin	Saint-Senier-sous-Avranches	Tirepied-sur-Sée	Vains	Saint-Martin-des-Champs|Avranches
50310	Azeville	Écausseville	Émondeville	Éroudeville	Fontenay-sur-Mer	Fresville	Joganville	Le Ham	Lestre	Montebourg	Ozeville	Quinéville	Saint-Cyr-Bocage	Saint-Floxel	Saint-Marcouf	Saint-Martin-d'Audouville	Sortosville	Vaudreville
50320	Beauchamps	Équilly	Folligny	Hocquigny	La Haye-Pesnel	La Lucerne-d'Outremer	La Mouche	Le Grippon	Le Tanu	Saint-Jean-des-Champs	La Beslière|Folligny	Le Mesnil-Drey|Folligny	Saint-Léger|Saint-Jean-des-Champs	Saint-Ursin|Saint-Jean-des-Champs
50330	Brillevast	Canteloup	Carneville	Clitourps	Gonneville-Le Theil	Maupertus-sur-Mer	Saint-Pierre-Église	Théville	Tocqueville	Varouville	Vicq-sur-Mer
50340	Benoîtville	Bricquebosq	Flamanville	Grosville	Héauville	Helleville	Le Rozel	Les Pieux	Pierreville	Saint-Christophe-du-Foc	Saint-Germain-le-Gaillard	Siouville-Hague	Sotteville	Tréauville
50350	Donville-les-Bains
50360	Beuzeville-la-Bastille	Crosville-sur-Douve	Étienville	La Bonneville	Picauville
50370	Brécey	La Chaise-Baudouin	La Chapelle-Urée	Le Grand-Celland	Le Petit-Celland	Les Cresnays	Les Loges-sur-Brécey	Notre-Dame-de-Livoye	Saint-Georges-de-Livoye	Saint-Jean-du-Corail-des-Bois	Saint-Nicolas-des-Bois	Vernix
50380	Saint-Aubin-des-Préaux	Saint-Pair-sur-Mer
50390	Besneville	Biniville	Catteville	Golleville	Hautteville-Bocage	Néhou	Orglandes	Rauville-la-Place	Reigneville-Bocage	Saint-Jacques-de-Néhou	Saint-Sauveur-le-Vicomte	Sainte-Colombe	Taillepied
50400	Anctoville-sur-Boscq	Granville	Saint-Planchers	Yquelon
50410	La Haye-Bellefond	Le Guislain	Margueray	Maupertuis	Montabot	Montbray	Morigny	Percy-en-Normandie	Villebaudon	Le Chefresne|Percy-en-Normandie	Percy|Percy-en-Normandie
50420	Beaucoudray	Beuvrigny	Condé-sur-Vire	Domjean	Fourneaux	Gouvets	Moyon Villages	Saint-Louet-sur-Vire	Saint-Vigor-des-Monts	Tessy-Bocage	Chevry|Moyon Villages
50430	Bretteville-sur-Ay	Laulne	Lessay	Saint-Germain-sur-Ay	Vesly
50440	La Hague	Acqueville|La Hague	Auderville|La Hague	Beaumont-Hague|La Hague	Biville|La Hague	Branville-Hague|La Hague	Digulleville|La Hague	Éculleville|La Hague	Gréville-Hague|La Hague	Herqueville|La Hague	Jobourg|La Hague	Omonville-la-Petite|La Hague	Omonville-la-Rogue|La Hague	Saint-Germain-des-Vaux|La Hague	Sainte-Croix-Hague|La Hague	Vasteville|La Hague	Vauville|La Hague
50450	Gavray-sur-Sienne	Grimesnil	Hambye	La Baleine	Le Mesnil-Garnier	Le Mesnil-Villeman	Lengronne	Montaigu-les-Bois	Saint-Denis-le-Gast	Ver	Gavray|Gavray-sur-Sienne	Le Mesnil-Amand|Gavray-sur-Sienne	Le Mesnil-Rogues|Gavray-sur-Sienne	Sourdeval-les-Bois|Gavray-sur-Sienne
50460	Cherbourg-en-Cotentin	La Hague	Querqueville|Cherbourg-en-Cotentin	Tonneville|La Hague	Urville-Nacqueville|La Hague
50470	Cherbourg-en-Cotentin	Tollevast	La Glacerie|Cherbourg-en-Cotentin
50480	Audouville-la-Hubert	Blosville	Boutteville	Carentan-les-Marais	Hiesville	Liesville-sur-Douve	Neuville-au-Plain	Picauville	Saint-Germain-de-Varreville	Saint-Martin-de-Varreville	Sainte-Marie-du-Mont	Sainte-Mère-Église	Sébeville	Turqueville	Angoville-au-Plain|Carentan-les-Marais	Beuzeville-au-Plain|Sainte-Mère-Église	Brucheville|Carentan-les-Marais	Carquebut|Sainte-Mère-Église	Chef-du-Pont|Sainte-Mère-Église	Écoquenéauville|Sainte-Mère-Église	Foucarville|Sainte-Mère-Église	Houesville|Carentan-les-Marais	Ravenoville|Sainte-Mère-Église
50490	Montcuit	Muneville-le-Bingard	Saint-Sauveur-Villages	La Ronde-Haye|Saint-Sauveur-Villages	Le Mesnilbus|Saint-Sauveur-Villages	Saint-Aubin-du-Perron|Saint-Sauveur-Villages	Saint-Michel-de-la-Pierre|Saint-Sauveur-Villages	Saint-Sauveur-Lendelin|Saint-Sauveur-Villages	Vaudrimesnil|Saint-Sauveur-Villages
50500	Appeville	Auvers	Auxais	Baupte	Carentan-les-Marais	Méautis	Raids	Saint-André-de-Bohon	Terre-et-Marais	Brévands|Carentan-les-Marais	Catz|Carentan-les-Marais	Les Veys|Carentan-les-Marais	Saint-Côme-du-Mont|Carentan-les-Marais	Saint-Georges-de-Bohon|Terre-et-Marais	Saint-Pellerin|Carentan-les-Marais	Sainteny|Terre-et-Marais
50510	Cérences	Chanteloup	Hudimesnil	La Meurdraquière	Le Loreur	Le Mesnil-Aubert	Saint-Sauveur-la-Pommeraye
50520	Juvigny les Vallées	Le Mesnil-Adelée	Reffuveille	Bellefontaine|Juvigny les Vallées	Chasseguey|Juvigny les Vallées	Chérencé-le-Roussel|Juvigny les Vallées	Juvigny-le-Tertre|Juvigny les Vallées	La Bazoge|Juvigny les Vallées	Le Mesnil-Rainfray|Juvigny les Vallées	Le Mesnil-Tôve|Juvigny les Vallées
50530	Bacilly	Champeaux	Dragey-Ronthon	Genêts	Lolif	Saint-Jean-le-Thomas	Saint-Pierre-Langers	Sartilly-Baie-Bocage	Angey|Sartilly-Baie-Bocage	Champcey|Sartilly-Baie-Bocage	La Rochelle-Normande|Sartilly-Baie-Bocage	Montviron|Sartilly-Baie-Bocage	Ronthon|Dragey-Ronthon	Sartilly|Sartilly-Baie-Bocage
50540	Isigny-le-Buat	Chalandrey|Isigny-le-Buat	La Mancellière|Isigny-le-Buat	Le Mesnil-Thébault|Isigny-le-Buat	Les Biards|Isigny-le-Buat	Montgothier|Isigny-le-Buat	Montigny|Isigny-le-Buat	Naftel|Isigny-le-Buat	Vezins|Isigny-le-Buat
50550	Saint-Vaast-la-Hougue
50560	Blainville-sur-Mer	Geffosses	Gouville-sur-Mer	Anneville-sur-Mer|Gouville-sur-Mer
50570	Cametours	Carantilly	Hauteville-la-Guichard	Le Lorey	Le Mesnil-Amey	Le Mesnil-Eury	Marigny-Le-Lozon	Montreuil-sur-Lozon	Remilly Les Marais	Thèreval	La Chapelle-en-Juger|Thèreval	Lozon|Marigny-Le-Lozon	Marigny|Marigny-Le-Lozon
50580	Canville-la-Rocque	Fierville-les-Mines	La Haye	Le Mesnil	Port-Bail-sur-Mer	Denneville|Port-Bail-sur-Mer	Portbail|Port-Bail-sur-Mer	Saint-Lô-d'Ourville|Port-Bail-sur-Mer	Saint-Rémy-des-Landes|La Haye
50590	Hauteville-sur-Mer	Montmartin-sur-Mer	Regnéville-sur-Mer
50600	Grandparigny	Lapenty	Le Mesnillard	Les Loges-Marchis	Moulines	Saint-Hilaire-du-Harcouët	Chèvreville|Grandparigny	Martigny|Grandparigny	Milly|Grandparigny	Parigny|Grandparigny	Virey|Saint-Hilaire-du-Harcouët
50610	Jullouville
50620	Amigny	Carentan-les-Marais	Cavigny	Graignes-Mesnil-Angot	Le Dézert	Le Mesnil-Véneron	Pont-Hébert	Remilly Les Marais	Saint-Fromond	Saint-Jean-de-Daye	Tribehou	Montmartin-en-Graignes|Carentan-les-Marais
50630	Aumeville-Lestre	Crasville	La Pernelle	Le Vast	Octeville-l'Avenel	Quettehou	Teurthéville-Bocage	Videcosville
50640	Buais-Les-Monts	Le Teilleul	Savigny-le-Vieux	Buais|Buais-Les-Monts	Ferrières|Le Teilleul	Heussé|Le Teilleul	Husson|Le Teilleul	Saint-Symphorien-des-Monts|Buais-Les-Monts	Sainte-Marie-du-Bois|Le Teilleul
50660	Orval sur Sienne	Quettreville-sur-Sienne	Tourneville-sur-Mer	Annoville|Tourneville-sur-Mer	Contrières|Quettreville-sur-Sienne	Hérenguerville|Quettreville-sur-Sienne	Hyenville|Quettreville-sur-Sienne	Lingreville|Tourneville-sur-Mer	Montchaton|Orval sur Sienne	Orval|Orval sur Sienne	Trelly|Quettreville-sur-Sienne
50670	Coulouvray-Boisbenâtre	Cuves	Le Mesnil-Gilbert	Lingeard	Saint-Laurent-de-Cuves	Saint-Michel-de-Montjoie	Saint-Pois
50680	Airel	Cerisy-la-Forêt	Couvains	La Luzerne	Moon-sur-Elle	Saint-André-de-l'Épine	Saint-Clair-sur-l'Elle	Saint-Georges-d'Elle	Saint-Jean-de-Savigny	Villiers-Fossard
50690	Couville	Hardinvast	La Hague	Martinvast	Nouainville	Saint-Martin-le-Gréard	Sideville	Teurthéville-Hague	Virandeville	Flottemanville-Hague|La Hague
50700	Brix	Colomby	Flottemanville	Hémevez	Huberville	Lieusaint	Montaigu-la-Brisette	Morville	Saint-Germain-de-Tournebut	Saint-Joseph	Saussemesnil	Tamerville	Urville	Valognes	Yvetot-Bocage
50710	Créances
50720	Barenton	Saint-Cyr-du-Bailleul	Saint-Georges-de-Rouelley
50730	Hamelin	Saint-Brice-de-Landelles	Saint-Hilaire-du-Harcouët	Saint-Martin-de-Landelles|Saint-Hilaire-du-Harcouët
50740	Carolles
50750	Bourgvallées	Canisy	Dangy	Quibou	Saint-Martin-de-Bonfossé	Sainte-Suzanne-sur-Vire	Gourfaleur|Bourgvallées	La Mancellière-sur-Vire|Bourgvallées	Le Mesnil-Herman|Bourgvallées	Saint-Ébremond-de-Bonfossé|Canisy	Saint-Romphaire|Bourgvallées	Saint-Samson-de-Bonfossé|Bourgvallées	Soulles|Bourgvallées
50760	Anneville-en-Saire	Barfleur	Gatteville-le-Phare	Le Vicel	Montfarville	Réville	Sainte-Geneviève	Valcanville
50770	Pirou
50800	Beslon	Boisyvon	Bourguenolles	Champrepus	Chérencé-le-Héron	Fleury	La Bloutière	La Chapelle-Cécelin	La Colombe	La Lande-d'Airou	La Trinité	Saint-Martin-le-Bouillant	Saint-Maur-des-Bois	Sainte-Cécile	Villedieu-les-Poêles-Rouffigny	Rouffigny|Villedieu-les-Poêles-Rouffigny	Villedieu-les-Poêles|Villedieu-les-Poêles-Rouffigny
50810	Bérigny	La Barre-de-Semilly	Montrabot	Saint-Germain-d'Elle	Saint-Jean-d'Elle	Saint-Pierre-de-Semilly	Notre-Dame-d'Elle|Saint-Jean-d'Elle	Précorbin|Saint-Jean-d'Elle	Rouxeville|Saint-Jean-d'Elle	Saint-Jean-des-Baisants|Saint-Jean-d'Elle	Vidouville|Saint-Jean-d'Elle
50840	Fermanville
50850	Ger	Le Fresne-Poret
50860	Moyon Villages	Le Mesnil-Opac|Moyon Villages	Moyon|Moyon Villages
50870	Chavoy	Le Luot	Le Parc	Subligny	Tirepied-sur-Sée
50880	La Meauffe	Pont-Hébert
50890	Condé-sur-Vire
51000	Châlons-en-Champagne
51100	Reims
51110	Auménancourt	Bazancourt	Boult-sur-Suippe	Bourgogne-Fresne	Caurel	Heutrégiville	Isles-sur-Suippe	Lavannes	Pomacle	Saint-Étienne-sur-Suippe	Warmeriville	Bourgogne|Bourgogne-Fresne	Fresne-lès-Reims|Bourgogne-Fresne
51120	Allemant	Barbonne-Fayel	Broyes	Charleville	Chichey	Fontaine-Denis-Nuisy	Gaye	La Forestière	La Villeneuve-lès-Charleville	Lachy	Le Meix-Saint-Epoing	Les Essarts-lès-Sézanne	Mondement-Montgivroux	Mœurs-Verdey	Nesle-la-Reposte	Oyes	Péas	Queudes	Reuves	Saint-Loup	Saint-Quentin-le-Verger	Saint-Remy-sous-Broyes	Saudoy	Sézanne	Soizy-aux-Bois	Villeneuve-Saint-Vistre-et-Villevotte	Vindey
51130	Bergères-lès-Vertus	Blancs-Coteaux	Chaintrix-Bierges	Chaltrait	Clamanges	Étréchy	Germinon	Givry-lès-Loisy	Loisy-en-Brie	Pierre-Morains	Pocancy	Rouffy	Saint-Mard-lès-Rouffy	Soulières	Trécon	Val-des-Marais	Vélye	Vert-Toulon	Villeneuve-Renneville-Chevigny	Villers-aux-Bois	Villeseneux	Vouzy	Aulnay-aux-Planches|Val-des-Marais	Aulnizeux|Val-des-Marais	Gionges|Blancs-Coteaux	Morains|Val-des-Marais	Toulon-la-Montagne|Vert-Toulon	Vertus|Blancs-Coteaux	Voipreux|Blancs-Coteaux
51140	Bouvancourt	Branscourt	Breuil-sur-Vesle	Châlons-sur-Vesle	Chenay	Courcelles-Sapicourt	Hourges	Jonchery-sur-Vesle	Montigny-sur-Vesle	Muizon	Pévy	Prouilly	Romain	Treslon	Trigny	Vandeuil	Ventelay
51150	Aigny	Ambonnay	Athis	Aulnay-sur-Marne	Aÿ-Champagne	Bouzy	Champigneul-Champagne	Cherville	Condé-sur-Marne	Isse	Jâlons	Juvigny	Plivot	Tours-sur-Marne	Val de Livre	Vraux	Bisseuil|Aÿ-Champagne	Louvois|Val de Livre	Tauxières-Mutry|Val de Livre
51160	Avenay-Val-d'Or	Aÿ-Champagne	Champillon	Fontaine-sur-Ay	Germaine	Hautvillers	Mutigny	Saint-Imoges	Ay|Aÿ-Champagne	Mareuil-sur-Ay|Aÿ-Champagne
51170	Aougny	Arcis-le-Ponsart	Aubilly	Baslieux-lès-Fismes	Bligny	Bouleuse	Brouillet	Chambrecy	Chaumuzy	Courlandon	Courville	Crugny	Faverolles-et-Coëmy	Fismes	Lagery	Lhéry	Magneux	Marfaux	Mont-sur-Courville	Poilly	Romigny	Saint-Gilles	Sarcy	Savigny-sur-Ardres	Serzy-et-Prin	Tramery	Unchair	Ville-en-Tardenois
51190	Avize	Blancs-Coteaux	Flavigny	Grauves	Le Mesnil-sur-Oger	Les Istres-et-Bury	Oger|Blancs-Coteaux
51200	Épernay
51210	Bergères-sous-Montmirail	Boissy-le-Repos	Corfélix	Corrobert	Fromentières	Janvilliers	Le Breuil	Le Gault-Soigny	Le Thoult-Trosnay	Le Vézier	Margny	Mécringes	Montmirail	Morsains	Rieux	Tréfols	Vauchamps	Verdon
51220	Berméricourt	Brimont	Cauroy-lès-Hermonville	Cormicy	Courcy	Hermonville	Loivre	Merfy	Pouillon	Saint-Thierry	Thil	Villers-Franqueux	Gernicourt|Cormicy
51230	Angluzelles-et-Courcelles	Bannes	Broussy-le-Grand	Broussy-le-Petit	Connantray-Vaurefroy	Connantre	Corroy	Écury-le-Repos	Euvy	Faux-Fresnay	Fère-Champenoise	Gourgançon	Lenharrée	Linthelles	Linthes	Marigny	Ognes	Pleurs	Thaas	Normée|Fère-Champenoise
51240	Ablancourt	Aulnay-l'Aître	Breuvery-sur-Coole	Cernon	Cheppes-la-Prairie	Chepy	Coupetz	Coupéville	Dampierre-sur-Moivre	Écury-sur-Coole	Francheville	La Chaussée-sur-Marne	Le Fresne	Mairy-sur-Marne	Marson	Moivre	Nuisement-sur-Coole	Omey	Pogny	Saint-Germain-la-Ville	Saint-Jean-sur-Moivre	Saint-Martin-aux-Champs	Saint-Quentin-sur-Coole	Songy	Togny-aux-Bœufs	Vésigneul-sur-Marne	Vitry-la-Ville
51250	Alliancelles	Cheminon	Sermaize-les-Bains	Villers-le-Sec
51260	Allemanche-Launay-et-Soyer	Anglure	Bagneux	Baudement	Bethon	Chantemerle	Clesles	Conflans-sur-Seine	Courcemain	Esclavolles-Lurey	Granges-sur-Aube	La Celle-sous-Chantemerle	La Chapelle-Lasson	Marcilly-sur-Seine	Marsangis	Montgenost	Potangis	Saint-Just-Sauvage	Saint-Saturnin	Saron-sur-Aube	Villiers-aux-Corneilles	Vouarces
51270	Bannay	Baye	Beaunay	Champaubert	Coizard-Joches	Congy	Corribert	Courjeonnet	Étoges	Fèrebrianges	La Caure	La Chapelle-sous-Orbais	La Ville-sous-Orbais	Le Baizil	Mareuil-en-Brie	Montmort-Lucy	Orbais-l'Abbaye	Suizy-le-Franc	Talus-Saint-Prix	Villevenard
51290	Ambrières	Arrigny	Arzillières-Neuville	Brandonvillers	Chapelaine	Châtillon-sur-Broué	Drosnay	Écollemont	Giffaumont-Champaubert	Gigny-Bussy	Hauteville	Isle-sur-Marne	Landricourt	Larzicourt	Lignon	Margerie-Hancourt	Moncetz-l'Abbaye	Outines	Saint-Chéron	Saint-Remy-en-Bouzemont-Saint-Genest-et-Isson	Saint-Utin	Sainte-Marie-du-Lac-Nuisement	Somsois
51300	Bassu	Bassuet	Bignicourt-sur-Marne	Blacy	Blaise-sous-Arzillières	Brusson	Changy	Châtelraould-Saint-Louvent	Cloyes-sur-Marne	Courdemanges	Couvrot	Dompremy	Drouilly	Écriennes	Favresse	Frignicourt	Glannes	Haussignémont	Heiltz-le-Hutier	Huiron	Le Buisson	Les Rivières-Henruel	Lisse-en-Champagne	Loisy-sur-Marne	Luxémont-et-Villotte	Maisons-en-Champagne	Marolles	Matignicourt-Goncourt	Merlaut	Norrois	Orconte	Outrepont	Plichancourt	Ponthion	Pringy	Reims-la-Brûlée	Saint-Amand-sur-Fion	Saint-Lumier-en-Champagne	Saint-Quentin-les-Marais	Soulanges	Thiéblemont-Farémont	Vauclerc	Vavray-le-Grand	Vavray-le-Petit	Vitry-en-Perthois	Vitry-le-François
51310	Bouchy-Saint-Genest	Champguyon	Châtillon-sur-Morin	Courgivaux	Escardes	Esternay	Joiselle	La Noue	Les Essarts-le-Vicomte	Neuvy	Réveillon	Saint-Bon	Villeneuve-la-Lionne
51320	Bréban	Bussy-Lettrée	Coole	Corbeil	Dommartin-Lettrée	Faux-Vésigneul	Haussimont	Humbauville	Le Meix-Tiercelin	Montépreux	Saint-Ouen-Domprot	Sommesous	Sompuis	Soudé	Soudron	Vassimont-et-Chapelaine	Vatry
51330	Belval-en-Argonne	Bettancourt-la-Longue	Bussy-le-Repos	Charmont	Contault	Dampierre-le-Château	Dommartin-Varimont	Épense	Givry-en-Argonne	La Neuville-aux-Bois	Le Châtelier	Le Vieil-Dampierre	Les Charmontois	Noirlieu	Possesse	Rapsécourt	Remicourt	Saint-Jean-devant-Possesse	Saint-Mard-sur-le-Mont	Somme-Yèvre	Vanault-le-Châtel	Vernancourt	Vroil
51340	Bignicourt-sur-Saulx	Blesme	Étrepy	Heiltz-l'Évêque	Heiltz-le-Maurupt	Jussecourt-Minecourt	Maurupt-le-Montois	Pargny-sur-Saulx	Saint-Lumier-la-Populeuse	Saint-Vrain	Scrupt	Sogny-en-l'Angle	Trois-Fontaines-l'Abbaye	Val-de-Vière	Vanault-les-Dames	Vouillers
51350	Cormontreuil
51360	Beaumont-sur-Vesle	Prunay	Val-de-Vesle	Verzenay
51370	Champigny	Les Mesneux	Ormes	Saint-Brice-Courcelles	Thillois
51380	Trépail	Vaudemange	Verzy	Villers-Marmery
51390	Bouilly	Coulommes-la-Montagne	Courmas	Germigny	Gueux	Janvry	Jouy-lès-Reims	Méry-Prémecy	Pargny-lès-Reims	Rosnay	Saint-Euphraise-et-Clairizet	Ville-Dommange	Vrigny
51400	Baconnes	Billy-le-Grand	Bouy	Cuperly	La Neuville-au-Temple	Les Grandes-Loges	Les Petites-Loges	Livry-Louvercy	Mourmelon-le-Grand	Mourmelon-le-Petit	Prosnes	Sept-Saulx	Vadenay	Dampierre-au-Temple|La Neuville-au-Temple	Saint-Hilaire-au-Temple|La Neuville-au-Temple
51420	Berru	Cernay-lès-Reims	Nogent-l'Abbesse	Witry-lès-Reims
51430	Bezannes	Tinqueux
51450	Bétheny
51460	Courtisols	Herpont	L'Épine	Poix	Saint-Étienne-au-Temple	Somme-Vesle	Tilloy-et-Bellay
51470	Moncetz-Longevas	Saint-Memmie
51480	Belval-sous-Châtillon	Boursault	Champlat-et-Boujacourt	Cormoyeux	Courtagnon	Cuchery	Cumières	Cœur-de-la-Vallée	Damery	Fleury-la-Rivière	La Neuville-aux-Larris	Nanteuil-la-Forêt	Pourcy	Romery	Œuilly	Vauciennes	Venteuil	Reuil|Cœur-de-la-Vallée
51490	Beine-Nauroy	Bétheniville	Dontrien	Époye	Pontfaverger-Moronvilliers	Saint-Hilaire-le-Petit	Saint-Martin-l'Heureux	Saint-Masmes	Selles
51500	Chamery	Champfleury	Chigny-les-Roses	Écueil	Ludes	Mailly-Champagne	Montbré	Puisieulx	Rilly-la-Montagne	Sacy	Saint-Léonard	Sermiers	Sillery	Taissy	Trois-Puits	Ville-en-Selve	Villers-Allerand	Villers-aux-Nœuds
51510	Cheniers	Compertrix	Coolus	Fagnières	Matougues	Saint-Gibrien	Saint-Pierre	Thibie	Villers-le-Château
51520	La Veuve	Recy	Saint-Martin-sur-le-Pré	Sarry	Sogny-aux-Moulins
51530	Brugny-Vaudancourt	Chavot-Courcourt	Chouilly	Cramant	Cuis	Dizy	Magenta	Mancy	Mardeuil	Monthelon	Morangis	Moslins	Moussy	Oiry	Pierry	Saint-Martin-d'Ablois	Vinay
51600	Aubérive	Bussy-le-Château	Jonchery-sur-Suippe	La Cheppe	La Croix-en-Champagne	Laval-sur-Tourbe	Saint-Hilaire-le-Grand	Saint-Jean-sur-Tourbe	Saint-Remy-sur-Bussy	Saint-Souplet-sur-Py	Sainte-Marie-à-Py	Somme-Suippe	Somme-Tourbe	Sommepy-Tahure	Souain-Perthes-lès-Hurlus	Suippes	Vaudesincourt
51700	Anthenay	Baslieux-sous-Châtillon	Champvoisy	Châtillon-sur-Marne	Courthiézy	Cuisles	Cœur-de-la-Vallée	Dormans	Festigny	Igny-Comblizy	Jonquery	Leuvrigny	Mareuil-le-Port	Nesle-le-Repons	Olizy	Passy-Grigny	Sainte-Gemme	Troissy	Vandières	Verneuil	Vincelles	Binson-et-Orquigny|Cœur-de-la-Vallée	Villers-sous-Châtillon|Cœur-de-la-Vallée
51800	Argers	Auve	Berzieux	Binarville	Braux-Saint-Remy	Braux-Sainte-Cohière	Cernay-en-Dormois	Châtrices	Chaudefontaine	Courtémont	Dommartin-Dampierre	Dommartin-sous-Hans	Éclaires	Élise-Daucourt	Florent-en-Argonne	Fontaine-en-Dormois	Gizaucourt	Gratreuil	Hans	La Chapelle-Felcourt	La Neuville-au-Pont	Le Chemin	Maffrécourt	Malmy	Massiges	Minaucourt-le-Mesnil-lès-Hurlus	Moiremont	Passavant-en-Argonne	Rouvroy-Ripont	Saint-Mard-sur-Auve	Saint-Thomas-en-Argonne	Sainte-Menehould	Servon-Melzicourt	Sivry-Ante	Somme-Bionne	Valmy	Verrières	Vienne-la-Ville	Vienne-le-Château	Ville-sur-Tourbe	Villers-en-Argonne	Virginy	Voilemont	Wargemoulin-Hurlus
52000	Brethenay	Buxières-lès-Villiers	Chamarandes-Choignes	Chaumont	Condes	Euffigneix	Foulain	Jonchery	Laville-aux-Bois	Luzy-sur-Marne	Neuilly-sur-Suize	Riaucourt	Semoutiers-Montsaon	Treix	Verbiesles	Villiers-le-Sec	Brottes|Chaumont	Crenay|Foulain	Laharmand|Jonchery	Montsaon|Semoutiers-Montsaon	Sarcicourt|Jonchery
52100	Bettancourt-la-Ferrée	Chancenay	Hallignicourt	Laneuville-au-Pont	Moëslains	Perthes	Saint-Dizier	Saint-Eulien	Sapignicourt	Valcourt	Villiers-en-Lieu
52110	Ambonville	Arnancourt	Baudrecourt	Beurville	Blumeray	Bouzancourt	Brachay	Charmes-en-l'Angle	Charmes-la-Grande	Cirey-sur-Blaise	Courcelles-sur-Blaise	Daillancourt	Dommartin-le-Franc	Dommartin-le-Saint-Père	Doulevant-le-Château	Flammerécourt	Leschères-sur-le-Blaiseron	Mertrud	Morancourt	Nully	Trémilly	Villiers-aux-Chênes|Doulevant-le-Château
52120	Aizanville	Autreville-sur-la-Renne	Blessonville	Braux-le-Châtel	Bricon	Châteauvillain	Dinteville	Laferté-sur-Aube	Lanty-sur-Aube	Latrecey-Ormoy-sur-Aube	Orges	Pont-la-Ville	Richebourg	Silvarouvres	Villars-en-Azois	Créancey|Châteauvillain	Essey-les-Ponts|Châteauvillain	Marmesse|Châteauvillain	Ormoy-sur-Aube|Latrecey-Ormoy-sur-Aube	Valdelancourt|Autreville-sur-la-Renne
52130	Allichamps	Attancourt	Bailly-aux-Forges	Brousseval	Domblain	Doulevant-le-Petit	Fays	Louvemont	Magneux	Montreuil-sur-Blaise	Rachecourt-Suzémont	Sommancourt	Troisfontaines-la-Ville	Valleret	Vaux-sur-Blaise	Ville-en-Blaisois	Voillecomte	Wassy	Avrainville|Troisfontaines-la-Ville	Flornoy|Troisfontaines-la-Ville	Villiers-aux-Bois|Troisfontaines-la-Ville
52140	Avrecourt	Chauffourt	Dammartin-sur-Meuse	Is-en-Bassigny	Lavernoy	Lavilleneuve	Rançonnières	Rangecourt	Sarrey	Saulxures	Val-de-Meuse	Épinant|Val-de-Meuse	Lécourt|Val-de-Meuse	Maulain|Val-de-Meuse	Provenchères-sur-Meuse|Val-de-Meuse	Ravennefontaines|Val-de-Meuse	Récourt|Val-de-Meuse
52150	Bourg-Sainte-Marie	Bourmont-entre-Meuse-et-Mouzon	Brainville-sur-Meuse	Champigneulles-en-Bassigny	Chaumont-la-Ville	Doncourt-sur-Meuse	Germainvilliers	Graffigny-Chemin	Hâcourt	Harréville-les-Chanteurs	Huilliécourt	Illoud	Levécourt	Malaincourt-sur-Meuse	Outremécourt	Romain-sur-Meuse	Saint-Thiébault	Sommerécourt	Soulaucourt-sur-Mouzon	Vaudrecourt	Bourmont|Bourmont-entre-Meuse-et-Mouzon	Gonaincourt|Bourmont-entre-Meuse-et-Mouzon	Goncourt|Bourmont-entre-Meuse-et-Mouzon	Nijon|Bourmont-entre-Meuse-et-Mouzon
52160	Arbot	Auberive	Aulnoy-sur-Aube	Bay-sur-Aube	Chalancey	Colmier-le-Bas	Colmier-le-Haut	Germaines	Mouilleron	Perrogney-les-Fontaines	Poinsenot	Poinson-lès-Grancey	Praslay	Rouelles	Rouvres-sur-Aube	Vaillant	Vals-des-Tilles	Villars-Santenoge	Vitry-en-Montagne	Vivey	Lamargelle-aux-Bois|Vals-des-Tilles	Musseau|Vals-des-Tilles	Pierrefontaines|Perrogney-les-Fontaines	Villemervry|Vals-des-Tilles	Villemoron|Vals-des-Tilles
52170	Bayard-sur-Marne	Chevillon	Fontaines-sur-Marne	Narcy	Rachecourt-sur-Marne	Breuil-sur-Marne|Chevillon	Gourzon|Bayard-sur-Marne	Prez-sur-Marne|Bayard-sur-Marne	Sommeville|Chevillon
52190	Aujeurres	Chassigny	Choilley-Dardenay	Cusey	Dommarien	Isômes	Le Montsaugeonnais	Le Val-d'Esnoms	Leuchey	Occey	Rivière-les-Fosses	Saint-Broingt-le-Bois	Saint-Broingt-les-Fosses	Vesvres-sous-Chalancey	Villegusien-le-Lac	Villiers-lès-Aprey	Chatoillenot|Le Val-d'Esnoms	Courcelles-Val-d'Esnoms|Le Val-d'Esnoms	Montsaugeon|Le Montsaugeonnais	Piépape|Villegusien-le-Lac	Prangey|Villegusien-le-Lac	Prauthoy|Le Montsaugeonnais	Saint-Michel|Villegusien-le-Lac	Vaux-sous-Aubigny|Le Montsaugeonnais
52200	Bourg	Brennes	Champigny-lès-Langres	Chatenay-Mâcheron	Courcelles-en-Montagne	Humes-Jorquenay	Langres	Mardor	Noidant-le-Rocheux	Ormancey	Peigney	Perrancey-les-Vieux-Moulins	Saint-Ciergues	Saint-Martin-lès-Langres	Saint-Maurice	Saint-Vallier-sur-Marne	Saints-Geosmes	Vauxbons	Voisines	Balesmes-sur-Marne|Saints-Geosmes	Corlée|Langres	Jorquenay|Humes-Jorquenay	Vieux-Moulins|Perrancey-les-Vieux-Moulins
52210	Arc-en-Barrois	Aubepierre-sur-Aube	Bugnières	Coupray	Cour-l'Évêque	Dancevoir	Giey-sur-Aujon	Leffonds	Rochetaillée	Saint-Loup-sur-Aujon	Ternat	Villiers-sur-Suize
52220	Ceffonds	Frampas	La Porte du Der	Laneuville-à-Rémy	Planrupt	Rives Dervoises	Sommevoire	Thilleux	Anglus|Ceffonds	Droyes|Rives Dervoises	Longeville-sur-la-Laines|Rives Dervoises	Louze|Rives Dervoises	Montier-en-Der|La Porte du Der	Puellemontier|Rives Dervoises	Robert-Magny|La Porte du Der	Rozières|Sommevoire	Sauvage-Magny|Ceffonds
52230	Aingoulaincourt	Annonville	Cirfontaines-en-Ornois	Échenay	Épizon	Germay	Germisay	Gillaumé	Lezéville	Montreuil-sur-Thonnance	Noncourt-sur-le-Rongeant	Pansey	Poissons	Sailly	Saudron	Thonnance-les-Moulins	Bressoncourt|Thonnance-les-Moulins	Brouthières|Thonnance-les-Moulins	Harméville|Lezéville	Laneuville-au-Bois|Lezéville	Soulaincourt|Thonnance-les-Moulins
52240	Audeloncourt	Bassoncourt	Breuvannes-en-Bassigny	Buxières-lès-Clefmont	Choiseul	Clefmont	Cuves	Daillecourt	Longchamp	Maisoncelles	Mennouveaux	Merrey	Millières	Noyers	Perrusse	Thol-lès-Millières	Val-de-Meuse	Vroncourt-la-Côte	Colombey-lès-Choiseul|Breuvannes-en-Bassigny	Lénizeul|Val-de-Meuse	Meuvy|Breuvannes-en-Bassigny
52250	Aprey	Baissey	Flagey	Longeau-Percey	Orcevaux	Verseilles-le-Bas	Verseilles-le-Haut
52260	Beauchemin	Chanoy	Faverolles	Marac	Rolampont	Charmoilles|Rolampont	Lannes|Rolampont	Tronchoy|Rolampont
52270	Domremy-Landéville	Doulaincourt-Saucourt	Épizon	Roches-Bettaincourt	Landéville|Domremy-Landéville	Saucourt-sur-Rognon|Doulaincourt-Saucourt
52290	Éclaron-Braucourt-Sainte-Livière	Humbécourt	Braucourt|Éclaron-Braucourt-Sainte-Livière	Sainte-Livière|Éclaron-Braucourt-Sainte-Livière
52300	Autigny-le-Grand	Autigny-le-Petit	Blécourt	Chatonrupt-Sommermont	Curel	Donjeux	Effincourt	Ferrière-et-Lafolie	Fronville	Guindrecourt-aux-Ormes	Joinville	Maizières	Mathons	Mussey-sur-Marne	Nomécourt	Osne-le-Val	Paroy-sur-Saulx	Rouvroy-sur-Marne	Rupt	Saint-Urbain-Maconcourt	Suzannecourt	Thonnance-lès-Joinville	Vaux-sur-Saint-Urbain	Vecqueville	Maconcourt|Saint-Urbain-Maconcourt	Sommermont|Chatonrupt-Sommermont
52310	Annéville-la-Prairie	Bologne	Lamancine	Meures	Ormoy-lès-Sexfontaines	Oudincourt	Viéville	Vraincourt	Marault|Bologne	Roôcourt-la-Côte|Bologne
52320	Cerisières	Froncles	Gudmont-Villiers	La Genevroye	Marbéville	Mirbel	Rouécourt	Soncourt-sur-Marne	Vignory	Vouécourt	Provenchères-sur-Marne|Froncles	Villiers-sur-Marne|Gudmont-Villiers
52330	Autreville-sur-la-Renne	Blaisy	Colombey les Deux Églises	Curmont	Gillancourt	Guindrecourt-sur-Blaise	Juzennecourt	Lachapelle-en-Blaisy	Lavilleneuve-au-Roi	Montheries	Rizaucourt-Buchey	Sexfontaines	Vaudrémont	Argentolles|Colombey les Deux Églises	Biernes|Colombey les Deux Églises	Blaise|Colombey les Deux Églises	Buchey|Rizaucourt-Buchey	Champcourt|Colombey les Deux Églises	Harricourt|Colombey les Deux Églises	Lamothe-en-Blaisy|Colombey les Deux Églises	Lavilleneuve-aux-Fresnes|Colombey les Deux Églises	Pratz|Colombey les Deux Églises	Saint-Martin-sur-la-Renne|Autreville-sur-la-Renne
52340	Ageville	Biesles	Esnouveaux	Le Puits-des-Mèzes|Biesles
52360	Andilly-en-Bassigny	Bannes	Bonnecourt	Celles-en-Bassigny	Changey	Charmes	Chatenay-Vaudin	Dampierre	Frécourt	Lecey	Marcilly-en-Bassigny	Neuilly-l'Évêque	Orbigny-au-Mont	Orbigny-au-Val	Plesnoy	Poiseul
52370	Cirfontaines-en-Azois	Maranville	Rennepont
52400	Aigremont	Bourbonne-les-Bains	Champigny-sous-Varennes	Chézeaux	Coiffy-le-Bas	Coiffy-le-Haut	Damrémont	Enfonvelle	Fresnes-sur-Apance	Guyonvelle	Laneuvelle	Larivière-Arnoncourt	Le Châtelet-sur-Meuse	Melay	Montcharvot	Neuvelle-lès-Voisey	Parnoy-en-Bassigny	Serqueux	Soyers	Varennes-sur-Amance	Vicq	Voisey	Arnoncourt-sur-Apance|Larivière-Arnoncourt	Beaucharmoy|Le Châtelet-sur-Meuse	Fresnoy-en-Bassigny|Parnoy-en-Bassigny	Genrupt|Bourbonne-les-Bains	Vaux-la-Douce|Voisey	Villars-Saint-Marcellin|Bourbonne-les-Bains
52410	Chamouilley	Eurville-Bienville	Roches-sur-Marne
52500	Anrosey	Arbigny-sous-Varennes	Belmont	Bize	Champsevraine	Coublanc	Farincourt	Fayl-Billot	Genevrières	Gilley	Grenant	Laferté-sur-Amance	Les Loges	Maâtz	Maizières-sur-Amance	Pierremont-sur-Amance	Pisseloup	Poinson-lès-Fayl	Pressigny	Rougeux	Saulles	Savigny	Tornay	Valleroy	Velles	Voncourt	Broncourt|Fayl-Billot	Charmoy|Fayl-Billot	Corgirnon|Champsevraine	Montesson|Pierremont-sur-Amance
52600	Celsoy	Chalindrey	Chaudenay	Cohons	Culmont	Grandchamp	Haute-Amance	Heuilley-le-Grand	Le Pailly	Noidant-Chatenoy	Palaiseul	Rivières-le-Bois	Torcenay	Villegusien-le-Lac	Violot	Heuilley-Cotton|Villegusien-le-Lac	Montlandon|Haute-Amance	Rosoy-sur-Amance|Haute-Amance	Troischamps|Haute-Amance
52700	Aillianville	Andelot-Blancheville	Bourdons-sur-Rognon	Briaucourt	Busson	Chalvraines	Chambroncourt	Chantraines	Cirey-lès-Mareilles	Clinchamp	Consigny	Darmannes	Ecot-la-Combe	Forcey	Humberville	Lafauche	Leurville	Liffol-le-Petit	Manois	Mareilles	Montot-sur-Rognon	Morionvilliers	Orquevaux	Ozières	Prez-sous-Lafauche	Reynel	Rimaucourt	Rochefort-sur-la-Côte	Saint-Blin	Semilly	Signéville	Vesaignes-sous-Lafauche	Vignes-la-Côte	Blancheville|Andelot-Blancheville
52800	Foulain	Lanques-sur-Rognon	Louvières	Mandres-la-Côte	Marnay-sur-Marne	Ninville	Nogent	Poinson-lès-Nogent	Poulangy	Sarcey	Thivet	Vesaignes-sur-Marne	Vitry-lès-Nogent	Donnemarie|Nogent	Essey-les-Eaux|Nogent	Odival|Nogent
53000	Laval
53100	Châtillon-sur-Colmont	Contest	Mayenne	Moulay	Parigné-sur-Braye	Saint-Baudelle	Saint-Georges-Buttavent
53110	Lassay-les-Châteaux	Le Housseau-Brétignolles	Rennes-en-Grenouilles	Saint-Julien-du-Terroux	Sainte-Marie-du-Bois	Thubœuf	Brétignolles-le-Moulin|Le Housseau-Brétignolles
53120	Brecé	Carelles	Colombiers-du-Plessis	Gorron	Hercé	Lesbois	Levaré	Saint-Aubin-Fosse-Louvain	Vieuvy
53140	La Pallu	Lignières-Orgères	Pré-en-Pail-Saint-Samson	Saint-Calais-du-Désert	Saint-Cyr-en-Pail	Pré-en-Pail|Pré-en-Pail-Saint-Samson	Saint-Samson|Pré-en-Pail-Saint-Samson
53150	Brée	Évron	Gesnes	La Chapelle-Rainsouin	Livet	Montsûrs	Neau	Deux-Évailles|Montsûrs	Montourtier|Montsûrs	Saint-Céneré|Montsûrs	Saint-Christophe-du-Luat|Évron	Saint-Ouën-des-Vallons|Montsûrs
53160	Bais	Champgenéteux	Hambers	Izé	Jublains	Saint-Thomas-de-Courceriers	Trans	Vimartin-sur-Orthe	Saint-Martin-de-Connée|Vimartin-sur-Orthe	Saint-Pierre-sur-Orthe|Vimartin-sur-Orthe	Vimarcé|Vimartin-sur-Orthe
53170	Arquenay	Bazougers	La Bazouge-de-Chemeré	La Cropte	Le Bignon-du-Maine	Le Buret	Maisoncelles-du-Maine	Meslay-du-Maine	Ruillé-Froid-Fonds	Saint-Charles-la-Forêt	Saint-Denis-du-Maine	Villiers-Charlemagne
53190	Désertines	Fougerolles-du-Plessis	La Dorée	Landivy
53200	Château-Gontier-sur-Mayenne	Châtelain	Chemazé	Coudray	Daon	Fromentières	Gennes-Longuefuye	La Roche-Neuville	Marigné-Peuton	Ménil	Prée-d'Anjou	Ampoigné|Prée-d'Anjou	Azé|Château-Gontier-sur-Mayenne	Château-Gontier|Château-Gontier-sur-Mayenne	Gennes-sur-Glaize|Gennes-Longuefuye	Laigné|Prée-d'Anjou	Loigné-sur-Mayenne|La Roche-Neuville	Longuefuye|Gennes-Longuefuye	Saint-Fort|Château-Gontier-sur-Mayenne
53210	Argentré	Louvigné	Soulgé-sur-Ouette
53220	La Pellerine	Larchamp	Montaudin	Pontmain	Saint-Berthevin-la-Tannière	Saint-Ellier-du-Maine	Saint-Mars-sur-la-Futaie
53230	Astillé	Cosmes	Cossé-le-Vivien	Courbeveille	La Chapelle-Craonnaise	Méral
53240	Alexain	Andouillé	La Baconnière	La Bigottière	Montflours	Placé	Saint-Germain-d'Anxure	Saint-Germain-le-Fouilloux	Saint-Germain-le-Guillaume	Saint-Jean-sur-Mayenne
53250	Charchigné	Chevaigné-du-Maine	Couptrain	Javron-les-Chapelles	Le Ham	Madré	Neuilly-le-Vendin	Saint-Aignan-de-Couptrain	Villepail
53260	Entrammes	Forcé	Parné-sur-Roc
53270	Blandouet-Saint Jean	Saint-Pierre-sur-Erve	Sainte-Suzanne-et-Chammes	Thorigné-en-Charnie	Torcé-Viviers-en-Charnie	Blandouet|Blandouet-Saint Jean	Chammes|Sainte-Suzanne-et-Chammes	Saint-Jean-sur-Erve|Blandouet-Saint Jean	Sainte-Suzanne|Sainte-Suzanne-et-Chammes
53290	Beaumont-Pied-de-Bœuf	Bierné-les-Villages	Bouère	Bouessay	Grez-en-Bouère	Saint-Brice	Saint-Denis-d'Anjou	Saint-Loup-du-Dorat	Argenton-Notre-Dame|Bierné-les-Villages	Bierné|Bierné-les-Villages	Saint-Laurent-des-Mortiers|Bierné-les-Villages	Saint-Michel-de-Feins|Bierné-les-Villages
53300	Ambrières-les-Vallées	Chantrigné	Couesmes-Vaucé	La Haie-Traversaine	Le Pas	Oisseau	Saint-Fraimbault-de-Prières	Saint-Loup-du-Gast	Saint-Mars-sur-Colmont	Soucé
53320	Beaulieu-sur-Oudon	Loiron-Ruillé	Montjean	Saint-Cyr-le-Gravelais	Loiron|Loiron-Ruillé	Ruillé-le-Gravelais|Loiron-Ruillé
53340	Bannes	Chémeré-le-Roi	Cossé-en-Champagne	Préaux	Saulges	Val-du-Maine	Ballée|Val-du-Maine	Épineux-le-Seguin|Val-du-Maine
53350	Ballots	Brains-sur-les-Marches	Fontaine-Couverte	La Roë	Saint-Michel-de-la-Roë
53360	Houssay	La Roche-Neuville	Origné	Peuton	Quelaines-Saint-Gault	Simplé	Saint-Sulpice|La Roche-Neuville
53370	Boulay-les-Ifs	Champfrémont	Gesvres	Ravigny	Saint-Pierre-des-Nids
53380	Juvigné	La Croixille	Saint-Hilaire-du-Maine
53390	La Rouaudière	Saint-Aignan-sur-Roë	Saint-Erblon	Senonnes
53400	Athée	Chérancé	Craon	Denazé	Livré-la-Touche	Mée	Niafles	Pommerieux	Saint-Quentin-les-Anges
53410	Bourgon	La Brûlatte	La Gravelle	Launay-Villiers	Le Bourgneuf-la-Forêt	Olivet	Port-Brillet	Saint-Ouën-des-Toits	Saint-Pierre-la-Cour
53420	Chailland
53440	Aron	Belgeard	Grazay	La Bazoge-Montpinçon	La Chapelle-au-Riboul	Marcillé-la-Ville
53470	Châlons-du-Maine	Commer	La Bazouge-des-Alleux	Martigné-sur-Mayenne	Sacé
53480	Saint-Georges-le-Fléchard	Saint-Léger	Vaiges
53500	Ernée	Montenay	Saint-Denis-de-Gastines	Saint-Pierre-des-Landes	Vautorte
53540	Cuillé	Gastines	Laubrières	Saint-Poix
53600	Assé-le-Bérenger	Évron	Mézangers	Saint-Georges-sur-Erve	Sainte-Gemmes-le-Robert	Voutré	Châtres-la-Forêt|Évron
53640	Champéon	Hardanges	Le Horps	Le Ribay	Montreuil-Poulay
53700	Averton	Courcité	Crennes-sur-Fraubée	Loupfougères	Saint-Aubin-du-Désert	Saint-Germain-de-Coulamer	Saint-Mars-du-Désert	Villaines-la-Juhel
53800	Bouchamps-lès-Craon	Congrier	La Boissière	La Selle-Craonnaise	Renazé	Saint-Martin-du-Limet	Saint-Saturnin-du-Limet
53810	Changé
53940	Ahuillé	Le Genest-Saint-Isle	Saint-Berthevin
53950	La Chapelle-Anthenaise	Louverné
53960	Bonchamp-lès-Laval
53970	L'Huisserie	Montigné-le-Brillant	Nuillé-sur-Vicoin
54000	Nancy
54100	Nancy
54110	Anthelupt	Buissoncourt	Courbesseaux	Crévic	Dombasle-sur-Meurthe	Flainval	Gellenoncourt	Haraucourt	Hudiviller	Lenoncourt	Réméréville	Rosières-aux-Salines	Sommerviller	Varangéville
54111	Mont-Bonvillers
54112	Allamps	Gibeaumeix	Uruffe	Vannes-le-Châtel
54113	Blénod-lès-Toul	Bulligny	Charmes-la-Côte	Crézilles	Gye	Mont-le-Vignoble	Moutrot
54114	Jeandelaincourt
54115	Aboncourt	Battigny	Beuvezin	Dommarie-Eulmont	Favières	Fécocourt	Gélaucourt	Gémonville	Grimonviller	Lalœuf	Pulney	Saulxerotte	Thorey-Lyautey	Tramont-Émy	Tramont-Lassus	Tramont-Saint-André	Vandeléville
54116	Praye	Tantonville
54118	Moyen
54119	Domgermain
54120	Baccarat	Bertrichamps	Brouville	Deneuvre	Gélacourt	Hablainville	Lachapelle	Merviller	Pettonville	Reherrey	Thiaville-sur-Meurthe	Vaxainville
54121	Vandières
54122	Azerailles	Chenevières	Flin	Fontenoy-la-Joûte	Glonville	Vathiménil
54123	Viterne
54129	Magnières
54130	Dommartemont	Saint-Max
54134	Ceintrey	Voinémont
54135	Mexy
54136	Bouxières-aux-Dames
54140	Jarville-la-Malgrange
54150	Anoux	Avril	Fléville-Lixières	Lantéfontaine	Les Baroches	Lubey	Mairy-Mainville	Norroy-le-Sec	Ozerailles	Val de Briey	Briey|Val de Briey	Mance|Val de Briey
54160	Autrey	Frolois	Pierreville	Pulligny
54170	Allain	Bagneux	Barisey-au-Plain	Barisey-la-Côte	Colombey-les-Belles	Crépey	Dolcourt	Germiny	Mont-l'Étroit	Ochey	Saulxures-lès-Vannes	Selaincourt	Thuilley-aux-Groseilles
54180	Heillecourt	Houdemont
54190	Bréhain-la-Ville	Tiercelet	Villerupt
54200	Andilly	Bicqueley	Boucq	Bouvron	Bruley	Chaudeney-sur-Moselle	Choloy-Ménillot	Dommartin-lès-Toul	Écrouves	Francheville	Jaillon	Lagney	Lucey	Ménil-la-Tour	Pagney-derrière-Barine	Pierre-la-Treiche	Royaumeix	Sanzey	Toul	Villey-Saint-Étienne
54210	Azelot	Burthecourt-aux-Chênes	Coyviller	Ferrières	Lupcourt	Manoncourt-en-Vermois	Saffais	Saint-Nicolas-de-Port	Tonnoy	Ville-en-Vermois
54220	Malzéville
54230	Chaligny	Chavigny	Maron	Neuves-Maisons
54240	Jœuf
54250	Champigneulles
54260	Allondrelle-la-Malmaison	Charency-Vezin	Colmey	Épiez-sur-Chiers	Fresnois-la-Montagne	Grand-Failly	Longuyon	Othe	Petit-Failly	Saint-Jean-lès-Longuyon	Tellancourt	Villers-le-Rond	Villette	Viviers-sur-Chiers
54270	Essey-lès-Nancy
54280	Brin-sur-Seille	Champenoux	Erbéviller-sur-Amezule	Laneuvelotte	Mazerulles	Moncel-sur-Seille	Seichamps	Sornéville	Velaine-sous-Amance
54290	Bainville-aux-Miroirs	Bayon	Borville	Brémoncourt	Clayeures	Crévéchamps	Domptail-en-l'Air	Froville	Gripport	Haigneville	Haussonville	Lorey	Loromontzey	Mangonville	Neuviller-sur-Moselle	Roville-devant-Bayon	Rozelieures	Saint-Boingt	Saint-Germain	Saint-Mard	Saint-Rémy-aux-Bois	Velle-sur-Moselle	Villacourt	Virecourt
54300	Bienville-la-Petite	Bonviller	Chanteheux	Crion	Croismare	Fraimbois	Hériménil	Jolivet	Lamath	Lunéville	Manonviller	Marainviller	Moncel-lès-Lunéville	Rehainviller	Sionviller	Thiébauménil	Vitrimont	Xermaménil
54310	Homécourt
54320	Maxéville
54330	Chaouilley	Clérey-sur-Brenon	Étreval	Forcelles-Saint-Gorgon	Goviller	Hammeville	Houdelmont	Houdreville	Marthemont	Ognéville	Omelmont	Parey-Saint-Césaire	Quevilloncourt	Saxon-Sion	Thélod	Vaudémont	Vézelise	Vitrey	Vroncourt
54340	Pompey
54350	Mont-Saint-Martin
54360	Barbonville	Blainville-sur-l'Eau	Charmois	Damelevières	Einvaux	Landécourt	Méhoncourt	Mont-sur-Meurthe	Romain	Vigneulles
54370	Arracourt	Athienville	Bathelémont	Bauzemont	Bezange-la-Grande	Bures	Coincourt	Deuxville	Drouville	Einville-au-Jard	Emberménil	Hénaménil	Hoéville	Juvrecourt	Laneuveville-aux-Bois	Maixe	Mouacourt	Parroy	Raville-sur-Sânon	Réchicourt-la-Petite	Remoncourt	Serres	Valhey	Vaucourt	Xousse	Xures
54380	Autreville-sur-Moselle	Bezaumont	Dieulouard	Gézoncourt	Griscourt	Landremont	Martincourt	Rogéville	Saizerais	Ville-au-Val	Villers-en-Haye
54385	Avrainville	Domèvre-en-Haye	Manoncourt-en-Woëvre	Manonville	Minorville	Noviant-aux-Prés	Rosières-en-Haye	Tremblecourt
54390	Frouard
54400	Cosnes-et-Romain	Longwy
54410	Laneuveville-devant-Nancy
54420	Cerville	Saulxures-lès-Nancy
54425	Pulnoy
54430	Réhon
54440	Herserange
54450	Amenoncourt	Ancerviller	Autrepierre	Avricourt	Barbas	Bénaménil	Blâmont	Blémerey	Buriville	Chazelles-sur-Albe	Domèvre-sur-Vezouze	Domjevin	Fréménil	Frémonville	Gogney	Gondrexon	Halloville	Harbouey	Herbéviller	Igney	Leintrey	Montreux	Nonhigny	Ogéviller	Réclonville	Reillon	Repaix	Saint-Martin	Vého	Verdenal
54460	Aingeray	Liverdun
54470	Ansauville	Beaumont	Bernécourt	Bouillonville	Charey	Dampvitoux	Dommartin-la-Chaussée	Essey-et-Maizerais	Euvezin	Fey-en-Haye	Flirey	Grosrouvres	Hagéville	Hamonville	Jaulny	Limey-Remenauville	Lironville	Mamey	Mandres-aux-Quatre-Tours	Pannes	Rembercourt-sur-Mad	Saint-Baussant	Saint-Julien-lès-Gorze	Seicheprey	Thiaucourt-Regniéville	Viéville-en-Haye	Xammes
54480	Bertrambois	Cirey-sur-Vezouze	Parux	Petitmont	Saint-Sauveur	Tanconville	Val-et-Châtillon
54490	Avillers	Domprix	Joudreville	Murville	Piennes	Preutin-Higny	Xivry-Circourt
54500	Vandœuvre-lès-Nancy
54510	Art-sur-Meurthe	Tomblaine
54520	Laxou
54530	Arnaville	Pagny-sur-Moselle	Prény
54540	Angomont	Badonviller	Bionville	Bréménil	Fenneviller	Mignéville	Montigny	Neufmaisons	Neuviller-lès-Badonviller	Pexonne	Pierre-Percée	Raon-lès-Leau	Saint-Maurice-aux-Forges	Sainte-Pôle	Vacqueville	Veney
54550	Bainville-sur-Madon	Maizières	Pont-Saint-Vincent	Sexey-aux-Forges
54560	Anderny	Audun-le-Roman	Beuvillers	Fillières	Malavillers	Mercy-le-Haut	Sancy	Serrouville
54570	Foug	Laneuveville-derrière-Foug	Lay-Saint-Remy	Trondes
54580	Auboué	Moineville	Saint-Ail
54590	Hussigny-Godbrange
54600	Villers-lès-Nancy
54610	Abaucourt	Belleau	Bratte	Chenicourt	Clémery	Éply	Létricourt	Mailly-sur-Seille	Nomeny	Phlin	Raucourt	Rouves	Sivry	Thézey-Saint-Martin
54620	Baslieux	Bazailles	Beuveille	Boismont	Doncourt-lès-Longuyon	Han-devant-Pierrepont	Joppécourt	Pierrepont	Saint-Supplet	Ville-au-Montois
54630	Flavigny-sur-Moselle	Richardménil
54640	Bettainvillers	Tucquegnieux
54650	Saulnes
54660	Moutiers
54670	Custines	Malleloy	Millery
54680	Crusnes	Errouville
54690	Eulmont	Lay-Saint-Christophe
54700	Atton	Blénod-lès-Pont-à-Mousson	Bouxières-sous-Froidmont	Champey-sur-Moselle	Jezainville	Lesménils	Loisy	Maidières	Montauville	Morville-sur-Seille	Mousson	Norroy-lès-Pont-à-Mousson	Pont-à-Mousson	Port-sur-Seille	Sainte-Geneviève	Vilcey-sur-Trey	Villers-sous-Prény	Vittonville
54710	Fléville-devant-Nancy	Ludres
54720	Chenières	Cutry	Laix	Lexy
54730	Gorcy	Saint-Pancré	Ville-Houdlémont
54740	Affracourt	Benney	Bralleville	Crantenoy	Gerbécourt-et-Haplemont	Germonville	Haroué	Jevoncourt	Laneuveville-devant-Bayon	Lebeuville	Lemainville	Leménil-Mitry	Ormes-et-Ville	Saint-Remimont	Vaudeville	Vaudigny	Xirocourt
54750	Trieux
54760	Armaucourt	Arraye-et-Han	Bey-sur-Seille	Faulx	Lanfroicourt	Leyr	Moivrons	Montenoy	Villers-lès-Moivrons
54770	Agincourt	Amance	Bouxières-aux-Chênes	Dommartin-sous-Amance	Laître-sous-Amance
54780	Giraumont
54790	Val de Briey	Mancieulles|Val de Briey
54800	Abbéville-lès-Conflans	Affléville	Allamont	Béchamps	Boncourt	Brainville	Bruville	Conflans-en-Jarnisy	Doncourt-lès-Conflans	Friauville	Gondrecourt-Aix	Hannonville-Suzémont	Hatrize	Jarny	Jeandelize	Jouaville	Labry	Mars-la-Tour	Mouaville	Olley	Puxe	Puxieux	Saint-Marcel	Sponville	Thumeréville	Tronville	Ville-sur-Yron	Xonville
54810	Longlaville
54820	Marbache
54830	Essey-la-Côte	Franconville	Gerbéviller	Giriviller	Haudonville	Mattexey	Moriviller	Remenoville	Seranville	Vallois	Vennezey
54840	Bois-de-Haye	Fontenoy-sur-Moselle	Gondreville	Villey-le-Sec	Sexey-les-Bois|Bois-de-Haye	Velaine-en-Haye|Bois-de-Haye
54850	Méréville	Messein
54860	Haucourt-Moulaine
54870	Cons-la-Grandville	Montigny-sur-Chiers	Ugny	Villers-la-Chèvre
54880	Thil
54890	Bayonville-sur-Mad	Chambley-Bussières	Onville	Vandelainville	Villecey-sur-Mad	Waville
54910	Valleroy
54920	Morfontaine	Villers-la-Montagne
54930	Bouzanville	Courcelles	Diarville	Forcelles-sous-Gugney	Fraisnes-en-Saintois	Gugney	Housséville	Saint-Firmin	They-sous-Vaudemont
54940	Belleville
54950	Laronxe	Saint-Clément
54960	Mercy-le-Bas
54970	Landres
54980	Batilly
54990	Xeuilley
55000	Bar-le-Duc	Behonne	Beurey-sur-Saulx	Brillon-en-Barrois	Chardogne	Combles-en-Barrois	Culey	Érize-Saint-Dizier	Fains-Véel	Géry	Guerpont	Haironville	L'Isle-en-Rigault	Les Hauts-de-Chée	Loisey	Longeville-en-Barrois	Montplonne	Naives-Rosières	Resson	Robert-Espagne	Rumont	Salmagne	Saudrupt	Savonnières-devant-Bar	Seigneulles	Silmont	Tannois	Trémont-sur-Saulx	Val-d'Ornain	Vavincourt	Ville-sur-Saulx	Génicourt-sous-Condé|Les Hauts-de-Chée	Hargeville-sur-Chée|Les Hauts-de-Chée	Les Marats|Les Hauts-de-Chée	Louppy-sur-Chée|Les Hauts-de-Chée	Véel|Fains-Véel
55100	Beaumont-en-Verdunois	Belleray	Belrupt-en-Verdunois	Béthelainville	Bezonvaux	Brabant-sur-Meuse	Bras-sur-Meuse	Champneuville	Charny-sur-Meuse	Chattancourt	Cumières-le-Mort-Homme	Douaumont-Vaux	Dugny-sur-Meuse	Esnes-en-Argonne	Fleury-devant-Douaumont	Fromeréville-les-Vallons	Haudainville	Haumont-près-Samogneux	Landrecourt-Lempire	Louvemont-Côte-du-Poivre	Marre	Montzéville	Samogneux	Sivry-la-Perche	Vacherauville	Verdun	Douaumont|Douaumont-Vaux	Lempire-aux-Bois|Landrecourt-Lempire
55110	Aincreville	Bantheville	Brieulles-sur-Meuse	Cléry-le-Grand	Cléry-le-Petit	Consenvoye	Cunel	Dannevoux	Doulcon	Dun-sur-Meuse	Fontaines-Saint-Clair	Forges-sur-Meuse	Gercourt-et-Drillancourt	Gesnes-en-Argonne	Liny-devant-Dun	Lion-devant-Dun	Milly-sur-Bradon	Mont-devant-Sassey	Montigny-devant-Sassey	Murvaux	Regnéville-sur-Meuse	Romagne-sous-Montfaucon	Sassey-sur-Meuse	Saulmory-Villefranche	Sivry-sur-Meuse	Villers-devant-Dun	Vilosnes-Haraumont	Haraumont|Vilosnes-Haraumont
55120	Aubréville	Autrécourt-sur-Aire	Brabant-en-Argonne	Brocourt-en-Argonne	Clermont-en-Argonne	Dombasle-en-Argonne	Froidos	Futeau	Jouy-en-Argonne	Julvécourt	Lachalade	Lavoye	Le Claon	Le Neufour	Les Islettes	Neuvilly-en-Argonne	Nixéville-Blercourt	Rarécourt	Récicourt	Ville-sur-Cousances	Auzéville-en-Argonne|Clermont-en-Argonne	Blercourt|Nixéville-Blercourt	Jubécourt|Clermont-en-Argonne	Parois|Clermont-en-Argonne
55130	Abainville	Amanty	Badonvilliers-Gérauvilliers	Bonnet	Chassey-Beaupré	Dainville-Bertheléville	Delouze-Rosières	Demange-Baudignécourt	Gondrecourt-le-Château	Horville-en-Ornois	Houdelaincourt	Les Roises	Saint-Joire	Tréveray	Vaudeville-le-Haut	Vouthon-Bas	Vouthon-Haut	Baudignécourt|Demange-Baudignécourt	Gérauvilliers|Badonvilliers-Gérauvilliers	Luméville-en-Ornois|Gondrecourt-le-Château	Rosières-en-Blois|Delouze-Rosières	Tourailles-sous-Bois|Gondrecourt-le-Château
55140	Brixey-aux-Chanoines	Burey-en-Vaux	Burey-la-Côte	Chalaines	Champougny	Épiez-sur-Meuse	Goussaincourt	Maxey-sur-Vaise	Montbras	Montigny-lès-Vaucouleurs	Neuville-lès-Vaucouleurs	Pagny-la-Blanche-Côte	Rigny-la-Salle	Rigny-Saint-Martin	Saint-Germain-sur-Meuse	Sauvigny	Sepvigny	Taillancourt	Ugny-sur-Meuse	Vaucouleurs
55150	Azannes-et-Soumazannes	Brandeville	Bréhéville	Chaumont-devant-Damvillers	Damvillers	Delut	Dombras	Écurey-en-Verdunois	Étraye	Gremilly	Lissey	Mangiennes	Merles-sur-Loison	Moirey-Flabas-Crépion	Ornes	Peuvillers	Réville-aux-Bois	Romagne-sous-les-Côtes	Rupt-sur-Othain	Saint-Laurent-sur-Othain	Ville-devant-Chaumont	Villers-lès-Mangiennes	Vittarville	Wavrille
55160	Bonzée	Combres-sous-les-Côtes	Dommartin-la-Montagne	Doncourt-aux-Templiers	Fresnes-en-Woëvre	Harville	Haudiomont	Hennemont	Jonville-en-Woëvre	Labeuville	Latour-en-Woëvre	Les Éparges	Maizeray	Manheulles	Marchéville-en-Woëvre	Moulotte	Pareid	Pintheville	Riaville	Ronvaux	Saint-Hilaire-en-Woëvre	Saint-Remy-la-Calonne	Saulx-lès-Champlon	Trésauvaux	Ville-en-Woëvre	Villers-sous-Pareid	Watronville
55170	Ancerville	Aulnois-en-Perthois	Baudonvilliers	Bazincourt-sur-Saulx	Brauvilliers	Cousances-les-Forges	Juvigny-en-Perthois	Lavincourt	Rupt-aux-Nonains	Savonnières-en-Perthois	Sommelonne
55190	Bovée-sur-Barboure	Broussey-en-Blois	Laneuville-au-Rupt	Marson-sur-Barboure	Mauvages	Méligny-le-Grand	Méligny-le-Petit	Ménil-la-Horgne	Naives-en-Blois	Ourches-sur-Meuse	Pagny-sur-Meuse	Reffroy	Sauvoy	Sorcy-Saint-Martin	Troussey	Villeroy-sur-Méholle	Void-Vacon
55200	Boncourt-sur-Meuse	Broussey-Raulecourt	Chonville-Malaumont	Commercy	Euville	Frémeréville-sous-les-Côtes	Geville	Girauvoisin	Lérouville	Pont-sur-Meuse	Saint-Julien-sous-les-Côtes	Vadonville	Vignot	Aulnois-sous-Vertuzey|Euville	Corniéville|Geville	Gironville-sous-les-Côtes|Geville	Malaumont|Chonville-Malaumont	Vertuzey|Euville	Ville-Issey|Euville
55210	Avillers-Sainte-Croix	Beney-en-Woëvre	Chaillon	Hannonville-sous-les-Côtes	Herbeuville	Heudicourt-sous-les-Côtes	Lachaussée	Nonsard-Lamarche	Saint-Maurice-sous-les-Côtes	Thillot	Vigneulles-lès-Hattonchâtel	Woël	Billy-sous-les-Côtes|Vigneulles-lès-Hattonchâtel	Creuë|Vigneulles-lès-Hattonchâtel	Hadonville-lès-Lachaussée|Lachaussée	Hattonchâtel|Vigneulles-lès-Hattonchâtel	Hattonville|Vigneulles-lès-Hattonchâtel	Haumont-lès-Lachaussée|Lachaussée	Lamarche-en-Woëvre|Nonsard-Lamarche	Saint-Benoît-en-Woëvre|Vigneulles-lès-Hattonchâtel	Viéville-sous-les-Côtes|Vigneulles-lès-Hattonchâtel
55220	Heippes	Ippécourt	Lemmes	Les Souhesmes-Rampont	Les Trois-Domaines	Osches	Rambluzin-et-Benoite-Vaux	Récourt-le-Creux	Saint-André-en-Barrois	Senoncourt-les-Maujouy	Souilly	Tilly-sur-Meuse	Vadelaincourt	Villers-sur-Meuse	Mondrecourt|Les Trois-Domaines	Rampont|Les Souhesmes-Rampont	Rignaucourt|Les Trois-Domaines
55230	Amel-sur-l'Étang	Arrancy-sur-Crusnes	Billy-sous-Mangiennes	Duzey	Gouraincourt	Loison	Muzeray	Nouillonpont	Pillon	Rouvrois-sur-Othain	Saint-Pierrevillers	Senon	Sorbey	Spincourt	Vaudoncourt	Haucourt-la-Rigole|Spincourt	Houdelaucourt-sur-Othain|Spincourt	Ollières|Spincourt	Réchicourt|Spincourt
55240	Bouligny	Dommary-Baroncourt	Domremy-la-Canne	Éton
55250	Beaulieu-en-Argonne	Beausite	Brizeaux	Èvres	Foucaucourt-sur-Thabas	Lisle-en-Barrois	Nubécourt	Pretz-en-Argonne	Rembercourt-Sommaisne	Seuil-d'Argonne	Vaubecourt	Villotte-devant-Louppy	Waly	Amblaincourt|Beausite	Bulainville|Nubécourt	Deuxnouds-devant-Beauzée|Beausite	Fleury-sur-Aire|Nubécourt	Senard|Seuil-d'Argonne	Seraucourt|Beausite	Sommaisne|Rembercourt-Sommaisne
55260	Baudrémont	Belrain	Chaumont-sur-Aire	Courcelles-en-Barrois	Courcelles-sur-Aire	Courouvre	Érize-la-Brûlée	Érize-la-Petite	Fresnes-au-Mont	Gimécourt	Lahaymeix	Lavallée	Levoncourt	Lignières-sur-Aire	Longchamps-sur-Aire	Ménil-aux-Bois	Neuville-en-Verdunois	Nicey-sur-Aire	Pierrefitte-sur-Aire	Raival	Rupt-devant-Saint-Mihiel	Thillombois	Ville-devant-Belrain	Villotte-sur-Aire	Érize-la-Grande|Raival
55270	Avocourt	Baulny	Béthincourt	Boureuilles	Charpentry	Cheppy	Cierges-sous-Montfaucon	Cuisy	Épinonville	Malancourt	Montblainville	Montfaucon-d'Argonne	Nantillois	Septsarges	Varennes-en-Argonne	Vauquois	Véry
55290	Biencourt-sur-Orge	Bure	Couvertpuis	Hévilliers	Mandres-en-Barrois	Montiers-sur-Saulx	Morley	Ribeaucourt
55300	Ambly-sur-Meuse	Apremont-la-Forêt	Bannoncourt	Bislée	Bouconville-sur-Madt	Bouquemont	Buxières-sous-les-Côtes	Chauvoncourt	Dompcevrin	Dompierre-aux-Bois	Han-sur-Meuse	Kœur-la-Grande	Kœur-la-Petite	Lacroix-sur-Meuse	Lahayville	Lamorville	Les Paroches	Loupmont	Maizey	Mécrin	Montsec	Rambucourt	Ranzières	Richecourt	Rouvrois-sur-Meuse	Saint-Mihiel	Sampigny	Seuzey	Troyon	Valbois	Varnéville	Vaux-lès-Palameix	Woimbey	Xivray-et-Marvoisin	Buxerulles|Buxières-sous-les-Côtes	Deuxnouds-aux-Bois|Lamorville	Lavignéville|Lamorville	Liouville|Apremont-la-Forêt	Marbotte|Apremont-la-Forêt	Saint-Agnant-sous-les-Côtes|Apremont-la-Forêt	Spada|Lamorville	Woinville|Buxières-sous-les-Côtes
55310	Tronville-en-Barrois
55320	Ancemont	Dieue-sur-Meuse	Génicourt-sur-Meuse	Les Monthairons	Mouilly	Rupt-en-Woëvre	Sommedieue
55400	Abaucourt-Hautecourt	Blanzée	Boinville-en-Woëvre	Braquis	Buzy-Darmont	Châtillon-sous-les-Côtes	Damloup	Dieppe-sous-Douaumont	Douaumont-Vaux	Eix	Étain	Foameix-Ornel	Fromezey	Gincrey	Grimaucourt-en-Woëvre	Gussainville	Herméville-en-Woëvre	Lanhères	Maucourt-sur-Orne	Mogeville	Moranville	Morgemoulin	Moulainville	Parfondrupt	Rouvres-en-Woëvre	Saint-Jean-lès-Buzy	Warcq	Hautecourt-lès-Broville|Abaucourt-Hautecourt	Ornel|Foameix-Ornel	Vaux-devant-Damloup|Douaumont-Vaux
55430	Belleville-sur-Meuse
55500	Boviolles	Chanteraine	Cousances-lès-Triconville	Dagonville	Dammarie-sur-Saulx	Erneville-aux-Bois	Fouchères-aux-Bois	Givrauval	Grimaucourt-près-Sampigny	Le Bouchon-sur-Saulx	Ligny-en-Barrois	Longeaux	Maulan	Menaucourt	Ménil-sur-Saulx	Naix-aux-Forges	Nançois-le-Grand	Nançois-sur-Ornain	Nant-le-Grand	Nant-le-Petit	Nantois	Saint-Amand-sur-Ornain	Saint-Aubin-sur-Aire	Saulvaux	Stainville	Velaines	Villers-le-Sec	Willeroncourt	Chennevières|Chanteraine	Cousances-au-Bois|Cousances-lès-Triconville	Domremy-aux-Bois|Erneville-aux-Bois	Loxéville|Erneville-aux-Bois	Oëy|Chanteraine	Vaux-la-Grande|Saulvaux	Vaux-la-Petite|Saulvaux
55600	Avioth	Bazeilles-sur-Othain	Breux	Chauvency-le-Château	Chauvency-Saint-Hubert	Écouviez	Flassigny	Han-lès-Juvigny	Iré-le-Sec	Jametz	Juvigny-sur-Loison	Louppy-sur-Loison	Marville	Montmédy	Quincy-Landzécourt	Remoiville	Thonne-la-Long	Thonne-le-Thil	Thonne-les-Près	Thonnelle	Velosnes	Verneuil-Grand	Verneuil-Petit	Vigneul-sous-Montmédy	Villécloye
55700	Autréville-Saint-Lambert	Baâlon	Beauclair	Beaufort-en-Argonne	Brouennes	Cesse	Halles-sous-les-Côtes	Inor	Lamouilly	Laneuville-sur-Meuse	Luzy-Saint-Martin	Martincourt-sur-Meuse	Moulins-Saint-Hubert	Mouzay	Nepvant	Olizy-sur-Chiers	Pouilly-sur-Meuse	Stenay	Wiseppe
55800	Andernay	Brabant-le-Roi	Contrisson	Couvonges	Laheycourt	Laimont	Louppy-le-Château	Mognéville	Nettancourt	Neuville-sur-Ornain	Noyers-Auzécourt	Rancourt-sur-Ornain	Remennecourt	Revigny-sur-Ornain	Sommeilles	Vassincourt	Villers-aux-Vents	Auzécourt|Noyers-Auzécourt
55840	Thierville-sur-Meuse
56000	Vannes
56100	Lorient
56110	Gourin	Le Saint	Roudouallec
56120	Forges de Lanouée	Guégon	Helléan	Josselin	La Croix-Helléan	La Grée-Saint-Laurent	Lantillac	Pleugriffet	Saint-Servant	Lanouée|Forges de Lanouée	Les Forges|Forges de Lanouée
56130	Camoël	Férel	La Roche-Bernard	Marzan	Nivillac	Péaule	Saint-Dolay	Théhillac
56140	Bohal	Caro	Malestroit	Missiriac	Pleucadeuc	Réminiac	Ruffiac	Saint-Abraham	Saint-Congard	Saint-Laurent-sur-Oust	Saint-Marcel	Tréal
56150	Baud	Guénin	Saint-Barthélemy
56160	Guémené-sur-Scorff	Langoëlan	Lignol	Locmalo	Persquen	Ploërdut	Séglien
56170	Hœdic	Île-d'Houat	Quiberon
56190	Ambon	Arzal	Billiers	La Trinité-Surzur	Lauzach	Le Guerno	Muzillac	Noyal-Muzillac
56200	Cournon	La Gacilly	Les Fougerêts	Saint-Martin-sur-Oust	Glénac|La Gacilly	La Chapelle-Gaceline|La Gacilly
56220	Caden	Limerzel	Malansac	Peillac	Pluherlin	Rochefort-en-Terre	Saint-Gravé	Saint-Jacut-les-Pins
56230	Berric	Larré	Le Cours	Molac	Questembert
56240	Berné	Calan	Inguiniel	Lanvaudan	Plouay
56250	Elven	La Vraie-Croix	Monterblanc	Saint-Nolff	Sulniac	Trédion	Treffléan
56260	Larmor-Plage
56270	Ploemeur
56290	Port-Louis
56300	Kergrist	Le Sourn	Malguénac	Neulliac	Pontivy	Saint-Thuriau
56310	Bubry	Guern	Melrand	Pluméliau-Bieuzy	Quistinic
56320	Lanvénégen	Le Faouët	Meslan	Priziac
56330	Camors	Pluvigner
56340	Carnac	Plouharnel
56350	Allaire	Béganne	Rieux	Saint-Gorgon	Saint-Jean-la-Poterie	Saint-Perreux	Saint-Vincent-sur-Oust
56360	Bangor	Le Palais	Locmaria	Sauzon
56370	Le Tour-du-Parc	Sarzeau
56380	Beignon	Guer	Monteneuf	Porcaro	Saint-Malo-de-Beignon
56390	Brandivy	Colpo	Grand-Champ	Locmaria-Grand-Champ	Locqueltas
56400	Auray	Brech	Le Bono	Ploemel	Plougoumelen	Plumergat	Pluneret	Sainte-Anne-d'Auray
56410	Erdeven	Étel
56420	Billio	Buléon	Cruguel	Guéhenno	Plaudren	Plumelec
56430	Brignac	Concoret	Mauron	Néant-sur-Yvel	Saint-Brieuc-de-Mauron	Saint-Léry	Tréhorenteuc
56440	Languidic
56450	Le Hézo	Saint-Armel	Surzur	Theix-Noyalo
56460	Lizio	Saint-Guyomard	Sérent	Val d'Oust	La Chapelle-Caro|Val d'Oust	Le Roc-Saint-André|Val d'Oust
56470	La Trinité-sur-Mer	Saint-Philibert
56480	Cléguérec	Saint-Aignan	Sainte-Brigitte	Silfiac
56490	Évriguet	Guilliers	La Trinité-Porhoët	Ménéac	Mohon	Saint-Malo-des-Trois-Fontaines
56500	Bignan	Évellys	La Chapelle-Neuve	Locminé	Moréac	Moustoir-Ac	Plumelin	Radenac	Réguiny	Saint-Allouestre	Moustoir-Remungol|Évellys	Naizin|Évellys	Remungol|Évellys
56510	Saint-Pierre-Quiberon
56520	Guidel
56530	Gestel	Quéven
56540	Kernascléden	Le Croisty	Saint-Caradec-Trégomel	Saint-Tugdual
56550	Belz	Locoal-Mendon
56560	Guiscriff
56570	Locmiquélic
56580	Bréhan	Crédin	Rohan
56590	Groix
56600	Lanester
56610	Arradon
56620	Cléguer	Pont-Scorff
56630	Langonnet
56640	Arzon
56650	Inzinzac-Lochrist
56660	Saint-Jean-Brévelay
56670	Riantec
56680	Gâvres	Plouhinec
56690	Landaul	Landévant	Nostang
56700	Brandérion	Hennebont	Kervignac	Merlevenez	Sainte-Hélène
56730	Saint-Gildas-de-Rhuys
56740	Locmariaquer
56750	Damgan
56760	Pénestin
56770	Plouray
56780	Île-aux-Moines
56800	Augan	Campénéac	Gourhel	Guillac	Loyat	Montertelot	Ploërmel	Taupont	Val d'Oust	Quily|Val d'Oust
56840	Île-d'Arz
56850	Caudan
56860	Séné
56870	Baden	Larmor-Baden
56880	Ploeren
56890	Meucon	Plescop	Saint-Avé
56910	Carentoir	Saint-Nicolas-du-Tertre	Quelneuc|Carentoir
56920	Gueltas	Kerfourn	Noyal-Pontivy	Saint-Gérand-Croixanvec	Saint-Gonnery	Croixanvec|Saint-Gérand-Croixanvec	Saint-Gérand|Saint-Gérand-Croixanvec
56930	Pluméliau-Bieuzy
56950	Crach
57000	Metz
57050	Le Ban-Saint-Martin	Longeville-lès-Metz	Lorry-lès-Metz	Metz	Plappeville
57070	Chieulles	Metz	Mey	Saint-Julien-lès-Metz	Vantoux	Vany
57100	Manom	Thionville
57120	Pierrevillers	Rombas
57130	Ancy-Dornot	Ars-sur-Moselle	Gravelotte	Jouy-aux-Arches	Jussy	Rezonville-Vionville	Sainte-Ruffine	Vaux	Vernéville	Ancy-sur-Moselle|Ancy-Dornot	Dornot|Ancy-Dornot	Rezonville|Rezonville-Vionville	Vionville|Rezonville-Vionville
57140	La Maxe	Norroy-le-Veneur	Plesnois	Saulny	Woippy
57150	Creutzwald
57155	Marly
57160	Châtel-Saint-Germain	Lessy	Moulins-lès-Metz	Rozérieulles	Scy-Chazelles
57170	Amelécourt	Attilloncourt	Bioncourt	Burlioncourt	Chambrey	Château-Salins	Château-Voué	Fresnes-en-Saulnois	Gerbécourt	Grémecey	Hampont	Lubécourt	Morville-lès-Vic	Obreck	Pettoncourt	Puttigny	Salonnes	Sotzeling	Vaxy	Wuisse	Coutures|Château-Salins
57175	Gandrange
57180	Terville
57185	Clouange	Vitry-sur-Orne
57190	Florange
57200	Blies-Ébersing	Blies-Guersviller	Bliesbruck	Frauenberg	Rémelfing	Sarreguemines	Wiesviller	Wœlfling-lès-Sarreguemines
57220	Bannay	Bettange	Bionville-sur-Nied	Bisten-en-Lorraine	Boucheporn	Boulay-Moselle	Brouck	Burtoncourt	Charleville-sous-Bois	Condé-Northen	Coume	Denting	Éblange	Fouligny	Gomelange	Guinkirchen	Helstroff	Hinckange	Holling	Mégange	Momerstroff	Narbéfontaine	Niedervisse	Obervisse	Ottonville	Piblange	Roupeldange	Téterchen	Valmunster	Varize-Vaudoncourt	Velving	Volmerange-lès-Boulay	Halling-lès-Boulay|Boulay-Moselle
57230	Baerenthal	Bitche	Bousseviller	Éguelshardt	Hanviller	Haspelschiedt	Liederschiedt	Philippsbourg	Reyersviller	Roppeviller	Schorbach	Sturzelbronn
57240	Knutange	Nilvange
57245	Chesny	Jury	Mécleuves	Peltre
57250	Moyeuvre-Grande	Moyeuvre-Petite
57255	Sainte-Marie-aux-Chênes
57260	Assenoncourt	Bassing	Bidestroff	Blanche-Église	Bourgaltroff	Cutting	Desseling	Dieuze	Domnom-lès-Dieuze	Gelucourt	Guébestroff	Guéblange-lès-Dieuze	Guébling	Guermange	Lindre-Basse	Lindre-Haute	Mulcey	Rorbach-lès-Dieuze	Saint-Médard	Tarquimpol	Val-de-Bride	Vergaville	Zommange
57270	Richemont	Uckange
57280	Fèves	Hauconcourt	Maizières-lès-Metz	Semécourt
57290	Fameck	Serémange-Erzange
57300	Ay-sur-Moselle	Hagondange	Mondelange	Trémery
57310	Bertrange	Bousse	Guénange	Rurange-lès-Thionville
57320	Alzing	Anzeling	Bibiche	Bouzonville	Brettnach	Château-Rouge	Chémery-les-Deux	Colmen	Dalstein	Ébersviller	Filstroff	Flastroff	Freistroff	Guerstling	Heining-lès-Bouzonville	Hestroff	Menskirch	Neunkirchen-lès-Bouzonville	Oberdorff	Rémelfang	Saint-François-Lacroix	Schwerdorff	Tromborn	Vaudreching	Vœlfling-lès-Bouzonville	Waldweistroff
57330	Entrange	Escherange	Hettange-Grande	Kanfen	Roussy-le-Village	Volmerange-les-Mines	Zoufftgen
57340	Achain	Baronville	Bellange	Bermering	Bréhain	Brulange	Château-Bréhain	Conthil	Dalhain	Destry	Eincheville	Haboudange	Harprich	Landroff	Lidrezing	Marthille	Morhange	Pévange	Racrange	Riche	Rodalbe	Suisse	Vallerange	Vannecourt	Viller	Villers-sur-Nied	Virming	Zarbeling
57350	Schœneck	Spicheren	Stiring-Wendel
57360	Amnéville
57365	Chailly-lès-Ennery	Ennery	Flévy
57370	Berling	Bourscheid	Danne-et-Quatre-Vents	Hangviller	Metting	Mittelbronn	Phalsbourg	Saint-Jean-Kourtzerode	Schalbach	Veckersviller	Vescheim	Vilsberg	Waltembourg	Zilling
57380	Adelange	Arraincourt	Boustroff	Faulquemont	Guessling-Hémering	Holacourt	Mainvillers	Many	Pontpierre	Thicourt	Thonville	Vahl-lès-Faulquemont	Chémery|Faulquemont
57385	Laudrefang	Teting-sur-Nied	Tritteling-Redlach
57390	Audun-le-Tiche	Rédange	Russange
57400	Buhl-Lorraine	Dolving	Haut-Clocher	Hesse	Hilbesheim	Imling	Langatte	Sarraltroff	Sarrebourg	Schneckenbusch
57405	Arzviller	Guntzviller	Hommarting
57410	Bettviller	Bining	Gros-Réderching	Lambach	Petit-Réderching	Rahling	Rohrbach-lès-Bitche	Siersthal
57412	Achen	Etting	Kalhausen	Schmittviller
57415	Enchenberg	Montbronn
57420	Buchy	Cheminot	Chérisey	Coin-lès-Cuvry	Coin-sur-Seille	Cuvry	Féy	Fleury	Foville	Goin	Liéhon	Lorry-Mardigny	Louvigny	Marieulles	Moncheux	Orny	Pagny-lès-Goin	Pommérieux	Pontoy	Pouilly	Pournoy-la-Chétive	Pournoy-la-Grasse	Sailly-Achâtel	Saint-Jure	Secourt	Sillegny	Silly-en-Saulnois	Solgne	Verny	Vigny	Vulmont
57430	Hazembourg	Kappelkinger	Kirviller	Le Val-de-Guéblange	Sarralbe	Willerwald
57440	Algrange	Angevillers
57445	Réding
57450	Barst	Cappel	Farébersviller	Farschviller	Henriville	Théding
57455	Seingbouse
57460	Behren-lès-Forbach	Bousbach	Etzling	Kerbach
57470	Guenviller	Hombourg-Haut
57480	Apach	Contz-les-Bains	Grindorff-Bizing	Halstroff	Haute-Kontz	Hunting	Kerling-lès-Sierck	Kirsch-lès-Sierck	Kirschnaumen	Laumesfeld	Launstroff	Malling	Manderen-Ritzing	Merschweiller	Montenach	Rémeling	Rettel	Rustroff	Sierck-les-Bains	Waldwisse
57490	Carling	L'Hôpital
57500	Saint-Avold
57510	Ernestviller	Grundviller	Guebenhouse	Hilsprich	Holving	Hoste	Loupershouse	Puttelange-aux-Lacs	Rémering-lès-Puttelange	Richeling	Saint-Jean-Rohrbach
57515	Alsting
57520	Grosbliederstroff	Lixing-lès-Rouhling	Rouhling
57525	Talange
57530	Ars-Laquenexy	Bazoncourt	Coincy	Colligny-Maizery	Courcelles-Chaussy	Courcelles-sur-Nied	Glatigny	Hayes	Laquenexy	Les Étangs	Maizeroy	Marsilly	Ogy-Montoy-Flanville	Pange	Raville	Sanry-sur-Nied	Servigny-lès-Raville	Silly-sur-Nied	Villers-Stoncourt	Colligny|Colligny-Maizery	Landonvillers|Courcelles-Chaussy	Maizery|Colligny-Maizery
57535	Bronvaux	Marange-Silvange
57540	Petite-Rosselle
57550	Berviller-en-Moselle	Dalem	Falck	Hargarten-aux-Mines	Merten	Rémering	Villing
57560	Abreschviller	Lafrimbolle	Métairies-Saint-Quirin	Niderhoff	Saint-Quirin	Turquestein-Blancrupt	Vasperviller	Voyer
57565	Brouderdorff	Niderviller
57570	Basse-Rentgen	Berg-sur-Moselle	Beyren-lès-Sierck	Boust	Breistroff-la-Grande	Cattenom	Évrange	Fixem	Gavisse	Hagen	Mondorff	Puttelange-lès-Thionville	Rodemack
57580	Adaincourt	Ancerville	Arriance	Aube	Baudrecourt	Béchy	Beux	Chanville	Chenois	Flocourt	Han-sur-Nied	Herny	Lemud	Lesse	Luppy	Rémilly	Saint-Epvre	Sorbey	Thimonville	Tragny	Vatimont	Vittoncourt	Voimhaut
57590	Aboncourt-sur-Seille	Ajoncourt	Alaincourt-la-Côte	Aulnois-sur-Seille	Bacourt	Chicourt	Craincourt	Delme	Donjeux	Fonteny	Fossieux	Frémery	Hannocourt	Jallaucourt	Juville	Laneuveville-en-Saulnois	Lemoncourt	Liocourt	Lucy	Malaucourt-sur-Seille	Manhoué	Morville-sur-Nied	Oriocourt	Oron	Prévocourt	Puzieux	Tincry	Viviers	Xocourt
57600	Folkling	Forbach	Morsbach	Œting
57620	Goetzenbruck	Lemberg	Mouterhouse	Saint-Louis-lès-Bitche
57630	Bezange-la-Petite	Haraucourt-sur-Seille	Juvelize	Lezey	Marsal	Moyenvic	Vic-sur-Seille	Xanrey
57635	Bickenholtz	Brouviller	Fleisheim	Hérange	Lixheim	Vieux-Lixheim	Wintersbourg
57640	Antilly	Argancy	Bettelainville	Charly-Oradour	Failly	Malroy	Saint-Hubert	Sainte-Barbe	Sanry-lès-Vigy	Servigny-lès-Sainte-Barbe	Vigy	Vry
57645	Noisseville	Nouilly	Ogy-Montoy-Flanville	Retonfey
57650	Fontoy	Havange	Lommerange
57655	Boulange
57660	Altrippe	Bérig-Vintrange	Biding	Bistroff	Diffembach-lès-Hellimer	Erstroff	Frémestroff	Freybouse	Gréning	Grostenquin	Hellimer	Laning	Lelling	Leyviller	Lixing-lès-Saint-Avold	Maxstadt	Petit-Tenquin	Vahl-Ebersing
57670	Albestroff	Bénestroff	Francaltroff	Givrycourt	Guinzeling	Honskirch	Insming	Insviller	Léning	Lhor	Lostroff	Loudrefing	Marimont-lès-Bénestroff	Molring	Montdidier	Munster	Nébing	Nelling	Neufvillage	Réning	Torcheville	Vahl-lès-Bénestroff	Vibersviller	Vittersbourg
57680	Arry	Corny-sur-Moselle	Gorze	Novéant-sur-Moselle
57685	Augny
57690	Bambiderstroff	Créhange	Elvange	Flétrange	Guinglange	Hallering	Haute-Vigneulles	Hémilly	Marange-Zondrange	Zimming
57700	Hayange	Neufchef	Ranguevaux
57710	Aumetz	Tressange
57720	Breidenbach	Epping	Erching	Hottviller	Lengelsheim	Loutzviller	Nousseviller-lès-Bitche	Obergailbach	Ormersviller	Rimling	Rolbing	Schweyen	Volmunster	Waldhouse	Walschbronn
57730	Altviller	Folschviller	Lachambre	Macheren	Valmont
57740	Longeville-lès-Saint-Avold
57770	Moussey
57780	Rosselange
57790	Aspach	Fraquelfing	Hattigny	Hermelange	Laneuveville-lès-Lorquin	Lorquin	Nitting
57800	Béning-lès-Saint-Avold	Betting	Cocheren	Freyming-Merlebach	Rosbruck
57810	Avricourt	Azoudange	Bourdonnay	Donnelay	Fribourg	Lagarde	Languimberg	Ley	Maizières-lès-Vic	Moncourt	Ommeray	Réchicourt-le-Château	Rhodes
57815	Gondrexange
57820	Dannelbourg	Garrebourg	Henridorff	Hultehouse	Lutzelbourg	Saint-Louis
57830	Barchain	Bébing	Diane-Capelle	Foulcrey	Héming	Hertzing	Ibigny	Kerprich-aux-Bois	Landange	Neufmoulins	Richeval	Saint-Georges	Xouaxange
57840	Ottange	Rochonvillers
57850	Dabo	Haselbourg
57855	Saint-Privat-la-Montagne
57860	Montois-la-Montagne	Roncourt
57865	Amanvillers
57870	Harreberg	Hartzviller	Hommert	Plaine-de-Walsch	Troisfontaines	Walscheid
57880	Guerting	Ham-sous-Varsberg	Varsberg
57890	Diesen	Porcelette
57905	Sarreinsming	Wittring	Zetting
57910	Hambach	Neufgrange
57915	Woustviller
57920	Aboncourt	Buding	Hombourg-Budange	Kédange-sur-Canner	Kemplich	Klang	Metzeresche	Monneren	Veckring
57925	Distroff
57930	Belles-Forêts	Berthelming	Bettborn	Fénétrange	Gosselming	Hellering-lès-Fénétrange	Mittersheim	Niederstinzel	Oberstinzel	Postroff	Romelfing	Saint-Jean-de-Bassel	Angviller-lès-Bisping|Belles-Forêts
57935	Luttange
57940	Metzervisse	Volstroff
57950	Montigny-lès-Metz
57960	Meisenthal	Soucht
57970	Basse-Ham	Budling	Elzange	Illange	Inglange	Kœnigsmacker	Kuntzig	Oudrenne	Stuckange	Valmestroff	Yutz
57980	Diebling	Metzing	Tenteling
57990	Hundling	Ippling	Nousseviller-Saint-Nabor
58000	Challuy	Nevers	Saint-Éloi	Sermoise-sur-Loire
58110	Achun	Alluy	Aunay-en-Bazois	Bazolles	Biches	Brinay	Châtillon-en-Bazois	Chougny	Dun-sur-Grandry	Mont-et-Marré	Montapas	Ougny	Rouy	Saint-Péreuse	Tamnay-en-Bazois	Tintury
58120	Blismes	Château-Chinon (Campagne)	Château-Chinon (Ville)	Châtin	Chaumard	Corancy	Dommartin	Montigny-en-Morvan	Saint-Hilaire-en-Morvan	Saint-Léger-de-Fougeret
58130	Guérigny	Montigny-aux-Amognes	Poiseux	Saint-Aubin-les-Forges	Saint-Martin-d'Heuille	Urzy	Vaux d'Amognes	Balleray|Vaux d'Amognes	Ourouër|Vaux d'Amognes
58140	Brassy	Chalaux	Empury	Gâcogne	Lormes	Marigny-l'Église	Mhère	Pouques-Lormes	Saint-André-en-Morvan	Saint-Martin-du-Puy	Vauclaix
58150	Garchy	Pouilly-sur-Loire	Saint-Andelain	Saint-Laurent-l'Abbaye	Saint-Martin-sur-Nohain	Saint-Quentin-sur-Nohain	Suilly-la-Tour	Tracy-sur-Loire	Vielmanay
58160	Béard	Chevenon	Druy-Parigny	Imphy	La Fermeté	Saint-Ouen-sur-Loire	Sauvigny-les-Bois
58170	Avrée	Chiddes	Fléty	Luzy	Millay	Poil	Savigny-Poil-Fol	Tazilly
58180	Marzy
58190	Amazy	Asnois	Bazoches	Dirol	Flez-Cuzy	La Maison-Dieu	Lys	Metz-le-Comte	Moissy-Moulinot	Monceaux-le-Comte	Neuffontaines	Nuars	Ruages	Saint-Aubin-des-Chaumes	Saint-Didier	Saizy	Talon	Tannay	Teigny	Vignol
58200	Alligny-Cosne	Cosne-Cours-sur-Loire	Pougny	Saint-Loup-des-Bois	Saint-Père	Cours|Cosne-Cours-sur-Loire
58210	Beuvron	Champlemy	Corvol-d'Embernard	Courcelles	Cuncy-lès-Varzy	La Chapelle-Saint-André	Marcy	Menou	Oudan	Parigny-la-Rose	Saint-Germain-des-Bois	Saint-Pierre-du-Mont	Varzy	Villiers-le-Sec
58220	Cessy-les-Bois	Ciez	Couloutre	Donzy	Perroy	Sainte-Colombe-des-Bois
58230	Alligny-en-Morvan	Dun-les-Places	Gien-sur-Cure	Gouloux	Lavault-de-Frétoy	Montsauche-les-Settons	Moux-en-Morvan	Ouroux-en-Morvan	Planchez	Saint-Agnan-en-Morvan	Saint-Brisson
58240	Azy-le-Vif	Chantenay-Saint-Imbert	Fleury-sur-Loire	Langeron	Livry	Luthenay-Uxeloup	Mars-sur-Allier	Saint-Pierre-le-Moûtier	Toury-sur-Jour	Tresnay
58250	Fours	La Nocle-Maulaix	Lanty	Montambert	Montaron	Rémilly	Saint-Seine	Ternant	Thaix
58260	La Machine	Thianges	Trois-Vèvres
58270	Anlezy	Beaumont-Sardolles	Billy-Chevannes	Cizely	Fertrève	Frasnay-Reugny	Limon	Saint-Benin-d'Azy	Saint-Firmin	Saint-Jean-aux-Amognes	Saint-Sulpice	Ville-Langy
58290	Isenay	Limanton	Maux	Moulins-Engilbert	Sermages	Vandenesse
58300	Avril-sur-Loire	Champvert	Charrin	Cossaye	Decize	Devay	Lamenay-sur-Loire	Neuville-lès-Decize	Saint-Germain-Chassenay	Saint-Hilaire-Fontaine	Saint-Léger-des-Vignes	Saint-Parize-en-Viry	Sougy-sur-Loire	Toury-Lurcy	Verneuil
58310	Arquian	Bitry	Bouhy	Dampierre-sous-Bouhy	Saint-Amand-en-Puisaye	Saint-Vérain
58320	Germigny-sur-Loire	Parigny-les-Vaux	Pougues-les-Eaux
58330	Bona	Crux-la-Ville	Jailly	Saint-Benin-des-Bois	Saint-Franchy	Saint-Maurice	Saint-Saulge	Sainte-Marie	Saxi-Bourdon
58340	Cercy-la-Tour	Diennes-Aubigny	Montigny-sur-Canne	Saint-Gratien-Savigny
58350	Arbourse	Chasnay	Châteauneuf-Val-de-Bargis	Colméry	Dompierre-sur-Nièvre	Nannay	Saint-Malo-en-Donziois
58360	Préporché	Saint-Honoré-les-Bains	Sémelay
58370	Glux-en-Glenne	Larochemillay	Onlay	Villapourçon
58380	Lucenay-lès-Aix
58390	Dornes
58400	Bulcy	Champvoux	Chaulgnes	La Charité-sur-Loire	La Marche	Mesves-sur-Loire	Narcy	Raveau	Tronsanges	Varennes-lès-Narcy
58410	Entrains-sur-Nohain	Menestreau
58420	Asnan	Beaulieu	Brinon-sur-Beuvron	Bussy-la-Pesle	Challement	Champallement	Chevannes-Changy	Grenois	Guipy	Moraches	Neuilly	Saint-Révérien	Taconnay	Vitry-Laché	Dompierre-sur-Héry|Beaulieu	Michaugues|Beaulieu
58430	Arleuf	Fâchin
58440	La Celle-sur-Loire	Myennes
58450	Annay	Neuvy-sur-Loire
58460	Breugnon	Corvol-l'Orgueilleux	Trucy-l'Orgueilleux
58470	Gimouille	Magny-Cours	Saincaize-Meauce
58490	Saint-Parize-le-Châtel
58500	Armes	Billy-sur-Oisy	Chevroches	Clamecy	Oisy	Ouagne	Pousseaux	Rix	Surgy	Villiers-sur-Yonne
58530	Brèves	Dornecy
58600	Fourchambault	Garchizy
58640	Varennes-Vauzelles
58660	Coulanges-lès-Nevers
58700	Arthel	Arzembouy	Authiou	Beaumont-la-Ferrière	Champlin	Chazeuil	Giry	La Celle-sur-Nièvre	Lurcy-le-Bourg	Montenoison	Moussy	Murlin	Nolay	Oulon	Prémery	Saint-Bonnot	Sichamps
58800	Anthien	Cervon	Chaumot	Chitry-les-Mines	Corbigny	Epiry	Germenay	Héry	La Collancelle	Magny-Lormes	Marigny-sur-Yonne	Montreuillon	Mouron-sur-Yonne	Pazy	Sardy-lès-Épiry
59000	Lille
59100	Roubaix
59110	La Madeleine
59111	Bouchain	Hordain	Lieu-Saint-Amand	Wavrechain-sous-Faulx
59112	Annœullin	Carnin
59113	Seclin
59114	Eecke	Saint-Sylvestre-Cappel	Steenvoorde	Terdeghem
59115	Leers
59116	Houplines
59117	Wervicq-Sud
59118	Wambrechies
59119	Waziers
59120	Loos
59121	Haulchin	Prouvy
59122	Ghyvelde	Hondschoote	Killem	Oost-Cappel	Rexpoëde	Les Moëres|Ghyvelde
59123	Bray-Dunes	Zuydcoote
59124	Escaudain
59125	Trith-Saint-Léger
59126	Linselles
59127	Dehéries	Élincourt	Esnes	Malincourt	Walincourt-Selvigny
59128	Flers-en-Escrebieux
59129	Avesnes-les-Aubert
59130	Lambersart
59131	Rousies
59132	Baives	Eppe-Sauvage	Glageon	Moustier-en-Fagne	Ohain	Trélon	Wallers-en-Fagne
59133	Camphin-en-Carembault	Phalempin
59134	Beaucamps-Ligny	Fournes-en-Weppes	Herlies	Le Maisnil	Wicres
59135	Bellaing	Wallers
59136	Wavrin
59137	Busigny
59138	Bachant	Hargnies	Pont-sur-Sambre	Vieux-Mesnil
59139	Noyelles-lès-Seclin	Wattignies
59140	Dunkerque
59141	Iwuy	Thun-l'Évêque	Thun-Saint-Martin
59142	Villers-Outréaux
59143	Holque	Lederzeele	Millam	Nieurlet	Saint-Momelin	Watten	Wulverdinghe
59144	Bry	Eth	Gommegnies	Jenlain	L'Orée de Mormal	Preux-au-Sart	Wargnies-le-Grand	Wargnies-le-Petit	Amfroipret|L'Orée de Mormal
59145	Berlaimont	Sassegnies
59146	Pecquencourt
59147	Chemy	Gondecourt	Herrin
59148	Flines-lez-Raches
59149	Aibes	Bousignies-sur-Roc	Cousolre
59150	Wattrelos
59151	Arleux	Brunémont	Bugnicourt	Estrées	Hamel
59152	Anstaing	Chéreng	Gruson	Tressin
59153	Grand-Fort-Philippe
59154	Crespin
59155	Faches-Thumesnil
59156	Lourches
59157	Beauvois-en-Cambrésis	Fontaine-au-Pire
59158	Flines-lès-Mortagne	Maulde	Mortagne-du-Nord	Thun-Saint-Amand
59159	Marcoing	Noyelles-sur-Escaut	Ribécourt-la-Tour
59160	Capinghem	Lille	Lomme|Lille
59161	Cagnoncles	Escaudœuvres	Eswars	Naves	Ramillies
59162	Ostricourt
59163	Condé-sur-l'Escaut	Saint-Aybert	Thivencelle
59164	Marpent
59165	Auberchicourt
59166	Bousbecque
59167	Lallaing
59168	Boussois
59169	Cantin	Erchin	Férin	Gœulzin	Roucourt
59170	Croix
59171	Erre	Hélesmes	Hornaing
59172	Mastaing	Rœulx
59173	Blaringhem	Ebblinghem	Lynde	Renescure	Sercus
59174	La Sentinelle
59175	Templemars	Vendeville
59176	Écaillon	Masny
59177	Rainsars	Ramousies	Sains-du-Nord
59178	Bousignies	Brillon	Hasnon	Millonfosse
59179	Fenain
59180	Cappelle-la-Grande
59181	Steenwerck
59182	Loffre	Montigny-en-Ostrevent
59184	Sainghin-en-Weppes
59185	Provin
59186	Anor
59187	Dechy
59188	Saint-Aubert	Saint-Vaast-en-Cambrésis	Villers-en-Cauchies
59189	Boëseghem	Steenbecque	Thiennes
59190	Borre	Caëstre	Hazebrouck	Hondeghem	Morbecque	Pradelles	Staple	Wallon-Cappel
59191	Caullery	Haucourt-en-Cambrésis	Ligny-en-Cambrésis
59192	Beuvrages
59193	Erquinghem-Lys
59194	Anhiers	Râches
59195	Hérin	Oisy
59198	Haspres
59199	Bruille-Saint-Amand	Hergnies
59200	Tourcoing
59210	Coudekerque-Branche
59211	Santes
59212	Wignehies
59213	Bermerain	Capelle	Escarmain	Saint-Martin-sur-Écaillon	Sommaing	Vendegies-sur-Écaillon
59214	Quiévy
59215	Abscon
59216	Beugnies	Dimont	Sars-Poteries
59217	Bévillers	Boussières-en-Cambrésis	Carnières	Cattenières
59218	Neuville-en-Avesnois	Poix-du-Nord	Salesches	Vendegies-au-Bois
59219	Étrœungt	Floyon	Larouillies
59220	Denain	Rouvignies	Wavrechain-sous-Denain
59221	Bauvin
59222	Bousies	Croix-Caluyau	Forest-en-Cambrésis
59223	Roncq
59224	Monchaux-sur-Écaillon	Thiant
59225	Clary	Montigny-en-Cambrésis
59226	Lecelles	Rumegies
59227	Montrécourt	Saulzoir	Verchain-Maugré
59229	Téteghem-Coudekerque-Village	Uxem	Téteghem|Téteghem-Coudekerque-Village
59230	Château-l'Abbaye	Nivelle	Rosult	Saint-Amand-les-Eaux	Sars-et-Rosières
59231	Gonnelieu	Gouzeaucourt	Villers-Plouich
59232	Vieux-Berquin
59233	Maing
59234	Fressain	Monchecourt	Villers-au-Tertre
59235	Bersée
59236	Frelinghien
59237	Verlinghem
59238	Maretz
59239	La Neuville	Thumeries
59240	Dunkerque
59241	Masnières
59242	Cappelle-en-Pévèle	Genech	Templeuve-en-Pévèle
59243	Quarouble
59244	Cartignies	Grand-Fayt	Petit-Fayt
59245	Recquignies
59246	Mons-en-Pévèle
59247	Féchain	Hem-Lenglet
59249	Aubers	Fromelles
59250	Halluin
59251	Allennes-les-Marais
59252	Marcq-en-Ostrevent	Marquette-en-Ostrevant	Wasnes-au-Bac
59253	La Gorgue
59254	Ghyvelde
59255	Haveluy
59258	Crèvecœur-sur-l'Escaut	Les Rues-des-Vignes	Lesdain
59259	Lécluse
59260	Lezennes	Lille	Hellemmes-Lille|Lille
59261	Wahagnies
59262	Sainghin-en-Mélantois
59263	Houplin-Ancoisne
59264	Onnaing
59265	Aubencheul-au-Bac	Aubigny-au-Bac
59266	Banteux	Bantouzelle	Honnecourt-sur-Escaut
59267	Cantaing-sur-Escaut	Flesquières	Proville
59268	Abancourt	Blécourt	Cuvillers	Fressies	Haynecourt	Sancourt
59269	Artres	Quérénaing	Sepmeries
59270	Bailleul	Berthen	Flêtre	Godewaersvelde	Merris	Méteren	Saint-Jans-Cappel	Strazeele
59271	Viesly
59272	Don
59273	Fretin	Péronne-en-Mélantois
59274	Marquillies
59277	Rieux-en-Cambrésis
59278	Escautpont
59279	Craywick	Dunkerque	Loon-Plage	Mardyck|Dunkerque
59280	Armentières	Bois-Grenier
59281	Rumilly-en-Cambrésis
59282	Douchy-les-Mines	Noyelles-sur-Selle
59283	Moncheaux	Raimbeaucourt
59284	Pitgam
59285	Arnèke	Buysscheure	Rubrouck
59286	Roost-Warendin
59287	Guesnain	Lewarde
59288	Preux-au-Bois
59290	Wasquehal
59292	Saint-Hilaire-lez-Cambrai
59293	Neuville-sur-Escaut
59294	Haussy
59295	Estrun	Paillencourt
59296	Avesnes-le-Sec
59297	Villers-Guislain
59299	Boeschepe
59300	Aulnoy-lez-Valenciennes	Famars	Valenciennes
59310	Aix-en-Pévèle	Auchy-lez-Orchies	Beuvry-la-Forêt	Coutiches	Faumont	Landas	Mouchin	Nomain	Orchies	Saméon
59320	Emmerin	Englos	Ennetières-en-Weppes	Erquinghem-le-Sec	Escobecques	Hallennes-lez-Haubourdin	Haubourdin	Radinghem-en-Weppes	Sequedin
59330	Beaufort	Boussières-sur-Sambre	Éclaibes	Hautmont	Limont-Fontaine	Neuf-Mesnil	Saint-Remy-du-Nord
59350	Saint-André-lez-Lille
59360	Bazuel	Catillon-sur-Sambre	La Groise	Le Cateau-Cambrésis	Mazinghien	Montay	Neuvilly	Ors	Pommereuil	Rejet-de-Beaulieu	Saint-Benin	Saint-Souplet	Escaufourt|Saint-Souplet
59370	Mons-en-Barœul
59380	Armbouts-Cappel	Bergues	Bierne	Bissezeele	Crochte	Quaëdypre	Socx	Spycker	Steene	Téteghem-Coudekerque-Village	Warhem	West-Cappel	Wylder	Coudekerque-Village|Téteghem-Coudekerque-Village
59390	Lannoy	Lys-lez-Lannoy	Sailly-lez-Lannoy	Toufflers
59400	Anneux	Awoingt	Boursies	Cambrai	Cauroir	Doignies	Estourmel	Fontaine-Notre-Dame	Mœuvres	Niergnies	Séranvillers-Forenville	Wambaix
59410	Anzin
59420	Mouvaux
59430	Dunkerque	Fort-Mardyck|Dunkerque	Saint-Pol-sur-Mer|Dunkerque
59440	Avesnelles	Avesnes-sur-Helpe	Bas-Lieu	Boulogne-sur-Helpe	Dompierre-sur-Helpe	Dourlers	Flaumont-Waudrechies	Floursies	Haut-Lieu	Marbaix	Saint-Aubin	Saint-Hilaire-sur-Helpe	Sémeries	Semousies
59450	Sin-le-Noble
59460	Jeumont
59470	Bambecque	Bollezeele	Broxeele	Eringhem	Esquelbecq	Herzeele	Houtkerque	Ledringhem	Merckeghem	Volckerinckhove	Wormhout	Zegerscappel
59480	Illies	La Bassée
59490	Bruille-lez-Marchiennes	Somain
59491	Villeneuve-d'Ascq
59492	Hoymille
59493	Villeneuve-d'Ascq
59494	Aubry-du-Hainaut	Petite-Forêt
59495	Leffrinckoucke
59496	Hantay	Salomé
59500	Douai
59510	Forest-sur-Marque	Hem
59520	Marquette-lez-Lille
59530	Beaudignies	Englefontaine	Frasnoy	Ghissignies	Hecq	Jolimetz	Le Quesnoy	Locquignol	Louvignies-Quesnoy	Orsinval	Potelle	Raucourt-au-Bois	Ruesnes	Villereau	Villers-Pol
59540	Beaumont-en-Cambrésis	Béthencourt	Caudry	Inchy
59550	Beaurepaire-sur-Sambre	Fontaine-au-Bois	Landrecies	Le Favril	Maroilles	Noyelles-sur-Sambre	Prisches	Robersart	Taisnières-en-Thiérache
59551	Attiches	Tourmignies
59552	Courchelettes	Lambres-lez-Douai
59553	Cuincy	Esquerchin	Lauwin-Planque
59554	Bantigny	Neuville-Saint-Rémy	Raillencourt-Sainte-Olle	Sailly-lez-Cambrai	Tilloy-lez-Cambrai
59560	Comines	Warneton
59570	Audignies	Bavay	Bellignies	Bettrechies	Gussignies	Hon-Hergies	Houdain-lez-Bavay	L'Orée de Mormal	La Flamengrie	La Longueville	Mecquignies	Obies	Saint-Waast	Taisnières-sur-Hon	Bermeries|L'Orée de Mormal
59580	Aniche	Émerchicourt
59590	Raismes
59600	Assevent	Bersillies	Bettignies	Élesmes	Gognies-Chaussée	Mairieux	Maubeuge	Vieux-Reng	Villers-Sire-Nicole
59610	Féron	Fourmies
59620	Aulnoye-Aymeries	Écuélin	Leval	Monceau-Saint-Waast	Saint-Remy-Chaussée
59630	Bourbourg	Brouckerque	Cappelle-Brouck	Drincham	Looberghe	Saint-Pierre-Brouck
59640	Dunkerque
59650	Villeneuve-d'Ascq
59660	Haverskerque	Merville
59670	Bavinchove	Cassel	Hardifort	Noordpeene	Ochtezeele	Oudezeele	Oxelaëre	Sainte-Marie-Cappel	Wemaers-Cappel	Winnezeele	Zermezeele	Zuytpeene
59680	Cerfontaine	Colleret	Damousies	Ferrière-la-Grande	Ferrière-la-Petite	Obrechies	Quiévelon	Wattignies-la-Victoire
59690	Vieux-Condé
59700	Marcq-en-Barœul
59710	Avelin	Ennevelin	Mérignies	Pont-à-Marcq
59720	Louvroil
59730	Beaurain	Briastre	Romeries	Saint-Python	Solesmes	Vertain
59740	Beaurieux	Bérelles	Choisies	Clairfayts	Dimechaux	Eccles	Felleries	Hestrud	Lez-Fontaine	Liessies	Solre-le-Château	Solrinnes	Willies
59750	Feignies
59760	Grande-Synthe
59770	Marly
59777	Lille
59780	Baisieux	Camphin-en-Pévèle	Willems
59790	Ronchin
59800	Lille
59810	Lesquin
59820	Gravelines	Saint-Georges-sur-l'Aa
59830	Bachy	Bourghelles	Bouvines	Cobrieux	Cysoing	Louvil	Wannehain
59840	Lompret	Pérenchies	Prémesques
59850	Nieppe
59860	Bruay-sur-l'Escaut
59870	Bouvignies	Marchiennes	Rieulay	Tilloy-lez-Marchiennes	Vred	Wandignies-Hamage	Warlaing
59880	Saint-Saulve
59890	Deûlémont	Quesnoy-sur-Deûle
59910	Bondues
59920	Quiévrechain
59930	La Chapelle-d'Armentières
59940	Estaires	Le Doulieu	Neuf-Berquin
59950	Auby
59960	Neuville-en-Ferrain
59970	Fresnes-sur-Escaut	Odomez	Vicq
59980	Bertry	Honnechy	Maurois	Reumont	Troisvilles
59990	Curgies	Estreux	Maresches	Préseau	Rombies-et-Marchipont	Saultain	Sebourg
60000	Allonne	Aux Marais	Beauvais	Fouquenies	Frocourt	Goincourt	Saint-Martin-le-Nœud	Tillé
60100	Creil
60110	Amblainville	Corbeil-Cerf	Esches	Lormaison	Méru
60112	Bonnières	Crillon	Haucourt	Herchies	Juvignies	La Neuville-Vault	Maisoncelle-Saint-Pierre	Martincourt	Milly-sur-Thérain	Pierrefitte-en-Beauvaisis	Troissereux	Verderel-lès-Sauqueuse	Vrocourt
60113	Baugy	Braisnes-sur-Aronde	Monchy-Humières
60117	Gondreville	Russy-Bémont	Vauciennes	Vaumoise	Vez
60119	Hénonville	Monts	Neuville-Bosc
60120	Ansauvillers	Bacouël	Beauvoir	Blancfossé	Bonneuil-les-Eaux	Bonvillers	Breteuil	Broyes	Chepoix	Cormeilles	Croissy-sur-Celle	Esquennoy	Fléchy	Gannes	Gouy-les-Groseillers	Hardivillers	La Hérelle	Lavacquerie	Le Crocq	Le Mesnil-Saint-Firmin	Mory-Montcrux	Paillart	Plainville	Rocquencourt	Rouvroy-les-Merles	Sérévillers	Tartigny	Troussencourt	Vendeuil-Caply	Villers-Vicomte
60123	Bonneuil-en-Valois	Éméville
60126	Longueil-Sainte-Marie	Rivecourt
60127	Fresnoy-la-Rivière	Morienval
60128	Mortefontaine	Plailly
60129	Béthancourt-en-Valois	Gilocourt	Glaignes	Orrouy
60130	Angivillers	Avrechy	Brunvillers-la-Motte	Bulles	Catillon-Fumechon	Cuignières	Erquinvillers	Fournival	Le Mesnil-sur-Bulles	Le Plessier-sur-Bulles	Le Plessier-sur-Saint-Just	Lieuvillers	Noroy	Nourard-le-Franc	Plainval	Quinquempoix	Ravenel	Saint-Just-en-Chaussée	Saint-Remy-en-l'Eau	Valescourt	Wavignies
60134	Montreuil-sur-Thérain	Villers-Saint-Sépulcre
60138	Chiry-Ourscamp
60140	Bailleval	Labruyère	Liancourt	Mogneville	Rosoy	Verderonne
60141	Boursonne	Ivors
60149	Saint-Crépin-Ibouvillers
60150	Chevincourt	Coudun	Giraumont	Janville	Le Plessis-Brion	Longueil-Annel	Machemont	Mélicocq	Montmacq	Thourotte	Villers-sur-Coudun
60153	Rethondes
60155	Rainvillers	Saint-Léger-en-Bray
60157	Élincourt-Sainte-Marguerite
60160	Montataire	Thiverny
60162	Antheuil-Portes	Vignemont
60170	Bailly	Cambronne-lès-Ribécourt	Carlepont	Pimprez	Ribécourt-Dreslincourt	Saint-Crépin-aux-Bois	Saint-Léger-aux-Bois	Tracy-le-Mont	Tracy-le-Val
60173	Ivry-le-Temple
60175	Villeneuve-les-Sablons
60180	Nogent-sur-Oise
60190	Arsy	Avrigny	Bailleul-le-Soc	Baugy	Blincourt	Cernoy	Choisy-la-Victoire	Cressonsacq	Épineuse	Estrées-Saint-Denis	Fouilleuse	Francières	Gournay-sur-Aronde	Grandvillers-aux-Bois	Hémévillers	La Neuville-Roy	Lachelle	Montiers	Montmartin	Moyenneville	Moyvillers	Neufvy-sur-Aronde	Pronleroy	Remy	Rouvillers	Sacy-le-Petit
60200	Compiègne
60210	Beaudéduit	Briot	Brombos	Cempuis	Daméraucourt	Dargies	Élencourt	Gaudechart	Grandvilliers	Grez	Halloy	Hautbos	Laverrière	Le Hamel	Le Mesnil-Conteville	Offoy	Saint-Maur	Saint-Thibault	Sarcus	Sarnois	Sommereux	Thieuloy-Saint-Antoine
60220	Abancourt	Blargies	Bouvresse	Broquiers	Campeaux	Canny-sur-Thérain	Escles-Saint-Pierre	Formerie	Fouilloy	Gourchelles	Lannoy-Cuillère	Moliens	Monceaux-l'Abbaye	Mureaumont	Omécourt	Quincampoix-Fleuzy	Romescamps	Saint-Arnoult	Saint-Samson-la-Poterie	Saint-Valery	Boutavent|Formerie
60230	Chambly
60240	Boubiers	Bouconvillers	Boury-en-Vexin	Chambors	Chaumont-en-Vexin	Chavençon	Courcelles-lès-Gisors	Delincourt	Fay-les-Étangs	Fleury	Fresne-Léguillon	Hadancourt-le-Haut-Clocher	Jaméricourt	Jouy-sous-Thelle	La Corne-en-Vexin	Lattainville	Lavilletertre	Le Mesnil-Théribus	Liancourt-Saint-Pierre	Lierville	Loconville	Monneville	Montagny-en-Vexin	Montchevreuil	Montjavoult	Parnes	Reilly	Senots	Serans	Thibivillers	Tourly	Vaudancourt	Bachivillers|Montchevreuil	Boissy-le-Bois|La Corne-en-Vexin	Énencourt-le-Sec|La Corne-en-Vexin	Fresneaux-Montchevreuil|Montchevreuil	Hardivillers-en-Vexin|La Corne-en-Vexin
60250	Angy	Ansacq	Balagny-sur-Thérain	Bury	Foulangues	Heilles	Hondainville	Mouchy-le-Châtel	Mouy	Thury-sous-Clermont
60260	Lamorlaye
60270	Gouvieux
60280	Bienville	Clairoix	Margny-lès-Compiègne	Venette
60290	Cambronne-lès-Clermont	Cauffry	Laigneville	Monchy-Saint-Éloi	Neuilly-sous-Clermont	Rantigny
60300	Apremont	Aumont-en-Halatte	Avilly-Saint-Léonard	Baron	Borest	Chamant	Courteuil	Fontaine-Chaalis	Mont-l'Évêque	Montlognon	Senlis
60310	Amy	Avricourt	Beaulieu-les-Fontaines	Candor	Cannectancourt	Canny-sur-Matz	Crapeaumesnil	Cuy	Dives	Écuvilly	Évricourt	Fresnières	Gury	Laberlière	Lagny	Lassigny	Margny-aux-Cerises	Ognolles	Plessis-de-Roye	Roye-sur-Matz	Solente	Thiescourt
60320	Béthisy-Saint-Martin	Béthisy-Saint-Pierre	Néry	Saint-Sauveur
60330	Ève	Lagny-le-Sec	Le Plessis-Belleville	Silly-le-Long
60340	Saint-Leu-d'Esserent	Villers-sous-Saint-Leu
60350	Attichy	Autrêches	Berneuil-sur-Aisne	Bitry	Chelles	Couloisy	Courtieux	Croutoy	Cuise-la-Motte	Hautefontaine	Jaulzy	Moulin-sous-Touvent	Pierrefonds	Saint-Étienne-Roilaye	Saint-Jean-aux-Bois	Saint-Pierre-lès-Bitry	Trosly-Breuil	Vieux-Moulin
60360	Auchy-la-Montagne	Catheux	Choqueuse-les-Bénards	Conteville	Crèvecœur-le-Grand	Doméliers	Fontaine-Bonneleau	Hétomesnil	Le Gallet	Le Saulchoy	Lihus	Luchy	Prévillers	Rotangy	Viefvillers
60370	Berthecourt	Hermes	Saint-Félix
60380	Bazancourt	Buicourt	Ernemont-Boutavent	Escames	Fontenay-Torcy	Gerberoy	Grémévillers	Hécourt	Héricourt-sur-Thérain	Lachapelle-sous-Gerberoy	Loueuse	Morvillers	Saint-Deniscourt	Saint-Quentin-des-Prés	Songeons	Sully	Thérines	Villers-Vermont	Wambez
60390	Auneuil	Auteuil	Beaumont-les-Nonains	Berneuil-en-Bray	La Houssoye	Le Vauroux	Les Hauts-Talican	Porcheux	La Neuville-Garnier|Les Hauts-Talican	Villotran|Les Hauts-Talican
60400	Appilly	Babœuf	Beaurains-lès-Noyon	Béhéricourt	Brétigny	Bussy	Caisnes	Crisolles	Cuts	Genvry	Grandrû	Larbroye	Mondescourt	Morlincourt	Nampcel	Noyon	Passel	Pont-l'Évêque	Pontoise-lès-Noyon	Porquéricourt	Salency	Sempigny	Sermaize	Suzoy	Varesnes	Vauchelles	Ville
60410	Rhuis	Roberval	Saint-Vaast-de-Longmont	Saintines	Verberie	Villeneuve-sur-Verberie
60420	Coivrel	Courcelles-Epayelles	Crèvecœur-le-Petit	Domfront	Dompierre	Ferrières	Godenvillers	Le Frestoy-Vaux	Le Ployron	Léglantiers	Maignelay-Montigny	Ménévillers	Méry-la-Bataille	Montgérain	Royaucourt	Sains-Morainvillers	Saint-Martin-aux-Bois	Tricot	Wacquemoulin	Welles-Pérennes
60430	Abbecourt	Hodenc-l'Évêque	Le Coudray-sur-Thelle	Noailles	Ponchon	Saint-Sulpice	Silly-Tillard	Warluis
60440	Boissy-Fresnoy	Brégy	Chèvreville	Nanteuil-le-Haudouin	Ognes	Péroy-les-Gombries	Rosières	Versigny
60460	Blaincourt-lès-Précy	Précy-sur-Oise
60480	Abbeville-Saint-Lucien	Bucamps	Campremy	Fontaine-Saint-Lucien	Francastel	Froissy	Guignecourt	La Neuville-Saint-Pierre	Lachaussée-du-Bois-d'Écu	Le Quesnel-Aubry	Maisoncelle-Tuilerie	Maulers	Montreuil-sur-Brêche	Muidorge	Noirémont	Noyers-Saint-Martin	Oursel-Maison	Puits-la-Vallée	Reuil-sur-Brêche	Saint-André-Farivillers	Sainte-Eusoye	Thieux
60490	Belloy	Biermont	Boulogne-la-Grasse	Conchy-les-Pots	Cuvilly	Hainvillers	La Neuville-sur-Ressons	Lataule	Marest-sur-Matz	Mareuil-la-Motte	Margny-sur-Matz	Marquéglise	Mortemer	Orvillers-Sorel	Ressons-sur-Matz	Ricquebourg	Vandélicourt
60500	Chantilly	Vineuil-Saint-Firmin
60510	Bonlier	Bresles	Essuiles	Fouquerolles	Haudivillers	La Neuville-en-Hez	La Rue-Saint-Pierre	Lafraye	Laversines	Le Fay-Saint-Quentin	Litz	Nivillers	Oroër	Rémérangles	Rochy-Condé	Therdonne	Velennes
60520	La Chapelle-en-Serval	Pontarmé	Thiers-sur-Thève
60530	Crouy-en-Thelle	Dieudonné	Ercuis	Fresnoy-en-Thelle	Le Mesnil-en-Thelle	Morangles	Neuilly-en-Thelle
60540	Belle-Église	Bornel	Puiseux-le-Hauberger
60550	Verneuil-en-Halatte
60560	Orry-la-Ville
60570	Andeville	Laboissière-en-Thelle	Mortefontaine-en-Thelle
60580	Coye-la-Forêt
60590	Boutencourt	Énencourt-Léage	Éragny-sur-Epte	Flavacourt	Labosse	Lalande-en-Son	Le Vaumain	Sérifontaine	Talmontiers	Trie-Château	Trie-la-Ville
60600	Agnetz	Airion	Breuil-le-Vert	Clermont	Erquery	Étouy	Fitz-James	Lamécourt	Maimbeville	Rémécourt	Saint-Aubin-sous-Erquery
60610	Lacroix-Saint-Ouen
60620	Acy-en-Multien	Antilly	Bargny	Betz	Bouillancy	Boullarre	Cuvergnon	Étavigny	Ormoy-le-Davien	Réez-Fosse-Martin	Rosoy-en-Multien	Rouvres-en-Multien	Villers-Saint-Genest
60640	Beaugies-sous-Bois	Berlancourt	Campagne	Catigny	Flavy-le-Meldeux	Fréniches	Frétoy-le-Château	Golancourt	Guiscard	Le Plessis-Patte-d'Oie	Libermont	Maucourt	Muirancourt	Quesmy	Villeselve
60650	Blacourt	Espaubourg	Glatigny	Hannaches	Hanvoile	Hodenc-en-Bray	Lachapelle-aux-Pots	Le Mont-Saint-Adrien	Lhéraule	Ons-en-Bray	Saint-Aubin-en-Bray	Saint-Germain-la-Poterie	Saint-Paul	Savignies	Senantes	Villembray	Villers-Saint-Barthélemy	Villers-sur-Auchy
60660	Cires-lès-Mello	Cramoisy	Maysel	Mello	Rousseloy	Saint-Vaast-lès-Mello
60680	Canly	Grandfresnoy	Jonquières	Le Fayel
60690	Achy	Fontaine-Lavaganne	Haute-Épine	La Neuville-sur-Oudeuil	Marseille-en-Beauvaisis	Rothois	Roy-Boissy
60700	Bazicourt	Beaurepaire	Fleurines	Les Ageux	Pont-Sainte-Maxence	Pontpoint	Sacy-le-Grand	Saint-Martin-Longueau
60710	Chevrières	Houdancourt
60730	Cauvigny	Lachapelle-Saint-Pierre	Novillers	Sainte-Geneviève	Ully-Saint-Georges
60740	Saint-Maximin
60750	Choisy-au-Bac
60790	La Drenne	Pouilly	Saint-Crépin-Ibouvillers	Valdampierre	Montherlant|Saint-Crépin-Ibouvillers
60800	Auger-Saint-Vincent	Crépy-en-Valois	Duvy	Feigneux	Fresnoy-le-Luat	Lévignen	Ormoy-Villers	Rocquemont	Rouville	Séry-Magneval	Trumilly
60810	Barbery	Brasseuse	Montépilloy	Raray	Rully	Villers-Saint-Frambourg-Ognon
60820	Boran-sur-Oise
60840	Breuil-le-Sec	Catenoy	Nointel
60850	Cuigy-en-Bray	Lalandelle	Le Coudray-Saint-Germer	Puiseux-en-Bray	Saint-Germer-de-Fly	Saint-Pierre-es-Champs
60860	Blicourt	Oudeuil	Pisseleu	Saint-Omer-en-Chaussée	Villers-sur-Bonnières
60870	Brenouille	Rieux	Villers-Saint-Paul
60880	Armancourt	Jaux	Le Meux
60890	Autheuil-en-Valois	La Villeneuve-sous-Thury	Mareuil-sur-Ourcq	Marolles	Neufchelles	Thury-en-Valois	Varinfroy
60930	Bailleul-sur-Thérain
60940	Angicourt	Cinqueux	Monceaux
60950	Ermenonville	Montagny-Sainte-Félicité	Ver-sur-Launette
60960	Feuquières
61000	Alençon	Cerisé	Saint-Germain-du-Corbéis
61100	Athis-Val de Rouvre	Aubusson	Caligny	Cerisy-Belle-Étoile	Durcet	Flers	La Bazoque	La Chapelle-au-Moine	La Chapelle-Biche	La Lande-Patry	La Lande-Saint-Siméon	La Selle-la-Forge	Landigou	Landisacq	Montilly-sur-Noireau	Saint-Georges-des-Groseillers	Saint-Paul	Sainte-Opportune	Bréel|Athis-Val de Rouvre	La Carneille|Athis-Val de Rouvre	Les Tourailles|Athis-Val de Rouvre	Notre-Dame-du-Rocher|Athis-Val de Rouvre	Ronfeugerai|Athis-Val de Rouvre	Ségrie-Fontaine|Athis-Val de Rouvre	Taillebois|Athis-Val de Rouvre
61110	Bretoncelles	Cour-Maugis sur Huisne	La Madeleine-Bouvet	Moutiers-au-Perche	Rémalard en Perche	Sablons sur Huisne	Saint-Germain-des-Grois	Verrières	Condé-sur-Huisne|Sablons sur Huisne	Condeau|Sablons sur Huisne	Coulonges-les-Sablons|Sablons sur Huisne
61120	Aubry-le-Panthou	Camembert	Canapville	Champosoult	Crouttes	Fresnay-le-Samson	Guerquesalles	Le Renouard	Les Champeaux	Neuville-sur-Touques	Pontchardon	Roiville	Sap-en-Auge	Ticheville	Vimoutiers	Orville|Sap-en-Auge
61130	Appenai-sous-Bellême	Belforêt-en-Perche	Bellême	Bellou-le-Trichard	Dame-Marie	Igé	La Chapelle-Souëf	Origny-le-Roux	Pouvrai	Saint-Cyr-la-Rosière	Saint-Fulgent-des-Ormes	Saint-Germain-de-la-Coudre	Saint-Martin-du-Vieux-Bellême	Val-au-Perche	Vaunoise	Gémages|Val-au-Perche	Le Gué-de-la-Chaîne|Belforêt-en-Perche	Origny-le-Butin|Belforêt-en-Perche	Saint-Ouen-de-la-Cour|Belforêt-en-Perche	Sérigny|Belforêt-en-Perche
61140	Bagnoles de l'Orne Normandie	Juvigny Val d'Andaine	Rives d'Andaine	Bagnoles-de-l'Orne|Bagnoles de l'Orne Normandie	Beaulandais|Juvigny Val d'Andaine	Geneslay|Rives d'Andaine	Juvigny-sous-Andaine|Juvigny Val d'Andaine	La Chapelle-d'Andaine|Rives d'Andaine
61150	Avoine	Écouché-les-Vallées	Joué-du-Plain	Lougé-sur-Maire	Monts-sur-Orne	Rânes	Saint-Brice-sous-Rânes	Sevrai	Tanques	Vieux-Pont	Batilly|Écouché-les-Vallées	Écouché|Écouché-les-Vallées	Goulet|Monts-sur-Orne	La Courbe|Écouché-les-Vallées	Loucé|Écouché-les-Vallées	Montgaroult|Monts-sur-Orne	Saint-Ouen-sur-Maire|Écouché-les-Vallées	Sentilly|Monts-sur-Orne	Serans|Écouché-les-Vallées
61160	Bailleul	Brieux	Coudehard	Coulonces	Écorches	Fontaine-les-Bassets	Gouffern en Auge	Guêprei	Louvières-en-Auge	Merri	Mont-Ormel	Montabard	Montreuil-la-Cambe	Neauphe-sur-Dive	Nécy	Ommoy	Rônai	Saint-Gervais-des-Sablons	Saint-Lambert-sur-Dive	Tournai-sur-Dive	Trun	Villedieu-lès-Bailleul	Aubry-en-Exmes|Gouffern en Auge	Chambois|Gouffern en Auge	Fel|Gouffern en Auge	Omméel|Gouffern en Auge
61170	Barville	Buré	Bures	Coulonges-sur-Sarthe	Laleu	Le Mêle-sur-Sarthe	Le Ménil-Guyon	Le Plantis	Les Ventes-de-Bourse	Marchemaisons	Montchevrel	Saint-Agnan-sur-Sarthe	Saint-Aubin-d'Appenai	Saint-Julien-sur-Sarthe	Saint-Léger-sur-Sarthe	Sainte-Scolasse-sur-Sarthe
61190	Beaulieu	Charencey	Irai	La Ventrouze	Tourouvre au Perche	Autheuil|Tourouvre au Perche	Bivilliers|Tourouvre au Perche	Bresolettes|Tourouvre au Perche	Bubertré|Tourouvre au Perche	Champs|Tourouvre au Perche	La Poterie-au-Perche|Tourouvre au Perche	Lignerolles|Tourouvre au Perche	Moussonvilliers|Charencey	Normandel|Charencey	Prépotin|Tourouvre au Perche	Randonnai|Tourouvre au Perche	Saint-Maurice-lès-Charencey|Charencey	Tourouvre|Tourouvre au Perche
61200	Argentan	Aunou-le-Faucon	Commeaux	Écouché-les-Vallées	Fleuré	Gouffern en Auge	Juvigny-sur-Orne	Moulins-sur-Orne	Occagnes	Sai	Sarceaux	Sévigny	Fontenai-sur-Orne|Écouché-les-Vallées	Urou-et-Crennes|Gouffern en Auge
61210	Bazoches-au-Houlme	Champcerie	Giel-Courteilles	Habloville	La Lande-de-Lougé	Les Yveteaux	Ménil-Gondouin	Ménil-Hermei	Ménil-Vin	Montreuil-au-Houlme	Neuvy-au-Houlme	Putanges-le-Lac	Ri	Sainte-Honorine-la-Guillaume	Chênedouit|Putanges-le-Lac	La Forêt-Auvray|Putanges-le-Lac	La Fresnaye-au-Sauvage|Putanges-le-Lac	Les Rotours|Putanges-le-Lac	Ménil-Jean|Putanges-le-Lac	Putanges-Pont-Écrepin|Putanges-le-Lac	Rabodanges|Putanges-le-Lac	Saint-Aubert-sur-Orne|Putanges-le-Lac	Sainte-Croix-sur-Orne|Putanges-le-Lac
61220	Bellou-en-Houlme	Briouze	Craménil	La Coulonche	Le Ménil-de-Briouze	Lignou	Pointel	Saint-André-de-Briouze	Saint-Hilaire-de-Briouze	Saires-la-Verrerie
61230	Chaumont	Cisai-Saint-Aubin	Coulmer	Croisilles	Gacé	La Fresnaie-Fayel	La Trinité-des-Laitiers	Le Sap-André	Mardilly	Ménil-Hubert-en-Exmes	Orgères	Résenlieu	Saint-Evroult-de-Montfort
61240	Chailloué	Champ-Haut	Le Ménil-Vicomte	Lignères	Ménil-Froger	Merlerault-le-Pin	Saint-Germain-de-Clairefeuille	Godisson|Merlerault-le-Pin	La Genevraie|Merlerault-le-Pin	Le Merlerault|Merlerault-le-Pin	Les Authieux-du-Puits|Merlerault-le-Pin	Marmouillé|Chailloué	Nonant-le-Pin|Merlerault-le-Pin
61250	Colombiers	Condé-sur-Sarthe	Cuissai	Damigny	Écouves	Hauterive	Héloup	Larré	Le Ménil-Broût	Lonrai	Ménil-Erreux	Mieuxcé	Neuilly-le-Bisson	Pacé	Saint-Céneri-le-Gérei	Saint-Nicolas-des-Bois	Semallé	Valframbert
61260	Ceton	Val-au-Perche	L'Hermitière|Val-au-Perche	La Rouge|Val-au-Perche	Le Theil|Val-au-Perche	Mâle|Val-au-Perche
61270	Aube	Auguaise	Beaufai	Bonnefoi	Brethel	Écorcei	La Chapelle-Viel	Le Ménil-Bérard	Les Aspres	Les Genettes	Rai	Saint-Hilaire-sur-Risle
61290	Bizou	L'Hôme-Chamondot	Le Mage	Le Pas-Saint-l'Homer	Les Menus	Longny les Villages	La Lande-sur-Eure|Longny les Villages	Longny-au-Perche|Longny les Villages	Malétable|Longny les Villages	Marchainville|Longny les Villages	Monceaux-au-Perche|Longny les Villages	Moulicent|Longny les Villages	Neuilly-sur-Eure|Longny les Villages	Saint-Victor-de-Réno|Longny les Villages
61300	Chandai	Crulai	L'Aigle	Saint-Martin-d'Écublei	Saint-Michel-Tubœuf	Saint-Ouen-sur-Iton	Saint-Sulpice-sur-Risle	Saint-Symphorien-des-Bruyères	Vitrai-sous-Laigle
61310	Ginai	Gouffern en Auge	Le Pin-au-Haras	Avernes-sous-Exmes|Gouffern en Auge	Courménil|Gouffern en Auge	Exmes|Gouffern en Auge	La Cochère|Gouffern en Auge	Le Bourg-Saint-Léonard|Gouffern en Auge	Saint-Pierre-la-Rivière|Gouffern en Auge	Silly-en-Gouffern|Gouffern en Auge	Survie|Gouffern en Auge	Villebadin|Gouffern en Auge
61320	Carrouges	Chahains	Ciral	Joué-du-Bois	L'Orée-d'Écouves	La Lande-de-Goult	Lalacelle	Le Champ-de-la-Pierre	Le Ménil-Scelleur	Rouperroux	Saint-Ellier-les-Bois	Saint-Martin-des-Landes	Saint-Martin-l'Aiguillon	Saint-Sauveur-de-Carrouges	Sainte-Marguerite-de-Carrouges	Sainte-Marie-la-Robert	Longuenoë|L'Orée-d'Écouves	Saint-Didier-sous-Écouves|L'Orée-d'Écouves
61330	Ceaucé	Juvigny Val d'Andaine	Torchamp	La Baroche-sous-Lucé|Juvigny Val d'Andaine	Loré|Juvigny Val d'Andaine	Lucé|Juvigny Val d'Andaine	Saint-Denis-de-Villenette|Juvigny Val d'Andaine	Sept-Forges|Juvigny Val d'Andaine
61340	Berd'huis	Cour-Maugis sur Huisne	Perche en Nocé	Saint-Hilaire-sur-Erre	Saint-Pierre-la-Bruyère	Val-au-Perche	Colonard-Corubert|Perche en Nocé	Dancé|Perche en Nocé	Nocé|Perche en Nocé	Préaux-du-Perche|Perche en Nocé	Saint-Agnan-sur-Erre|Val-au-Perche	Saint-Aubin-des-Grois|Perche en Nocé	Saint-Jean-de-la-Forêt|Perche en Nocé
61350	Mantilly	Passais Villages	Saint-Fraimbault	Saint-Mars-d'Égrenne	Saint-Roch-sur-Égrenne	L'Épinay-le-Comte|Passais Villages	Saint-Siméon|Passais Villages
61360	Belforêt-en-Perche	Bellavilliers	Chemilli	Coulimer	Montgaudry	Pervenchères	Saint-Jouin-de-Blavou	Saint-Quentin-de-Blavou	Suré	Vidai	La Perrière|Belforêt-en-Perche
61370	Échauffour	Planches	Saint-Pierre-des-Loges	Sainte-Gauburge-Sainte-Colombe
61380	Bonsmoulins	La Ferrière-au-Doyen	Mahéru	Moulins-la-Marche	Saint-Aquilin-de-Corbion	Saint-Martin-des-Pézerits	Sainte-Céronne-lès-Mortagne	Soligny-la-Trappe
61390	Brullemail	Courtomer	Fay	Ferrières-la-Verrerie	Gâprée	Le Chalange	Saint-Germain-le-Vieux	Saint-Léonard-des-Parcs	Tellières-le-Plessis	Trémont
61400	Belforêt-en-Perche	Comblot	Corbon	Courgeon	Feings	La Chapelle-Montligeon	Le Pin-la-Garenne	Loisail	Mauves-sur-Huisne	Mortagne-au-Perche	Parfondeval	Réveillon	Saint-Denis-sur-Huisne	Saint-Hilaire-le-Châtel	Saint-Langis-lès-Mortagne	Saint-Mard-de-Réno	Villiers-sous-Mortagne	Eperrais|Belforêt-en-Perche
61410	La Ferté Macé	Méhoudin	Rives d'Andaine	Saint-Ouen-le-Brisoult	Tessé-Froulay	Antoigny|La Ferté Macé	Couterne|Rives d'Andaine	Haleine|Rives d'Andaine
61420	Gandelain	L'Orée-d'Écouves	La Ferrière-Bochard	La Roche-Mabile	Saint-Denis-sur-Sarthon	Fontenai-les-Louvets|L'Orée-d'Écouves	Livaie|L'Orée-d'Écouves
61430	Athis-Val de Rouvre	Berjou	Cahan	Ménil-Hubert-sur-Orne	Saint-Philbert-sur-Orne	Sainte-Honorine-la-Chardonne	Athis-de-l'Orne|Athis-Val de Rouvre
61440	Échalou	Messei	Saint-André-de-Messei
61450	Banvou	La Ferrière-aux-Étangs	Le Châtellier
61470	Avernes-Saint-Gourgon	La Ferté-en-Ouche	Le Bosc-Renoult	Saint-Aubin-de-Bonneval	Saint-Germain-d'Aunay	Sap-en-Auge	Heugon|La Ferté-en-Ouche	Le Sap|Sap-en-Auge	Monnai|La Ferté-en-Ouche
61490	Saint-Clair-de-Halouze
61500	Aunay-les-Bois	Aunou-sur-Orne	Belfonds	Boitron	Bursard	Chailloué	Essay	La Chapelle-près-Sées	La Ferrière-Béchet	Le Bouillon	Le Cercueil	Macé	Mortrée	Neauphe-sous-Essai	Saint-Gervais-du-Perron	Sées	Tanville	Neuville-près-Sées|Chailloué	Saint-Hilaire-la-Gérard|Mortrée
61550	La Ferté-en-Ouche	La Gonfrière	Saint-Evroult-Notre-Dame-du-Bois	Saint-Nicolas-de-Sommaire	Touquettes	Anceins|La Ferté-en-Ouche	Bocquencé|La Ferté-en-Ouche	Couvains|La Ferté-en-Ouche	Gauville|La Ferté-en-Ouche	Glos-la-Ferrière|La Ferté-en-Ouche	La Ferté-Frênel|La Ferté-en-Ouche	Saint-Nicolas-des-Laitiers|La Ferté-en-Ouche	Villers-en-Ouche|La Ferté-en-Ouche
61560	Bazoches-sur-Hoëne	Boëcé	Champeaux-sur-Sarthe	Courgeoût	La Mesnière	Saint-Aubin-de-Courteraie	Saint-Germain-de-Martigny	Saint-Ouen-de-Sécherouvre
61570	Almenêches	Boischampré	Boissei-la-Lande	Boucé	Francheville	La Bellière	Le Château-d'Almenêches	Médavy	Montmerrei	Mortrée	Marcei|Boischampré	Saint-Loyer-des-Champs|Boischampré	Vrigny|Boischampré
61600	Bagnoles de l'Orne Normandie	Beauvain	Faverolles	La Chaux	La Ferté Macé	La Motte-Fouquet	Le Grais	Les Monts d'Andaine	Lonlay-le-Tesson	Magny-le-Désert	Saint-Georges-d'Annebecq	Saint-Patrice-du-Désert	La Sauvagère|Les Monts d'Andaine	Saint-Maurice-du-Désert|Les Monts d'Andaine	Saint-Michel-des-Andaines|Bagnoles de l'Orne Normandie
61700	Avrilly	Champsecret	Domfront en Poiraie	Dompierre	Lonlay-l'Abbaye	Perrou	Saint-Bômer-les-Forges	Saint-Brice	Saint-Gilles-des-Marais	Domfront|Domfront en Poiraie	La Haute-Chapelle|Domfront en Poiraie	Rouellé|Domfront en Poiraie
61790	Saint-Pierre-du-Regard
61800	Chanu	Le Ménil-Ciboult	Moncy	Montsecret-Clairefougère	Saint-Christophe-de-Chaulieu	Saint-Pierre-d'Entremont	Saint-Quentin-les-Chardonnets	Tinchebray-Bocage	Beauchêne|Tinchebray-Bocage	Clairefougère|Montsecret-Clairefougère	Frênes|Tinchebray-Bocage	Larchamp|Tinchebray-Bocage	Saint-Cornier-des-Landes|Tinchebray-Bocage	Saint-Jean-des-Bois|Tinchebray-Bocage	Yvrandes|Tinchebray-Bocage
62000	Arras	Dainville
62100	Calais
62110	Hénin-Beaumont
62111	Bienvillers-au-Bois	Foncquevillers	Gommecourt	Hannescamps	Hébuterne	Monchy-au-Bois	Pommier	Sailly-au-Bois	Souastre
62112	Corbehem	Gouy-sous-Bellonne
62113	Labourse	Sailly-Labourse	Verquigneul
62114	Sains-en-Gohelle
62116	Ablainzevelle	Adinfer	Ayette	Bucquoy	Douchy-lès-Ayette	Puisieux
62117	Brebières
62118	Biache-Saint-Vaast	Fampoux	Hamblain-les-Prés	Monchy-le-Preux	Pelves	Plouvain	Rœux
62119	Dourges
62120	Aire-sur-la-Lys	Blessy	Campagne-lès-Wardrecques	Lambres-lez-Aire	Linghem	Mametz	Mazinghem	Norrent-Fontes	Quernes	Quiestède	Racquinghem	Rely	Rombly	Roquetoire	Saint-Augustin	Saint-Hilaire-Cottes	Wardrecques	Witternesse	Wittes
62121	Achiet-le-Grand	Achiet-le-Petit	Béhagnies	Bihucourt	Courcelles-le-Comte	Ervillers	Gomiécourt	Hamelincourt	Moyenneville	Sapignies
62122	Labeuvrière	Lapugnoy
62123	Bailleulmont	Bailleulval	Basseux	Beaumetz-lès-Loges	Berles-au-Bois	Berneville	Gouves	Gouy-en-Artois	Habarcq	Monchiet	Montenescourt	Noyellette	Simencourt	Wanquetin	Warlus
62124	Barastre	Beaumetz-lès-Cambrai	Bertincourt	Beugny	Bus	Haplincourt	Lebucquière	Léchelle	Metz-en-Couture	Morchies	Neuville-Bourjonval	Ruyaulcourt	Vélu	Ytres
62126	Conteville-lès-Boulogne	Pernes-lès-Boulogne	Pittefaux	Wimille
62127	Ambrines	Averdoingt	Bailleul-aux-Cornailles	Chelers	Frévillers	Gouy-en-Ternois	Ligny-Saint-Flochel	Magnicourt-en-Comte	Maizières	Marquay	Monchy-Breton	Penin	Ternas	Tincques	Villers-Sir-Simon
62128	Boiry-Becquerelle	Boyelles	Bullecourt	Chérisy	Croisilles	Écoust-Saint-Mein	Fontaine-lès-Croisilles	Guémappe	Hénin-sur-Cojeul	Héninel	Noreuil	Saint-Léger	Saint-Martin-sur-Cojeul	Wancourt
62129	Bellinghem	Delettes	Ecques	Saint-Augustin	Thérouanne	Herbelles|Bellinghem	Inghem|Bellinghem
62130	Beauvois	Bermicourt	Brias	Buneville	Conteville-en-Ternois	Croisette	Croix-en-Ternois	Foufflin-Ricametz	Framecourt	Gauchin-Verloingt	Guinecourt	Hautecloque	Héricourt	Herlin-le-Sec	Herlincourt	Hernicourt	Huclier	Humerœuille	Humières	La Thieuloye	Maisnil	Monts-en-Ternois	Neuville-au-Cornet	Ostreville	Pierremont	Ramecourt	Roëllecourt	Saint-Michel-sur-Ternoise	Saint-Pol-sur-Ternoise	Siracourt	Troisvaux	Œuf-en-Ternois	Wavrans-sur-Ternoise
62131	Drouvin-le-Marais	Vaudricourt	Verquin
62132	Boursin	Caffiers	Fiennes	Hardinghen	Hermelinghen
62134	Anvin	Bergueneuse	Boyaval	Eps	Équirre	Érin	Fiefs	Fleury	Fontaine-lès-Boulans	Heuchin	Lisbourg	Monchy-Cayeux	Prédefin	Teneur	Tilly-Capelle
62136	La Couture	Lestrem	Richebourg	Vieille-Chapelle
62137	Coulogne
62138	Auchy-les-Mines	Billy-Berclau	Douvrin	Haisnes	Violaines
62140	Aubin-Saint-Vaast	Bouin-Plumoison	Brévillers	Capelle-lès-Hesdin	Caumont	Cavron-Saint-Martin	Chériennes	Fressin	Grigny	Guigny	Guisy	Hesdin-la-Forêt	La Loge	Labroye	Le Quesnoy-en-Artois	Marconnelle	Mouriez	Raye-sur-Authie	Regnauville	Tortefontaine	Vacqueriette-Erquières	Wambercourt	Hesdin|Hesdin-la-Forêt	Huby-Saint-Leu|Hesdin-la-Forêt	Marconne|Hesdin-la-Forêt	Sainte-Austreberthe|Hesdin-la-Forêt
62141	Évin-Malmaison
62142	Alincthun	Belle-et-Houllefort	Bellebrune	Colembert	Henneveux	Le Wast	Longueville	Nabringhen
62143	Angres
62144	Acq	Carency	Haute-Avesnes	Mont-Saint-Éloi	Villers-au-Bois
62145	Enquin-lez-Guinegatte	Estrée-Blanche	Liettres	Enguinegatte|Enquin-lez-Guinegatte	Enquin-les-Mines|Enquin-lez-Guinegatte
62147	Graincourt-lès-Havrincourt	Havrincourt	Hermies	Trescault
62149	Annequin	Cambrin	Cuinchy	Festubert	Givenchy-lès-la-Bassée
62150	Bajus	Beugin	Caucourt	Fresnicourt-le-Dolmen	Gauchin-Légal	Hermin	Houdain	La Comté	Rebreuve-Ranchicourt
62151	Burbure
62152	Nesles	Neufchâtel-Hardelot
62153	Ablain-Saint-Nazaire	Souchez
62155	Merlimont
62156	Boiry-Notre-Dame	Dury	Étaing	Éterpigny	Haucourt	Rémy	Vis-en-Artois
62157	Allouagne
62158	Bavincourt	Coullemont	Couturelle	Humbercamps	La Cauchie	La Herlière	Saulty
62159	Lagnicourt-Marcel	Mory	Vaulx-Vraucourt
62160	Aix-Noulette	Bully-les-Mines	Grenay
62161	Agnez-lès-Duisans	Duisans	Étrun	Marœuil
62162	Saint-Omer-Capelle	Vieille-Église
62164	Ambleteuse	Audresselles
62170	Aix-en-Issart	Attin	Beaumerie-Saint-Martin	Bernieulles	Beussent	Beutin	Boisjean	Bréxent-Énocq	Brimeux	Campigneulles-les-Grandes	Campigneulles-les-Petites	Écuires	Estrée	Estréelles	Inxent	La Calotterie	La Madelaine-sous-Montreuil	Lépine	Marant	Marles-sur-Canche	Montcavrel	Montreuil-sur-Mer	Neuville-sous-Montreuil	Recques-sur-Course	Saint-Aubin	Saint-Josse	Sempy	Sorrus	Wailly-Beaucamp
62172	Bouvigny-Boyeffles
62173	Blairville	Ficheux	Ransart	Rivière
62175	Boiry-Saint-Martin	Boiry-Sainte-Rictrude	Boisleux-au-Mont	Boisleux-Saint-Marc	Hendecourt-lès-Ransart
62176	Camiers
62179	Audinghen	Escalles	Hervelinghen	Tardinghen	Wissant
62180	Airon-Notre-Dame	Airon-Saint-Vaast	Colline-Beaumont	Conchil-le-Temple	Nempont-Saint-Firmin	Rang-du-Fliers	Tigny-Noyelle	Verton	Waben
62182	Cagnicourt	Hendecourt-lès-Cagnicourt	Riencourt-lès-Cagnicourt	Villers-lès-Cagnicourt
62185	Fréthun	Nielles-lès-Calais	Saint-Tricat
62187	Dannes
62190	Ames	Auchy-au-Bois	Bourecq	Ecquedecques	Ham-en-Artois	Lespesses	Lières	Lillers
62196	Hesdigneul-lès-Béthune
62199	Gosnay
62200	Boulogne-sur-Mer
62210	Avion
62215	Oye-Plage
62217	Achicourt	Agny	Beaurains	Mercatel	Neuville-Vitasse	Tilloy-lès-Mofflaines	Wailly
62218	Loison-sous-Lens
62219	Longuenesse	Wisques
62220	Carvin
62221	Noyelles-sous-Lens
62223	Anzin-Saint-Aubin	Athies	Écurie	Feuchy	Roclincourt	Saint-Laurent-Blangy	Saint-Nicolas	Sainte-Catherine
62224	Équihen-Plage
62230	Outreau
62231	Coquelles	Peuplingues	Sangatte
62232	Annezin	Fouquereuil	Fouquières-lès-Béthune	Hinges	Vendin-lès-Béthune
62240	Bécourt	Bournonville	Brunembert	Courset	Crémarest	Desvres	Longfossé	Lottinghen	Menneville	Quesques	Saint-Martin-Choquel	Selles	Senlecques	Vieil-Moutier	Wirwignes
62250	Audembert	Bazinghen	Beuvrequen	Ferques	Landrethun-le-Nord	Leubringhen	Leulinghen-Bernes	Maninghen-Henne	Marquise	Offrethun	Saint-Inglevert	Wacquinghen
62260	Amettes	Auchel	Cauchy-à-la-Tour	Ferfay
62270	Blangerval-Blangermont	Bonnières	Boubers-sur-Canche	Bouret-sur-Canche	Canettemont	Conchy-sur-Canche	Écoivres	Flers	Fortel-en-Artois	Frévent	Houvin-Houvigneul	Ligny-sur-Canche	Linzeux	Magnicourt-sur-Canche	Moncheaux-lès-Frévent	Monchel-sur-Canche	Nuncq-Hautecôte	Rebreuve-sur-Canche	Rebreuviette	Séricourt	Sibiville	Vacquerie-le-Boucq
62280	Saint-Martin-Boulogne
62290	Nœux-les-Mines
62300	Éleu-dit-Leauwette	Lens
62310	Ambricourt	Avondance	Azincourt	Canlers	Coupelle-Neuve	Coupelle-Vieille	Crépy	Créquy	Fruges	Hézecques	Lugy	Maisoncelle	Matringhem	Mencas	Planques	Radinghem	Ruisseauville	Sains-lès-Fressin	Senlis	Torcy	Tramecourt	Verchin	Vincly
62320	Acheville	Bois-Bernard	Drocourt	Rouvroy
62330	Guarbecque	Isbergues	Berguette|Isbergues	Molinghem|Isbergues
62340	Andres	Bonningues-lès-Calais	Bouquehault	Campagne-lès-Guines	Guînes	Hames-Boucres	Pihen-lès-Guînes
62350	Busnes	Calonne-sur-la-Lys	Mont-Bernanchon	Robecq	Saint-Floris	Saint-Venant
62360	Baincthun	Condette	Echinghen	Hesdigneul-lès-Boulogne	Hesdin-l'Abbé	Isques	La Capelle-lès-Boulogne	Saint-Étienne-au-Mont	Saint-Léonard
62370	Audruicq	Guemps	Nortkerque	Nouvelle-Église	Offekerque	Polincove	Ruminghem	Saint-Folquin	Sainte-Marie-Kerque	Zutkerque
62380	Acquin-Westbécourt	Affringues	Bayenghem-lès-Seninghem	Bléquin	Bouvelinghem	Cléty	Coulomby	Dohem	Elnes	Esquerdes	Ledinghem	Lumbres	Nielles-lès-Bléquin	Ouve-Wirquin	Quercamps	Remilly-Wirquin	Seninghem	Setques	Vaudringhem	Wavrans-sur-l'Aa	Wismes
62390	Aubrometz	Auxi-le-Château	Beauvoir-Wavans	Boffles	Buire-au-Bois	Fontaine-l'Étalon	Gennes-Ivergny	Haravesnes	Le Ponchel	Nœux-lès-Auxi	Quœux-Haut-Maînil	Rougefay	Tollent	Vaulx	Villers-l'Hôpital	Willencourt
62400	Béthune	Essars	Locon
62410	Bénifontaine	Hulluch	Meurchin	Wingles
62420	Billy-Montigny
62430	Sallaumines
62440	Harnes
62450	Avesnes-lès-Bapaume	Bancourt	Bapaume	Beaulencourt	Beugnâtre	Biefvillers-lès-Bapaume	Favreuil	Frémicourt	Grévillers	Le Sars	Le Transloy	Ligny-Thilloy	Martinpuich	Morval	Riencourt-lès-Bapaume	Rocquigny	Villers-au-Flos	Warlencourt-Eaucourt
62460	Diéval	Divion	Ourton
62470	Calonne-Ricouart	Camblain-Châtelain
62480	Le Portel
62490	Bellonne	Fresnes-lès-Montauban	Izel-lès-Équerchin	Noyelles-sous-Bellonne	Quiéry-la-Motte	Sailly-en-Ostrevent	Tortequesne	Vitry-en-Artois
62500	Boisdinghem	Clairmarais	Leulinghem	Quelmes	Saint-Martin-lez-Tatinghem	Saint-Omer	Salperwick	Tilques	Zudausques
62510	Arques
62520	Le Touquet-Paris-Plage
62530	Gouy-Servins	Hersin-Coupigny	Servins
62540	Lozinghem	Marles-les-Mines
62550	Aumerval	Bailleul-lès-Pernes	Bours	Floringhem	Fontaine-lès-Hermans	Hestrus	Marest	Nédon	Nédonchel	Pernes	Pressy	Sachin	Sains-lès-Pernes	Tangry	Valhuon
62560	Audincthun	Avroult	Coyecques	Dennebrœucq	Fauquembergues	Merck-Saint-Liévin	Reclinghem	Renty	Saint-Martin-d'Hardinghem	Thiembronne	Verchocq
62570	Hallines	Helfaut	Pihem	Wizernes
62575	Blendecques	Heuringhem
62580	Arleux-en-Gohelle	Bailleul-Sir-Berthoult	Farbus	Fresnoy-en-Gohelle	Gavrelle	Givenchy-en-Gohelle	Neuville-Saint-Vaast	Neuvireuil	Oppy	Thélus	Vimy	Willerval
62590	Oignies
62600	Berck	Groffliers
62610	Ardres	Autingues	Balinghem	Brêmes	Landrethun-lès-Ardres	Louches	Nielles-lès-Ardres	Rodelinghem
62620	Barlin	Houchin	Maisnil-lès-Ruitz	Ruitz
62630	Cormont	Étaples	Frencq	Hubersent	Lefaux	Longvilliers	Maresville	Tubersent	Widehem
62640	Montigny-en-Gohelle
62650	Aix-en-Ergny	Alette	Avesnes	Bezinghem	Bimont	Bourthes	Campagne-lès-Boulonnais	Clenleu	Enquin-sur-Baillons	Ergny	Herly	Hucqueliers	Humbert	Maninghem	Parenty	Preures	Quilen	Rumilly	Saint-Michel-sous-Bois	Wicquinghem	Zoteux
62660	Beuvry
62670	Mazingarbe
62680	Méricourt
62690	Agnières	Aubigny-en-Artois	Berles-Monchel	Béthonsart	Camblain-l'Abbé	Cambligneul	Capelle-Fermont	Estrée-Cauchy	Frévin-Capelle	Hermaville	Izel-lès-Hameau	Mingoval	Savy-Berlette	Tilloy-lès-Hermaville	Villers-Brûlin	Villers-Châtel
62700	Bruay-la-Buissière	Labuissière|Bruay-la-Buissière
62710	Courrières
62720	Rety	Rinxent	Wierre-Effroy
62730	Les Attaques	Marck
62740	Fouquières-lès-Lens
62750	Loos-en-Gohelle
62760	Amplier	Couin	Famechon	Gaudiempré	Grincourt-lès-Pas	Halloy	Hénu	Mondicourt	Orville	Pas-en-Artois	Pommera	Saint-Amand	Sarton	Thièvres	Warlincourt-lès-Pas
62770	Auchy-lès-Hesdin	Béalencourt	Blangy-sur-Ternoise	Blingel	Éclimeux	Fillièvres	Fresnoy	Galametz	Incourt	Le Parcq	Neulette	Noyelles-lès-Humières	Rollancourt	Saint-Georges	Vieil-Hesdin	Wail	Wamin	Willeman
62780	Cucq
62790	Leforest
62800	Liévin
62810	Avesnes-le-Comte	Barly	Beaudricourt	Beaufort-Blavincourt	Berlencourt-le-Cauroy	Denier	Estrée-Wamin	Fosseux	Givenchy-le-Noble	Grand-Rullecourt	Hauteville	Ivergny	Lattre-Saint-Quentin	Le Souich	Liencourt	Lignereuil	Manin	Noyelle-Vion	Sars-le-Bois	Sombrin	Sus-Saint-Léger	Warluzel
62820	Libercourt
62830	Carly	Doudeauville	Halinghen	Lacres	Questrecques	Samer	Tingry	Verlincthun	Wierre-au-Bois
62840	Fleurbaix	Laventie	Lorgies	Neuve-Chapelle	Sailly-sur-la-Lys
62850	Alembon	Alquines	Bainghen	Escœuilles	Haut-Loquin	Herbinghen	Hocquinghen	Journy	Licques	Rebergues	Sanghen	Surques
62860	Baralle	Bourlon	Buissy	Écourt-Saint-Quentin	Épinoy	Inchy-en-Artois	Marquion	Oisy-le-Verger	Palluel	Pronville-en-Artois	Quéant	Récourt	Rumaucourt	Sains-lès-Marquion	Sauchy-Cauchy	Sauchy-Lestrée	Saudemont
62870	Buire-le-Sec	Campagne-lès-Hesdin	Douriez	Gouy-Saint-André	Maintenay	Roussent	Saint-Rémy-au-Bois	Saulchoy
62880	Annay	Estevelles	Pont-à-Vendin	Vendin-le-Vieil
62890	Audrehem	Bonningues-lès-Ardres	Clerques	Mentque-Nortbécourt	Muncq-Nieurlet	Nordausques	Nort-Leulinghem	Recques-sur-Hem	Tournehem-sur-la-Hem	Zouafques
62910	Bayenghem-lès-Éperlecques	Éperlecques	Houlle	Moringhem	Moulle	Serques
62920	Chocques	Gonnehem	Oblinghem
62930	Wimereux
62940	Haillicourt
62950	Noyelles-Godault
62960	Beaumetz-lès-Aire	Bomy	Erny-Saint-Julien	Febvin-Palfart	Fléchin	Laires	Ligny-lès-Aire	Westrehem
62970	Courcelles-lès-Lens
62980	Noyelles-lès-Vermelles	Vermelles
62990	Beaurainville	Boubers-lès-Hesmond	Contes	Embry	Hesmond	Lebiez	Lespinoy	Loison-sur-Créquoise	Marenla	Maresquel-Ecquemicourt	Offin	Rimboval	Royon	Saint-Denœux
63000	Clermont-Ferrand
63100	Clermont-Ferrand
63110	Beaumont
63111	Mur-sur-Allier	Dallet|Mur-sur-Allier
63112	Blanzat
63113	Picherande
63114	Authezat	Coudes	Montpeyroux
63115	Mur-sur-Allier	Mezel|Mur-sur-Allier
63116	Beauregard-l'Évêque
63117	Chauriat
63118	Cébazat
63119	Châteaugay
63120	Aubusson-d'Auvergne	Courpière	Néronde-sur-Dore	Sainte-Agathe	Sauviat	Sermentizon	Vollore-Montagne	Vollore-Ville
63122	Ceyrat	Saint-Genès-Champanelle
63130	Royat
63140	Châtel-Guyon
63150	La Bourboule	Murat-le-Quaire
63160	Billom	Bongheat	Chas	Égliseneuve-près-Billom	Espirat	Fayet-le-Château	Glaine-Montaigut	Mauzun	Montmorin	Neuville	Reignat	Saint-Julien-de-Coppel
63170	Aubière	Pérignat-lès-Sarliève
63190	Bort-l'Étang	Lempty	Lezoux	Moissat	Orléat	Ravel	Saint-Jean-d'Heurs	Seychalles
63200	Chambaron sur Morge	Davayat	Gimeaux	Le Cheix-sur-Morge	Malauzat	Marsat	Ménétrol	Mozac	Pessat-Villeneuve	Prompsat	Riom	Saint-Bonnet-près-Riom	Yssac-la-Tourette
63210	Aurières	Ceyssat	Heume-l'Église	Nébouzat	Olby	Orcival	Perpezat	Rochefort-Montagne	Saint-Bonnet-près-Orcival	Saint-Pierre-Roche	Vernines
63220	Arlanc	Beurières	Chaumont-le-Bourg	Doranges	Dore-l'Église	Mayres	Medeyrolles	Novacelles	Saint-Alyre-d'Arlanc	Saint-Sauveur-la-Sagne
63230	Bromont-Lamothe	Chapdes-Beaufort	La Goutelle	Mazaye	Montfermy	Pontgibaud	Pulvérières	Saint-Jacques-d'Ambur	Saint-Ours	Saint-Pierre-le-Chastel
63240	Mont-Dore
63250	Arconsat	Celles-sur-Durolle	Chabreloche	Viscomtat
63260	Aigueperse	Aubiat	Bussières-et-Pruns	Chaptuzat	Effiat	Montpensier	Saint-Agoulin	Saint-Genès-du-Retz	Sardon	Thuret	Vensat
63270	Busséol	Isserteaux	Laps	Manglieu	Parent	Pignols	Saint-Maurice	Sallèdes	Vic-le-Comte	Yronde-et-Buron
63290	Charnat	Châteldon	Lachaux	Limons	Noalhat	Paslières	Puy-Guillaume	Ris
63300	Dorat	Escoutoux	Thiers
63310	Bas-et-Lezat	Beaumont-lès-Randan	Mons	Randan	Saint-André-le-Coq	Saint-Clément-de-Régnat	Saint-Denis-Combarnazat	Saint-Priest-Bramefant	Saint-Sylvestre-Pragoulin	Villeneuve-les-Cerfs
63320	Chadeleuf	Champeix	Chassagne	Clémensat	Courgoul	Grandeyrolles	Les Deux-Rives	Ludesse	Meilhaud	Montaigut-le-Blanc	Neschers	Saint-Diéry	Saint-Floret	Saint-Vincent	Saurier	Tourzel-Ronzières	Verrières	Chidrac|Les Deux-Rives	Saint-Cirgues-sur-Couze|Les Deux-Rives
63330	Bussières	Château-sur-Cher	La Cellette	Le Quartier	Pionsat	Roche-d'Agoux	Saint-Hilaire	Saint-Maigner	Saint-Maurice-près-Pionsat	Vergheas	Virlet
63340	Antoingt	Augnat	Boudes	Chalus	Charbonnier-les-Mines	Collanges	Dauzat-sur-Vodable	Gignat	Le Breuil-sur-Couze	Madriat	Mareugheol	Moriat	Nonette-Orsonnette	Saint-Germain-Lembron	Saint-Gervazy	Saint-Hérent	Ternant-les-Eaux	Vichel	Villeneuve
63350	Bulhon	Crevant-Laveine	Culhat	Joze	Luzillat	Maringues	Saint-Laure	Vinzelles
63360	Gerzat	Lussat	Saint-Beauzire
63370	Lempdes
63380	Combrailles	Condat-en-Combraille	Landogne	Miremont	Montel-de-Gelat	Pontaumur	Saint-Avit-d'Auvergne	Saint-Étienne-des-Champs	Saint-Hilaire-les-Monges	Tralaigues	Villossanges
63390	Ayat-sur-Sioule	Châteauneuf-les-Bains	Espinasse	Gouttières	Saint-Gervais-d'Auvergne	Saint-Julien-la-Geneste	Sainte-Christine	Sauret-Besserve
63400	Chamalières
63410	Charbonnières-les-Varennes	Charbonnières-les-Vieilles	Loubeyrat	Manzat	Saint-Angel	Vitrac
63420	Anzat-le-Luguet	Apchat	Ardes	La Chapelle-Marcousse	Mazoires	Rentières	Roche-Charles-la-Mayrand	Saint-Alyre-ès-Montagne
63430	Les Martres-d'Artière	Pont-du-Château
63440	Blot-l'Église	Champs	Lisseuil	Marcillat	Pouzol	Saint-Gal-sur-Sioule	Saint-Hilaire-la-Croix	Saint-Pardoux	Saint-Quintin-sur-Sioule	Saint-Rémy-de-Blot
63450	Chanonat	Cournols	Le Crest	Olloix	Saint-Amant-Tallende	Saint-Sandoux	Saint-Saturnin	Tallende
63460	Artonne	Beauregard-Vendon	Combronde	Jozerand	Montcel	Saint-Myon	Teilhède
63470	Herment	Prondines	Puy-Saint-Gulmier	Saint-Germain-près-Herment	Sauvagnat	Tortebesse	Verneugheol
63480	Bertignat	Marat	Saint-Pierre-la-Bourlhonne	Vertolaye
63490	Brousse	Condat-lès-Montboissier	Égliseneuve-des-Liards	Saint-Jean-en-Val	Saint-Quentin-sur-Sauxillanges	Sauxillanges	Sugères	Usson
63500	Aulhat-Flat	Bergonne	Brenat	Issoire	Le Broc	Les Pradeaux	Orbeil	Pardines	Parentignat	Perrier	Saint-Babel	Saint-Rémy-de-Chargnat	Saint-Yvoine	Sauvagnat-Sainte-Marthe	Solignat	Varennes-sur-Usson	Vodable	Aulhat-Saint-Privat|Aulhat-Flat	Flat|Aulhat-Flat
63510	Aulnat	Malintrat
63520	Ceilloux	Domaize	Estandeuil	Saint-Dier-d'Auvergne	Saint-Flour-l'Étang	Saint-Jean-des-Ollières	Trézioux
63530	Chanat-la-Mouteyre	Enval	Sayat	Volvic
63540	Romagnat
63550	Palladuc	Saint-Rémy-sur-Durolle	Saint-Victor-Montvianeix
63560	Menat	Neuf-Église	Servant	Teilhet
63570	Auzat-la-Combelle	Bansat	Beaulieu	Brassac-les-Mines	Esteil	Jumeaux	Lamontgie	Saint-Jean-Saint-Gervais	Saint-Martin-des-Plains
63580	Champagnat-le-Jeune	La Chapelle-sur-Usson	Le Vernet-Chaméane	Peslières	Saint-Étienne-sur-Usson	Saint-Genès-la-Tourette	Saint-Martin-d'Ollières	Sainte-Catherine	Valz-sous-Châteauneuf	Chaméane|Le Vernet-Chaméane	Vernet-la-Varenne|Le Vernet-Chaméane
63590	Auzelles	Cunlhat	La Chapelle-Agnon	Tours-sur-Meymont
63600	Ambert	Baffie	Champétières	Grandrif	La Forie	Saint-Ferréol-des-Côtes	Saint-Just	Saint-Martin-des-Olmes	Thiolières	Valcivières
63610	Besse-et-Saint-Anastaise	Compains	Saint-Pierre-Colamine	Valbeleix	Saint-Anastaise|Besse-et-Saint-Anastaise
63620	Fernoël	Giat	La Celle	Voingt
63630	Fayet-Ronaye	Saint-Bonnet-le-Bourg	Saint-Bonnet-le-Chastel	Saint-Germain-l'Herm
63640	Biollet	Charensat	Saint-Priest-des-Champs
63650	La Monnerie-le-Montel
63660	La Chaulme	Saint-Anthème	Saint-Clément-de-Valorgue	Saint-Romain
63670	La Roche-Blanche	Le Cendre	Orcet
63680	Chastreix	La Tour-d'Auvergne	Saint-Donat
63690	Avèze	Labessette	Larodde	Singles	Tauves
63700	Ars-les-Favets	Buxières-sous-Montaigut	Durmignat	La Crouzille	Lapeyrouse	Montaigut-en-Combraille	Moureuille	Saint-Éloy-les-Mines	Youx
63710	Le Vernet-Sainte-Marguerite	Saint-Nectaire
63720	Chappes	Chavaroux	Clerlande	Ennezat	Entraigues	Martres-sur-Morge	Saint-Ignat	Surat	Varennes-sur-Morge
63730	Corent	La Sauvetat	Les Martres-de-Veyre	Mirefleurs	Plauzat
63740	Cisternes-la-Forêt	Gelles
63750	Messeix	Savennes
63760	Bourg-Lastic	Lastic	Saint-Sulpice
63770	Les Ancizes-Comps
63780	Queuille	Saint-Georges-de-Mons
63790	Chambon-sur-Lac	Murol	Saint-Victor-la-Rivière
63800	Cournon-d'Auvergne	La Roche-Noire	Pérignat-sur-Allier	Saint-Bonnet-lès-Allier	Saint-Georges-sur-Allier
63810	Bagnols	Cros	Trémouille-Saint-Loup
63820	Briffons	Laqueuille	Saint-Julien-Puy-Lavèze
63830	Durtol	Nohanent
63840	Églisolles	Saillant	Sauvessanges	Viverols
63850	Égliseneuve-d'Entraigues	Espinchal	La Godivelle	Saint-Genès-Champespe
63870	Orcines
63880	Le Brugeron	Olliergues	Olmet	Saint-Gervais-sous-Meymont
63890	Grandval	Le Monestier	Saint-Amant-Roche-Savine	Saint-Éloy-la-Glacière
63910	Bouzel	Vassel	Vertaizon
63920	Peschadoires
63930	Augerolles	La Renaudie
63940	Marsac-en-Livradois
63950	Saint-Sauves-d'Auvergne
63960	Veyre-Monton
63970	Aydat	Saulzet-le-Froid
63980	Aix-la-Fayette	Chambon-sur-Dolore	Échandelys	Fournols
63990	Job
64000	Pau
64100	Bayonne
64110	Gelos	Jurançon	Laroin	Mazères-Lezons	Rontignon	Saint-Faust	Uzos
64120	Aïcirits-Camou-Suhast	Amendeuix-Oneix	Amorots-Succos	Arbérats-Sillègue	Arbouet-Sussaute	Arhansus	Aroue-Ithorots-Olhaïby	Arraute-Charritte	Béguios	Béhasque-Lapiste	Beyrie-sur-Joyeuse	Bunus	Domezain-Berraute	Etcharry	Gabat	Garris	Hosta	Ibarrolle	Ilharre	Juxue	Labets-Biscay	Larceveau-Arros-Cibits	Larribar-Sorhapuru	Lohitzun-Oyhercq	Luxe-Sumberraute	Masparraute	Méharin	Orègue	Orsanco	Ostabat-Asme	Pagolle	Saint-Just-Ibarre	Saint-Palais	Uhart-Mixe	Camou-Mixe-Suhast|Aïcirits-Camou-Suhast	Ithorots-Olhaïby|Aroue-Ithorots-Olhaïby
64121	Montardon	Serres-Castet
64122	Urrugne
64130	Ainharp	Arrast-Larrebieu	Aussurucq	Barcus	Berrogain-Laruns	Charritte-de-Bas	Chéraute	Espès-Undurein	Garindein	Gotein-Libarrenx	Idaux-Mendy	L'Hôpital-Saint-Blaise	Lichos	Mauléon-Licharre	Menditte	Moncayolle-Larrory-Mendibieu	Musculdy	Ordiarp	Roquiague	Viodos-Abense-de-Bas
64140	Billère	Lons
64150	Abidos	Bésingrand	Lagor	Lahourcade	Mourenx	Noguères	Os-Marsillon	Pardies	Sauvelade	Vielleségure
64160	Abère	Anos	Barinque	Bernadets	Buros	Carrère	Coslédaà-Lube-Boast	Escoubès	Espéchède	Gabaston	Gerderest	Higuères-Souye	Lespourcy	Lombia	Lussagnet-Lusson	Maucor	Monassut-Audiracq	Morlaàs	Ouillon	Riupeyrous	Saint-Armou	Saint-Castin	Saint-Jammes	Saint-Laurent-Bretagne	Sedze-Maubecq	Sedzère	Serres-Morlaàs	Sévignacq	Urost
64170	Artix	Casteide-Cami	Cescau	Labastide-Cézéracq	Labastide-Monréjeau	Lacq	Serres-Sainte-Marie	Viellenave-d'Arthez	Urdès|Lacq
64190	Angous	Araujuzon	Araux	Audaux	Bastanès	Bugnein	Castetbon	Castetnau-Camblong	Charre	Dognen	Gestas	Gurs	Jasses	Lay-Lamidou	Méritein	Montfort	Nabas	Narp	Navarrenx	Ogenne-Camptort	Ossenx	Préchacq-Josbaig	Préchacq-Navarrenx	Rivehaute	Sus	Susmiou	Tabaille-Usquain	Viellenave-de-Navarrenx
64200	Arcangues	Bassussarry	Biarritz
64210	Ahetze	Arbonne	Bidart	Guéthary
64220	Ahaxe-Alciette-Bascassan	Aincille	Ainhice-Mongelos	Anhaux	Arnéguy	Ascarat	Béhorléguy	Bussunarits-Sarrasquette	Bustince-Iriberry	Caro	Estérençuby	Gamarthe	Irouléguy	Ispoure	Jaxu	Lacarre	Lasse	Lecumberry	Mendive	Saint-Jean-le-Vieux	Saint-Jean-Pied-de-Port	Saint-Michel	Uhart-Cize
64230	Arbus	Artiguelouve	Aubin	Aussevielle	Beyrie-en-Béarn	Bougarber	Caubios-Loos	Denguin	Lescar	Mazerolles	Momas	Poey-de-Lescar	Sauvagnon	Siros	Uzein
64240	Ayherre	Bonloc	Briscous	Hasparren	Isturits	La Bastide-Clairence	Macaye	Mendionde	Urt
64250	Ainhoa	Cambo-les-Bains	Espelette	Itxassou	Louhossoa	Souraïde
64260	Arudy	Aste-Béon	Bescat	Bielle	Bilhères	Buzy	Castet	Gère-Bélesten	Izeste	Louvie-Juzon	Lys	Rébénacq	Sainte-Colome	Sévignacq-Meyracq
64270	Arancou	Auterrive	Bellocq	Bergouey-Viellenave	Carresse-Cassaber	Castagnède	Escos	L'Hôpital-d'Orion	Labastide-Villefranche	Lahontan	Léren	Puyoô	Ramous	Saint-Dos	Saint-Pé-de-Léren	Salies-de-Béarn	Cassaber|Carresse-Cassaber	Viellenave-sur-Bidouze|Bergouey-Viellenave
64290	Aubertin	Bosdarros	Estialescq	Gan	Lasseube	Lasseubetat
64300	Argagnon	Baigts-de-Béarn	Balansun	Bérenx	Biron	Bonnut	Castétis	Castetner	Laà-Mondrans	Labeyrie	Lacadée	Lanneplaà	Loubieng	Maslacq	Mont	Orthez	Ozenx-Montestrucq	Saint-Boès	Saint-Girons-en-Béarn	Salles-Mongiscard	Sallespisse	Sarpourenx	Sault-de-Navailles	Arance|Mont	Gouze|Mont	Lendresse|Mont	Sainte-Suzanne|Orthez
64310	Ascain	Saint-Pée-sur-Nivelle	Sare
64320	Aressy	Bizanos	Idron	Lée	Ousse	Sendets
64330	Aubous	Aydie	Baliracq-Maumusson	Boueilh-Boueilho-Lasque	Burosse-Mendousse	Cadillon	Castetpugon	Claracq	Conchez-de-Béarn	Diusse	Garlin	Mascaraàs-Haron	Moncla	Mont-Disse	Mouhous	Portet	Ribarrouy	Saint-Jean-Poudge	Tadousse-Ussau	Taron-Sadirac-Viellenave	Vialer
64340	Boucau
64350	Anoye	Arricau-Bordes	Arrosès	Aurions-Idernes	Bassillon-Vauzé	Bétracq	Castillon (Canton de Lembeye)	Corbère-Abères	Crouseilles	Escurès	Gayon	Lalongue	Lannecaube	Lasserre	Lembeye	Lespielle	Luc-Armau	Lucarré	Maspie-Lalonquère-Juillacq	Momy	Moncaup	Monpezat	Peyrelongue-Abos	Samsons-Lion	Séméacq-Blachon	Simacourbe
64360	Abos	Cardesse	Cuqueron	Lacommande	Lucq-de-Béarn	Monein	Parbayse	Tarsacq
64370	Arnos	Arthez-de-Béarn	Boumourt	Casteide-Candau	Castillon (Canton d'Arthez-de-Béarn)	Doazon	Géus-d'Arzacq	Hagetaubin	Mesplède	Morlanne	Pomps	Saint-Médard	Uzan
64390	Abitain	Andrein	Athos-Aspis	Autevielle-Saint-Martin-Bideren	Barraute-Camu	Burgaronne	Espiute	Guinarthe-Parenties	Laàs	Oraàs	Orion	Orriule	Osserain-Rivareyte	Saint-Gladie-Arrive-Munein	Sauveterre-de-Béarn
64400	Agnos	Aren	Bidos	Esquiule	Estos	Eysus	Géronce	Geüs-d'Oloron	Goès	Gurmençon	Ledeuix	Moumour	Oloron-Sainte-Marie	Orin	Poey-d'Oloron	Précilhon	Saint-Goin	Saucède	Verdets
64410	Arget	Arzacq-Arraziguet	Bouillon	Cabidos	Coublucq	Fichous-Riumayou	Garos	Larreule	Lonçon	Louvigny	Malaussanne	Méracq	Mialos	Montagut	Piets-Plasence-Moustrou	Pouliacq	Poursiugues-Boucoue	Séby	Vignes
64420	Andoins	Arrien	Artigueloutan	Eslourenties-Daban	Espoey	Gomer	Hours	Limendous	Lourenties	Lucgarier	Nousty	Saubole	Soumoulou
64430	Aldudes	Banca	Saint-Étienne-de-Baïgorry	Urepel
64440	Béost	Eaux-Bonnes	Laruns	Louvie-Soubiron
64450	Argelos	Astis	Auga	Auriac	Bournos	Doumy	Garlède-Mondebat	Lalonquette	Lasclaveries	Lème	Miossens-Lanusse	Navailles-Angos	Thèze	Viven
64460	Aast	Baleix	Bédeille	Bentayou-Sérée	Casteide-Doat	Castéra-Loubix	Labatut-Figuières	Lamayou	Maure	Monségur	Montaner	Ponson-Debat-Pouts	Ponson-Dessus	Pontiacq-Viellepinte
64470	Alçay-Alçabéhéty-Sunharette	Alos-Sibas-Abense	Camou-Cihigue	Etchebar	Haux	Lacarry-Arhan-Charritte-de-Haut	Laguinge-Restoue	Lichans-Sunhar	Montory	Ossas-Suhare	Sauguis-Saint-Étienne	Tardets-Sorholus	Trois-Villes
64480	Halsou	Jatxou	Larressore	Ustaritz
64490	Accous	Aydius	Bedous	Borce	Cette-Eygun	Escot	Etsaut	Lées-Athas	Lescun	Osse-en-Aspe	Sarrance	Urdos
64500	Ciboure	Saint-Jean-de-Luz
64510	Angaïs	Assat	Baliros	Boeil-Bezing	Bordes	Meillon	Narcastet
64520	Bardos	Bidache	Came	Guiche	Sames
64530	Barzun	Ger	Labatmale	Livron	Pontacq
64560	Larrau	Licq-Athérey	Sainte-Engrâce
64570	Ance Féas	Aramits	Arette	Issor	Lanne-en-Barétous	Lourdios-Ichère	Ance|Ance Féas	Féas|Ance Féas
64600	Anglet
64640	Armendarits	Hélette	Iholdy	Lantabat	Saint-Esteben	Saint-Martin-d'Arberoue
64660	Asasp-Arros	Lurbe-Saint-Christau	Arros-d'Oloron|Asasp-Arros
64680	Buziet	Herrère	Ogeu-les-Bains
64700	Biriatou	Hendaye	Urrugne
64780	Bidarray	Irissarry	Ossès	Saint-Martin-d'Arrossa	Suhescun
64800	Arros-de-Nay	Arthez-d'Asson	Asson	Baudreix	Bénéjacq	Beuste	Bordères	Bourdettes	Bruges-Capbis-Mifaget	Coarraze	Haut-de-Bosdarros	Igon	Lagos	Lestelle-Bétharram	Mirepeix	Montaut	Nay	Pardies-Piétat	Saint-Abit	Saint-Vincent	Capbis|Bruges-Capbis-Mifaget	Mifaget|Bruges-Capbis-Mifaget
64870	Escou	Escout
64990	Lahonce	Mouguerre	Saint-Pierre-d'Irube	Urcuit	Villefranque
65000	Tarbes
65100	Adé	Arcizac-ez-Angles	Arrayou-Lahitte	Arrodets-ez-Angles	Artigues	Aspin-en-Lavedan	Barlest	Bartrès	Berbérust-Lias	Bourréac	Cheust	Escoubès-Pouts	Gazost	Ger	Geu	Gez-ez-Angles	Jarret	Julos	Juncalas	Les Angles	Lézignan	Loubajac	Lourdes	Lugagnan	Omex	Ossen	Ossun-ez-Angles	Ourdis-Cotdoussan	Ourdon	Ousté	Paréac	Poueyferré	Saint-Créac	Ségus	Sère-Lanso	Viger
65110	Cauterets
65120	Barèges	Betpouey	Chèze	Esquièze-Sère	Esterre	Gavarnie-Gèdre	Grust	Luz-Saint-Sauveur	Saligos	Sassis	Sazos	Sers	Viella	Viey	Viscos	Gavarnie|Gavarnie-Gèdre	Gèdre|Gavarnie-Gèdre
65130	Arrodets	Artiguemy	Asque	Avezac-Prat-Lahitte	Batsère	Benqué-Molère	Bettes	Bonnemazon	Bourg-de-Bigorre	Bulan	Capvern	Castillon	Chelle-Spou	Esconnets	Escots	Esparros	Espèche	Espieilh	Fréchendets	Gourgue	Labastide	Laborde	Lomné	Mauvezin	Péré	Sarlabous	Tilhouse	Lahitte|Avezac-Prat-Lahitte
65140	Ansost	Barbachen	Bazillac	Bouilh-Devant	Buzon	Escondeaux	Gensac	Lacassagne	Laméac	Lescurry	Liac	Mansan	Mingot	Monfaucon	Moumoulous	Peyrun	Rabastens-de-Bigorre	Saint-Sever-de-Rustan	Sarriac-Bigorre	Ségalas	Sénac	Tostat	Trouley-Labarthe	Ugnouas
65150	Anères	Bize	Bizous	Cantaous	Générest	Hautaget	Lombrès	Mazères-de-Neste	Montégut	Montsérié	Nestier	Nistos	Saint-Laurent-de-Neste	Saint-Paul	Seich	Tibiran-Jaunac	Tuzaguet
65170	Aragnouet	Azet	Bazus-Aure	Bourisp	Cadeilhan-Trachère	Camparan	Ens	Estensan	Grailhen	Guchan	Sailhan	Saint-Lary-Soulan	Tramezaïgues	Vielle-Aure	Vignec
65190	Bégole	Bernadets-Dessus	Bordes	Burg	Caharet	Calavanté	Castéra-Lanusse	Clarac	Fréchou-Fréchet	Goudon	Hitte	Lanespède	Lespouey	Lhez	Luc	Mascaras	Moulédous	Oléac-Dessus	Orieux	Oueilloux	Ozon	Peyraube	Poumarous	Ricaud	Sinzos	Tournay
65200	Antist	Argelès-Bagnères	Asté	Astugue	Bagnères-de-Bigorre	Banios	Cieutat	Gerde	Germs-sur-l'Oussouet	Hauban	Hiis	Labassère	Lies	Loucrup	Marsas	Mérilheu	Montgaillard	Neuilh	Ordizan	Orignac	Pouzac	Trébons	Uzer	Visker
65220	Antin	Bernadets-Debat	Bonnefont	Bugard	Estampures	Fontrailles	Fréchède	Lalanne-Trie	Lamarque-Rustaing	Lapeyre	Lubret-Saint-Luc	Luby-Betmont	Lustar	Mazerolles	Puydarrieux	Sadournin	Sère-Rustaing	Tournous-Darré	Trie-sur-Baïse	Vidou	Villembits
65230	Aries-Espénan	Barthe	Betbèze	Betpouy	Campuzan	Castelnau-Magnoac	Casterets	Caubous	Cizos	Devèze	Guizerix	Hachan	Lalanne	Larroque	Organ	Peyret-Saint-André	Pouy	Puntous	Sariac-Magnoac	Thermes-Magnoac	Vieuzos	Villemur
65240	Adervielle-Pouchergues	Ardengost	Arreau	Aspin-Aure	Aulon	Avajan	Bareilles	Barrancoueu	Cadéac	Cazaux-Fréchet-Anéran-Camors	Estarvielle	Fréchet-Aure	Génos	Germ	Gouaux	Grézian	Guchen	Jézeau	Lançon	Loudenvielle	Loudervielle	Mont	Pailhac	Vielle-Louron	Anéran-Camors|Cazaux-Fréchet-Anéran-Camors	Armenteule|Loudenvielle	Pouchergues|Adervielle-Pouchergues
65250	Bazus-Neste	Escala	Gazave	Hèches	Izaux	La Barthe-de-Neste	Lortet	Mazouau	Montoussé	Saint-Arroman
65260	Adast	Pierrefitte-Nestalas	Soulom	Villelongue
65270	Peyrouse	Saint-Pé-de-Bigorre
65290	Juillan	Louey
65300	Campistrous	Clarens	Lagrange	Lannemezan	Lutilhous	Pinas	Réjaumont	Tajan	Uglas
65310	Horgues	Laloubère	Odos
65320	Bordères-sur-l'Échez	Gardères	Gayan	Lagarde	Luquet	Oroix	Pintac	Séron	Tarasteix
65330	Bonrepos	Castelbajac	Galan	Galez	Houeydets	Libaros	Montastruc	Recurt	Sabarros	Sentous	Tournous-Devant
65350	Aubarède	Bouilh-Péreuilh	Boulin	Cabanac	Castelvieilh	Castéra-Lou	Chelle-Debat	Collongues	Coussan	Dours	Gonez	Hourc	Jacque	Lansac	Laslades	Lizos	Louit	Marquerie	Marseillan	Mun	Oléac-Debat	Osmets	Peyriguère	Pouyastruc	Sabalos	Soréac	Souyeaux	Thuy
65360	Allier	Arcizac-Adour	Barbazan-Dessus	Bernac-Debat	Bernac-Dessus	Momères	Saint-Martin	Salles-Adour	Vielle-Adour
65370	Anla	Antichan	Aveux	Bertren	Bramevaque	Cazarilh	Créchets	Esbareich	Ferrère	Gaudent	Gembrie	Ilheu	Izaourt	Loures-Barousse	Mauléon-Barousse	Ourde	Sacoué	Sainte-Marie	Saléchan	Samuran	Sarp	Siradan	Sost	Thèbe	Troubat
65380	Averan	Azereix	Barry	Bénac	Hibarette	Lamarque-Pontacq	Lanne	Layrisse	Orincles	Ossun
65390	Andrest	Aurensan	Sarniguet
65400	Agos-Vidalos	Arcizans-Avant	Arcizans-Dessus	Argelès-Gazost	Arras-en-Lavedan	Arrens-Marsous	Artalens-Souin	Aucun	Ayros-Arbouix	Ayzac-Ost	Beaucens	Boô-Silhen	Bun	Estaing	Gaillagos	Gez	Lau-Balagnas	Ouzous	Préchac	Saint-Pastous	Saint-Savin	Salles	Sère-en-Lavedan	Sireix	Uz	Vier-Bordes
65410	Beyrède-Jumet-Camous	Ilhet	Sarrancolin	Beyrède-Jumet|Beyrède-Jumet-Camous	Camous|Beyrède-Jumet-Camous
65420	Ibos
65430	Soues
65440	Ancizan
65460	Bazet	Bours
65490	Oursbelille
65500	Artagnan	Caixon	Camalès	Escaunets	Marsac	Nouilhan	Pujo	Saint-Lézer	Sanous	Siarrouy	Talazac	Vic-en-Bigorre	Villenave-près-Béarn	Villenave-près-Marsac
65510	Loudenvielle
65560	Arbéost	Ferrières
65590	Bordères-Louron	Cazaux-Debat	Ris	Ilhan|Bordères-Louron
65600	Sarrouilles	Séméac
65660	Aventignan
65670	Arné	Bazordan	Gaussan	Laran	Lassales	Monléon-Magnoac	Monlong
65690	Angos	Barbazan-Debat	Montignac
65700	Auriébat	Castelnau-Rivière-Basse	Caussade-Rivière	Estirac	Hagedet	Hères	Labatut-Rivière	Lafitole	Lahitte-Toupière	Larreule	Lascazères	Madiran	Maubourguet	Saint-Lanne	Sauveterre	Sombrun	Soublecause	Vidouze	Villefranque
65710	Bagnères-de-Bigorre	Beaudéan	Campan
65800	Aureilhan	Chis	Orleix
66000	Perpignan
66100	Perpignan
66110	Amélie-les-Bains-Palalda	La Bastide	Montbolo	Saint-Marsal	Taulis
66120	Égat	Font-Romeu-Odeillo-Via	Targasonne
66130	Boule-d'Amont	Bouleternère	Casefabre	Corbère	Corbère-les-Cabanes	Ille-sur-Têt	Montalba-le-Château	Prunet-et-Belpuig	Saint-Michel-de-Llotes	Trévillach
66140	Canet-en-Roussillon
66150	Arles-sur-Tech	Corsavy	Montferrer
66160	Le Boulou
66170	Millas	Néfiach	Saint-Féliu-d'Amont	Saint-Féliu-d'Avall
66180	Villeneuve-de-la-Raho
66190	Collioure
66200	Alénya	Corneilla-del-Vercol	Elne	Latour-Bas-Elne	Montescot	Théza
66210	Bolquère	Fontrabiouse	Formiguères	La Cabanasse	La Llagonne	Les Angles	Matemale	Mont-Louis	Planès	Puyvalador	Réal	Saint-Pierre-dels-Forcats	Sauto
66220	Ansignan	Caudiès-de-Fenouillèdes	Fenouillet	Fosse	Lesquerde	Prugnanes	Saint-Arnac	Saint-Martin-de-Fenouillet	Saint-Paul-de-Fenouillet	Trilla	Vira
66230	Lamanère	Le Tech	Prats-de-Mollo-la-Preste	Serralongue
66240	Saint-Estève
66250	Saint-Laurent-de-la-Salanque
66260	Coustouges	Saint-Laurent-de-Cerdans
66270	Le Soler
66280	Saleilles
66290	Cerbère
66300	Banyuls-dels-Aspres	Caixas	Camélas	Castelnou	Fourques	Llauro	Llupia	Montauriol	Passa	Ponteilla	Saint-Jean-Lasseille	Sainte-Colombe-de-la-Commanderie	Terrats	Thuir	Tordères	Tresserre	Trouillas	Villemolaque
66310	Estagel
66320	Arboussols	Baillestavy	Espira-de-Conflent	Estoher	Finestret	Glorianes	Joch	Marquixanes	Rigarda	Rodès	Tarerach	Valmanya	Vinça
66330	Cabestany
66340	Nahuja	Osséja	Palau-de-Cerdagne	Valcebollère
66350	Toulouges
66360	Ayguatébia-Talau	Canaveilles	Caudiès-de-Conflent	Escaro	Fontpédrouse	Jujols	Mantet	Nyer	Olette	Oreilla	Py	Railleu	Sahorre	Sansa	Serdinya	Souanyas	Thuès-Entre-Valls
66370	Pézilla-la-Rivière
66380	Pia
66390	Baixas
66400	Calmeilles	Céret	Oms	Reynès	Taillet
66410	Villelongue-de-la-Salanque
66420	Le Barcarès
66430	Bompas
66440	Torreilles
66450	Pollestres
66460	Maury
66470	Sainte-Marie-la-Mer
66480	L'Albère	Le Perthus	Les Cluses	Maureillas-las-Illas
66490	Saint-Jean-Pla-de-Corts	Vivès
66500	Campôme	Catllar	Clara-Villerach	Codalet	Conat	Eus	Los Masos	Molitg-les-Bains	Mosset	Nohèdes	Prades	Ria-Sirach	Taurinya	Urbanya	Villefranche-de-Conflent
66510	Saint-Hippolyte
66530	Claira
66540	Baho
66550	Corneilla-la-Rivière
66560	Ortaffa
66570	Saint-Nazaire
66600	Calce	Cases-de-Pène	Espira-de-l'Agly	Opoul-Périllos	Peyrestortes	Rivesaltes	Salses-le-Château	Vingrau
66610	Villeneuve-la-Rivière
66620	Brouilla
66650	Banyuls-sur-Mer
66660	Port-Vendres
66670	Bages
66680	Canohès
66690	Palau-del-Vidre	Saint-André	Sorède
66700	Argelès-sur-Mer
66720	Bélesta	Caramany	Cassagnes	Lansac	Latour-de-France	Montner	Planèzes	Rasiguères	Tautavel
66730	Campoussy	Feilluns	Le Vivier	Pézilla-de-Conflent	Prats-de-Sournia	Rabouillet	Sournia
66740	Laroque-des-Albères	Montesquieu-des-Albères	Saint-Génis-des-Fontaines	Villelongue-dels-Monts
66750	Saint-Cyprien
66760	Angoustrine-Villeneuve-des-Escaldes	Bourg-Madame	Dorres	Enveitg	Latour-de-Carol	Porta	Porté-Puymorens	Ur
66800	Err	Estavar	Eyne	Llo	Saillagouse	Sainte-Léocadie
66820	Casteil	Corneilla-de-Conflent	Fillols	Fuilla	Vernet-les-Bains
67000	Strasbourg
67100	Strasbourg
67110	Dambach	Gumbrechtshoffen	Gundershoffen	Niederbronn-les-Bains	Oberbronn	Reichshoffen	Uttenhoffen	Windstein	Zinswiller	Griesbach|Gundershoffen
67112	Breuschwickersheim
67113	Blaesheim
67114	Eschau
67115	Plobsheim
67116	Reichstett
67117	Dossenheim-Kochersberg	Fessenheim-le-Bas	Furdenheim	Handschuheim	Hurtigheim	Ittenheim	Quatzenheim
67118	Geispolsheim
67120	Altorf	Avolsheim	Dachstein	Dorlisheim	Duppigheim	Duttlenheim	Ergersheim	Ernolsheim-Bruche	Kolbsheim	Molsheim	Soultz-les-Bains	Wolxheim
67130	Barembach	Bellefosse	Belmont	Blancherupt	Fouday	Grandfontaine	La Broque	Lutzelhouse	Muhlbach-sur-Bruche	Natzwiller	Neuviller-la-Roche	Russ	Schirmeck	Solbach	Waldersbach	Wildersbach	Wisches
67140	Andlau	Barr	Bernardvillé	Bourgheim	Eichhoffen	Gertwiller	Heiligenstein	Itterswiller	Le Hohwald	Mittelbergheim	Reichsfeld	Saint-Pierre	Stotzheim	Zellwiller
67150	Bolsenheim	Daubensand	Erstein	Gerstheim	Hindisheim	Hipsheim	Limersheim	Matzenheim	Nordhouse	Osthouse	Schaeffersheim	Uttenheim
67160	Cleebourg	Drachenbronn-Birlenbach	Oberhoffen-lès-Wissembourg	Oberlauterbach	Riedseltz	Rott	Salmbach	Schleithal	Seebach	Siegen	Steinseltz	Wissembourg	Altenstadt|Wissembourg	Birlenbach|Drachenbronn-Birlenbach	Bremmelbach|Cleebourg	Niederseebach|Seebach
67170	Bernolsheim	Berstheim	Bilwisheim	Brumath	Donnenheim	Geudertheim	Hochstett	Krautwiller	Kriegsheim	Mittelschaeffolsheim	Ohlungen	Olwisheim	Rottelsheim	Wahlenheim	Wingersheim les Quatre Bans	Hohatzenheim|Wingersheim les Quatre Bans	Mittelhausen|Wingersheim les Quatre Bans	Wingersheim|Wingersheim les Quatre Bans
67190	Dinsheim-sur-Bruche	Grendelbruch	Gresswiller	Heiligenberg	Mollkirch	Mutzig	Still
67200	Strasbourg
67201	Eckbolsheim
67202	Wolfisheim
67203	Oberschaeffolsheim
67204	Achenheim
67205	Oberhausbergen
67206	Mittelhausbergen
67207	Niederhausbergen
67210	Bernardswiller	Goxwiller	Meistratzheim	Niedernai	Obernai	Valff
67220	Albé	Bassemberg	Breitenau	Breitenbach	Dieffenbach-au-Val	Fouchy	Lalaye	Maisonsgoutte	Neubois	Neuve-Église	Saint-Martin	Saint-Maurice	Saint-Pierre-Bois	Steige	Thanvillé	Triembach-au-Val	Urbeis	Villé
67230	Benfeld	Diebolsheim	Herbsheim	Huttenheim	Kertzfeld	Kogenheim	Obenheim	Rossfeld	Sand	Sermersheim	Westhouse	Witternheim
67240	Bischwiller	Gries	Kaltenhouse	Kurtzenhouse	Oberhoffen-sur-Moder	Schirrhein	Schirrhoffen
67250	Aschbach	Hoffen	Hunspach	Ingolsheim	Keffenach	Kutzenhausen	Lampertsloch	Lobsann	Memmelshoffen	Merkwiller-Pechelbronn	Oberrœdern	Preuschdorf	Retschwiller	Schœnenbourg	Soultz-sous-Forêts	Stundwiller	Surbourg	Hermerswiller|Hoffen	Hohwiller|Soultz-sous-Forêts	Leiterswiller|Hoffen
67260	Altwiller	Bissert	Burbach	Diedendorf	Harskirchen	Herbitzheim	Hinsingen	Keskastel	Rimsdorf	Sarre-Union	Sarrewerden	Schopperten	Siltzheim	Wolfskirchen	Bischtroff-sur-Sarre|Sarrewerden	Zollingen|Sarrewerden
67270	Alteckendorf	Bossendorf	Duntzenheim	Durningen	Geiswiller-Zœbersdorf	Gougenheim	Hochfelden	Hohfrankenheim	Huttendorf	Ingenheim	Kienheim	Lixhausen	Melsheim	Minversheim	Mutzenhouse	Rohr	Saessolsheim	Scherlenheim	Schwindratzheim	Wickersheim-Wilshausen	Wilwisheim	Wingersheim les Quatre Bans	Geiswiller|Geiswiller-Zœbersdorf	Gingsheim|Wingersheim les Quatre Bans	Schaffhouse-sur-Zorn|Hochfelden	Wilshausen|Wickersheim-Wilshausen
67280	Niederhaslach	Oberhaslach	Urmatt
67290	Erckartswiller	Frohmuhl	Hinsbourg	La Petite-Pierre	Lohr	Petersbach	Puberg	Rosteig	Struth	Tieffenbach	Volksberg	Weislingen	Wimmenau	Wingen-sur-Moder	Zittersheim
67300	Schiltigheim
67310	Balbronn	Bergbieten	Cosswiller	Crastatt	Dahlenheim	Dangolsheim	Flexbourg	Hohengœft	Knœrsheim	Rangen	Romanswiller	Scharrachbergheim-Irmstett	Sommerau	Traenheim	Wasselonne	Westhoffen	Zehnacker	Zeinheim	Allenwiller|Sommerau	Irmstett|Scharrachbergheim-Irmstett
67320	Adamswiller	Asswiller	Baerendorf	Berg	Bettwiller	Bust	Drulingen	Durstel	Eschbourg	Eschwiller	Eywiller	Gœrlingen	Gungwiller	Hirschland	Kirrberg	Ottwiller	Pfalzweyer	Rauwiller	Rexingen	Schœnbourg	Siewiller	Thal-Drulingen	Weyer
67330	Bosselshausen	Bouxwiller	Dossenheim-sur-Zinsel	Ernolsheim-lès-Saverne	Hattmatt	Issenhausen	Kirrwiller	Neuwiller-lès-Saverne	Niedersoultzbach	Obermodern-Zutzendorf	Obersoultzbach	Uttwiller	Griesbach-le-Bastberg|Bouxwiller	Imbsheim|Bouxwiller	Riedheim|Bouxwiller	Zutzendorf|Obermodern-Zutzendorf
67340	Bischholtz	Ingwiller	Lichtenberg	Menchhoffen	Offwiller	Reipertswiller	Rothbach	Schillersdorf	Sparsbach	Weinbourg	Weiterswiller
67350	Bitschhoffen	Buswiller	Dauendorf	Engwiller	Ettendorf	Grassendorf	Kindwiller	Morschwiller	Mulhausen	Niedermodern	Ringendorf	Schalkendorf	Uhlwiller	Uhrwiller	Val-de-Moder
67360	Biblisheim	Dieffenbach-lès-Wœrth	Durrenbach	Eschbach	Frœschwiller	Gœrsdorf	Gunstett	Hegeney	Langensoultzbach	Morsbronn-les-Bains	Oberdorf-Spachbach	Walbourg	Wœrth	Mitschdorf|Gœrsdorf
67370	Berstett	Dingsheim	Griesheim-sur-Souffel	Neugartheim-Ittlenheim	Pfulgriesheim	Schnersheim	Stutzheim-Offenheim	Truchtersheim	Willgottheim	Wintzenheim-Kochersberg	Wiwersheim	Avenheim|Schnersheim	Behlenheim|Truchtersheim	Gimbrett|Berstett	Kleinfrankenheim|Schnersheim	Pfettisheim|Truchtersheim	Reitwiller|Berstett	Rumersheim|Berstett
67380	Lingolsheim
67390	Artolsheim	Bootzheim	Bœsenbiesen	Elsenheim	Heidolsheim	Hessenheim	Mackenheim	Marckolsheim	Ohnenheim	Richtolsheim	Saasenheim	Schœnau	Schwobsheim
67400	Illkirch-Graffenstaden
67410	Drusenheim	Rohrwiller
67420	Bourg-Bruche	Colroy-la-Roche	Plaine	Ranrupt	Saales	Saint-Blaise-la-Roche	Saulxures
67430	Butten	Dehlingen	Diemeringen	Domfessel	Lorentzen	Mackwiller	Ratzwiller	Vœllerdingen	Waldhambach
67440	Dimbsthal	Hengwiller	Jetterswiller	Kleingœft	Lochwiller	Marmoutier	Reinhardsmunster	Reutenbourg	Schwenheim	Sommerau	Thal-Marmoutier	Westhouse-Marmoutier	Birkenwald|Sommerau	Salenthal|Sommerau	Singrist|Sommerau
67450	Lampertheim	Mundolsheim
67460	Souffelweyersheim
67470	Buhl	Crœttwiller	Eberbach-Seltz	Mothern	Munchhausen	Niederrœdern	Schaffhouse-près-Seltz	Seltz	Trimbach	Wintzenbach
67480	Forstfeld	Fort-Louis	Kauffenheim	Leutenheim	Neuhaeusel	Roppenheim	Rountzenheim-Auenheim	Rœschwoog	Auenheim|Rountzenheim-Auenheim	Rountzenheim|Rountzenheim-Auenheim
67490	Altenheim	Dettwiller	Friedolsheim	Gottesheim	Littenheim	Lupstein	Printzheim
67500	Batzendorf	Haguenau	Niederschaeffolsheim	Weitbruch
67510	Climbach	Lembach	Niedersteinbach	Obersteinbach	Wingen	Mattstall|Lembach
67520	Kirchheim	Kuttolsheim	Marlenheim	Nordheim	Odratzheim	Wangen
67530	Bœrsch	Ottrott	Saint-Nabor
67540	Ostwald
67550	Eckwersheim	Vendenheim
67560	Rosenwiller	Rosheim
67570	La Broque	Rothau
67580	Forstheim	Laubach	Mertzwiller	Mietesheim
67590	Ohlungen	Schweighouse-sur-Moder	Wintershouse
67600	Baldenheim	Bindernheim	Ebersheim	Ebersmunster	Hilsenheim	Kintzheim	Mussig	Muttersholtz	Orschwiller	Sélestat
67610	La Wantzenau
67620	Soufflenheim
67630	Lauterbourg	Neewiller-près-Lauterbourg	Niederlauterbach	Scheibenhard
67640	Fegersheim	Ichtratzheim	Lipsheim
67650	Blienschwiller	Dambach-la-Ville	Dieffenthal
67660	Betschdorf	Kuhlendorf|Betschdorf	Reimerswiller|Betschdorf	Schwabwiller|Betschdorf
67670	Mommenheim	Waltenheim-sur-Zorn	Wittersheim
67680	Epfig	Nothalten
67690	Hatten	Rittershoffen
67700	Eckartswiller	Furchhausen	Gottenhouse	Haegen	Landersheim	Maennolsheim	Monswiller	Ottersthal	Otterswiller	Saint-Jean-Saverne	Saverne	Waldolwisheim	Wolschheim
67710	Wangenbourg-Engenthal
67720	Bietlenheim	Hœrdt	Weyersheim
67730	Châtenois	La Vancelle
67750	Scherwiller
67760	Gambsheim
67770	Dalhunden	Sessenheim	Stattmatten
67790	Steinbourg
67800	Bischheim	Hœnheim
67810	Holtzheim
67820	Wittisheim
67840	Kilstett
67850	Herrlisheim	Offendorf
67860	Boofzheim	Friesenheim	Rhinau
67870	Bischoffsheim	Griesheim-près-Molsheim
67880	Innenheim	Krautergersheim
67920	Sundhouse
67930	Beinheim	Kesseldorf
67960	Entzheim
67970	Oermingen
67980	Hangenbieten
67990	Osthoffen
68000	Colmar
68040	Ingersheim
68100	Mulhouse
68110	Illzach
68116	Guewenheim
68118	Hirtzbach
68120	Pfastatt	Richwiller
68121	Urbès
68124	Wintzenheim
68125	Houssen
68126	Bennwihr
68127	Biltzheim	Niederentzen	Niederhergheim	Oberentzen	Oberhergheim	Sainte-Croix-en-Plaine
68128	Rosenau	Village-Neuf
68130	Altkirch	Aspach	Berentzwiller	Carspach	Emlingen	Franken	Hausgauen	Heiwiller	Hundsbach	Jettingen	Obermorschwiller	Schwoben	Tagsdorf	Wahlbach	Walheim	Wittersdorf	Zaessingue
68140	Eschbach-au-Val	Griesbach-au-Val	Gunsbach	Hohrod	Luttenbach-près-Munster	Munster	Soultzeren	Stosswihr
68150	Aubure	Hunawihr	Ostheim	Ribeauvillé
68160	Sainte-Croix-aux-Mines	Sainte-Marie-aux-Mines
68170	Rixheim
68180	Horbourg-Wihr
68190	Ensisheim	Raedersheim	Ungersheim
68200	Mulhouse
68210	Altenach	Ballersdorf	Balschwiller	Bellemagny	Bernwiller	Bréchaumont	Buethwiller	Chavannes-sur-l'Étang	Dannemarie	Elbach	Eteimbes	Falkwiller	Fulleren	Gildwiller	Gommersdorf	Guevenatten	Hagenbach	Hecken	Magny	Manspach	Mertzen	Montreux-Jeune	Montreux-Vieux	Retzwiller	Romagny	Saint-Cosme	Saint-Ulrich	Traubach-le-Bas	Traubach-le-Haut	Valdieu-Lutran	Wolfersdorf	Ammertzwiller|Bernwiller
68220	Attenschwiller	Buschwiller	Folgensbourg	Hagenthal-le-Bas	Hagenthal-le-Haut	Hégenheim	Hésingue	Knœringue	Leymen	Liebenswiller	Michelbach-le-Haut	Neuwiller	Ranspach-le-Haut	Wentzwiller
68230	Katzenthal	Niedermorschwihr	Soultzbach-les-Bains	Turckheim	Walbach	Wasserbourg	Wihr-au-Val	Zimmerbach
68240	Fréland	Kaysersberg Vignoble	Kaysersberg|Kaysersberg Vignoble	Kientzheim|Kaysersberg Vignoble	Sigolsheim|Kaysersberg Vignoble
68250	Gundolsheim	Munwiller	Pfaffenheim	Rouffach	Westhalten
68260	Kingersheim
68270	Ruelisheim	Wittenheim
68280	Andolsheim	Appenwihr	Logelheim	Sundhoffen
68290	Bourbach-le-Bas	Bourbach-le-Haut	Dolleren	Kirchberg	Lauw	Masevaux-Niederbruck	Oberbruck	Rimbach-près-Masevaux	Sewen	Sickert	Wegscheid	Masevaux|Masevaux-Niederbruck	Niederbruck|Masevaux-Niederbruck
68300	Saint-Louis
68310	Wittelsheim
68320	Artzenheim	Baltzenheim	Bischwihr	Durrenentzen	Fortschwihr	Grussenheim	Jebsheim	Kunheim	Muntzenheim	Porte du Ried	Urschenheim	Wickerschwihr	Widensolen	Holtzwihr|Porte du Ried	Riedwihr|Porte du Ried
68330	Huningue
68340	Riquewihr	Zellenberg
68350	Brunstatt-Didenheim	Brunstatt|Brunstatt-Didenheim	Didenheim|Brunstatt-Didenheim
68360	Soultz-Haut-Rhin
68370	Orbey
68380	Breitenbach-Haut-Rhin	Metzeral	Mittlach	Muhlbach-sur-Munster	Sondernach
68390	Baldersheim	Battenheim	Sausheim
68400	Riedisheim
68410	Ammerschwihr
68420	Eguisheim	Gueberschwihr	Hattstatt	Herrlisheim-près-Colmar	Husseren-les-Châteaux	Obermorschwihr	Vœgtlinshoffen
68440	Bruebach	Dietwiller	Eschentzwiller	Habsheim	Landser	Schlierbach	Steinbrunn-le-Bas	Steinbrunn-le-Haut	Zimmersheim
68460	Lutterbach
68470	Fellering	Husseren-Wesserling	Mitzach	Mollau	Ranspach	Storckensohn
68480	Bendorf	Bettlach	Biederthal	Bouxwiller	Courtavon	Durlinsdorf	Durmenach	Ferrette	Fislis	Kiffis	Kœstlach	Levoncourt	Liebsdorf	Ligsdorf	Linsdorf	Lucelle	Lutter	Mœrnach	Oberlarg	Oltingue	Pfetterhouse	Raedersdorf	Roppentzwiller	Sondersdorf	Vieux-Ferrette	Werentzhouse	Winkel	Wolschwiller
68490	Bantzenheim	Chalampé	Hombourg	Ottmarsheim	Petit-Landau
68500	Bergholtz	Bergholtzzell	Berrwiller	Guebwiller	Hartmannswiller	Issenheim	Jungholtz	Merxheim	Orschwihr	Rimbach-près-Guebwiller	Rimbachzell	Wuenheim
68510	Geispitzen	Helfrantzkirch	Kappelen	Kœtzingue	Magstatt-le-Bas	Magstatt-le-Haut	Rantzwiller	Sierentz	Stetten	Uffheim	Waltenheim
68520	Burnhaupt-le-Bas	Burnhaupt-le-Haut	Schweighouse-Thann
68530	Buhl	Murbach
68540	Bollwiller	Feldkirch
68550	Malmerspach	Saint-Amarin
68560	Bettendorf	Heimersdorf	Hirsingue	Ruederbach
68570	Osenbach	Soultzmatt
68580	Bisel	Friesen	Hindlingen	Largitzen	Mooslargue	Seppois-le-Bas	Seppois-le-Haut	Strueth	Ueberstrass
68590	Rodern	Rorschwihr	Saint-Hippolyte	Thannenkirch
68600	Algolsheim	Biesheim	Dessenheim	Geiswasser	Heiteren	Hettenschlag	Neuf-Brisach	Obersaasheim	Vogelgrun	Volgelsheim	Weckolsheim	Wolfgantzen
68610	Lautenbach	Lautenbachzell	Linthal
68620	Bitschwiller-lès-Thann
68630	Bennwihr	Mittelwihr
68640	Feldbach	Muespach	Muespach-le-Haut	Riespach	Steinsoultz	Waldighoffen
68650	Lapoutroie	Le Bonhomme
68660	Lièpvre	Rombach-le-Franc
68680	Kembs	Niffer
68690	Geishouse	Moosch
68700	Aspach-le-Bas	Aspach-Michelbach	Cernay	Steinbach	Uffholtz	Wattwiller	Aspach-le-Haut|Aspach-Michelbach	Michelbach|Aspach-Michelbach
68720	Eglingen	Flaxlanden	Frœningen	Heidwiller	Hochstatt	Illfurth	Luemschwiller	Saint-Bernard	Spechbach	Tagolsheim	Zillisheim
68730	Blotzheim	Michelbach-le-Bas	Ranspach-le-Bas
68740	Balgau	Blodelsheim	Fessenheim	Hirtzfelden	Munchhouse	Nambsheim	Roggenhouse	Rumersheim-le-Haut	Rustenhart
68750	Bergheim
68760	Goldbach-Altenbach	Willer-sur-Thur
68770	Ammerschwihr
68780	Bretten	Diefmatten	Le Haut Soultzbach	Sentheim	Soppe-le-Bas	Sternenberg	Mortzwiller|Le Haut Soultzbach	Soppe-le-Haut|Le Haut Soultzbach
68790	Morschwiller-le-Bas
68800	Leimbach	Rammersmatt	Roderen	Thann	Vieux-Thann
68820	Kruth	Wildenstein
68830	Oderen
68840	Pulversheim
68850	Staffelfelden
68870	Bartenheim	Brinckheim
68890	Meyenheim	Réguisheim
68910	Labaroche
68920	Wettolsheim	Wintzenheim
68950	Reiningue
68960	Illtal	Willer
68970	Guémar	Illhaeusern
68980	Beblenheim
68990	Galfingue	Heimsbrunn
69001	Lyon
69002	Lyon
69003	Lyon
69004	Lyon
69005	Lyon
69006	Lyon
69007	Lyon
69008	Lyon
69009	Lyon
69100	Villeurbanne
69110	Sainte-Foy-lès-Lyon
69115	Chiroubles
69120	Vaulx-en-Velin
69124	Colombier-Saugnieu
69125	Colombier-Saugnieu
69126	Brindas
69130	Écully
69140	Rillieux-la-Pape
69150	Décines-Charpieu
69160	Tassin-la-Demi-Lune
69170	Affoux	Dième	Joux	Les Sauvages	Saint-Appolinaire	Saint-Clément-sur-Valsonne	Saint-Marcel-l'Éclairé	Tarare	Valsonne
69190	Saint-Fons
69200	Vénissieux
69210	Bully	Chevinay	Éveux	Fleurieux-sur-l'Arbresle	L'Arbresle	Lentilly	Sain-Bel	Saint-Germain-Nuelles	Saint-Pierre-la-Palud	Savigny	Sourcieux-les-Mines	Nuelles|Saint-Germain-Nuelles
69220	Belleville-en-Beaujolais	Cercié	Charentay	Corcelles-en-Beaujolais	Dracé	Lancié	Saint-Lager	Taponas	Belleville|Belleville-en-Beaujolais	Saint-Jean-d'Ardières|Belleville-en-Beaujolais
69230	Saint-Genis-Laval
69240	Saint-Vincent-de-Reins	Thizy-les-Bourgs	Bourg-de-Thizy|Thizy-les-Bourgs	La Chapelle-de-Mardore|Thizy-les-Bourgs	Mardore|Thizy-les-Bourgs	Marnand|Thizy-les-Bourgs
69250	Albigny-sur-Saône	Curis-au-Mont-d'Or	Fleurieu-sur-Saône	Montanay	Neuville-sur-Saône	Poleymieux-au-Mont-d'Or
69260	Charbonnières-les-Bains
69270	Cailloux-sur-Fontaines	Couzon-au-Mont-d'Or	Fontaines-Saint-Martin	Fontaines-sur-Saône	Rochetaillée-sur-Saône	Saint-Romain-au-Mont-d'Or
69280	Marcy-l'Étoile	Sainte-Consorce
69290	Craponne	Grézieu-la-Varenne	Pollionnay	Saint-Genis-les-Ollières
69300	Caluire-et-Cuire
69310	Oullins-Pierre-Bénite	Pierre-Bénite|Oullins-Pierre-Bénite
69320	Feyzin
69330	Jonage	Jons	Meyzieu	Pusignan
69340	Francheville
69350	La Mulatière
69360	Communay	Saint-Symphorien-d'Ozon	Sérézin-du-Rhône	Simandres	Solaize	Ternay
69370	Saint-Didier-au-Mont-d'Or
69380	Alix	Belmont-d'Azergues	Charnay	Chasselay	Châtillon	Chazay-d'Azergues	Chessy	Civrieux-d'Azergues	Dommartin	Les Chères	Lissieu	Lozanne	Marcilly-d'Azergues	Saint-Jean-des-Vignes
69390	Charly	Millery	Vernaison	Vourles
69400	Arnas	Gleizé	Limas	Porte des Pierres Dorées	Villefranche-sur-Saône	Liergues|Porte des Pierres Dorées	Pouilly-le-Monial|Porte des Pierres Dorées
69410	Champagne-au-Mont-d'Or
69420	Ampuis	Condrieu	Les Haies	Longes	Trèves	Tupin-et-Semons
69430	Beaujeu	Chénelette	Deux-Grosnes	Lantignié	Les Ardillats	Marchampt	Quincié-en-Beaujolais	Régnié-Durette	Saint-Didier-sur-Beaujeu	Vernay	Avenas|Deux-Grosnes
69440	Chabanière	Chaussan	Mornant	Riverie	Saint-André-la-Côte	Saint-Laurent-d'Agny	Sainte-Catherine	Taluyers	Saint-Didier-sous-Riverie|Chabanière	Saint-Maurice-sur-Dargoire|Chabanière	Saint-Sorlin|Chabanière
69450	Saint-Cyr-au-Mont-d'Or
69460	Blacé	Le Perréon	Odenas	Saint-Étienne-des-Oullières	Saint-Étienne-la-Varenne	Salles-Arbuissonnas-en-Beaujolais	Vaux-en-Beaujolais
69470	Cours	Ranchal	Cours-la-Ville|Cours	Pont-Trambouze|Cours	Thel|Cours
69480	Ambérieux	Anse	Lachassagne	Lucenay	Marcy	Morancé	Pommiers
69490	Ancy	Saint-Forgeux	Saint-Romain-de-Popey	Sarcey	Vindry-sur-Turdine	Dareizé|Vindry-sur-Turdine	Les Olmes|Vindry-sur-Turdine	Pontcharra-sur-Turdine|Vindry-sur-Turdine	Saint-Loup|Vindry-sur-Turdine
69500	Bron
69510	Messimy	Rontalon	Soucieu-en-Jarrest	Thurins	Yzeron
69520	Grigny-sur-Rhône
69530	Brignais	Orliénas
69540	Irigny
69550	Amplepuis	Cublize	Meaux-la-Montagne	Ronno	Saint-Jean-la-Bussière
69560	Saint-Cyr-sur-le-Rhône	Saint-Romain-en-Gal	Sainte-Colombe
69570	Dardilly
69580	Sathonay-Camp	Sathonay-Village
69590	Coise	La Chapelle-sur-Coise	Larajasse	Pomeys	Saint-Symphorien-sur-Coise
69600	Oullins-Pierre-Bénite	Oullins|Oullins-Pierre-Bénite
69610	Aveize	Grézieu-le-Marché	Haute-Rivoire	Les Halles	Meys	Montromant	Saint-Genis-l'Argentière	Sainte-Foy-l'Argentière	Souzy
69620	Bagnols	Chamelet	Frontenas	Le Breuil	Légny	Létra	Moiré	Saint-Vérand	Sainte-Paule	Ternand	Theizé	Val d'Oingt	Le Bois-d'Oingt|Val d'Oingt	Oingt|Val d'Oingt	Saint-Laurent-d'Oingt|Val d'Oingt
69630	Chaponost
69640	Cogny	Denicé	Lacenas	Montmelas-Saint-Sorlin	Porte des Pierres Dorées	Rivolet	Saint-Julien	Ville-sur-Jarnioux	Jarnioux|Porte des Pierres Dorées
69650	Quincieux	Saint-Germain-au-Mont-d'Or
69660	Collonges-au-Mont-d'Or
69670	Vaugneray
69680	Chassieu
69690	Bessenay	Bibost	Brullioles	Brussieu	Courzieu	Saint-Julien-sur-Bibost
69700	Beauvallon	Échalas	Givors	Loire-sur-Rhône	Montagny	Saint-Romain-en-Gier	Chassagny|Beauvallon	Saint-Andéol-le-Château|Beauvallon	Saint-Jean-de-Touslas|Beauvallon
69720	Saint-Bonnet-de-Mure	Saint-Laurent-de-Mure
69730	Genay
69740	Genas
69760	Limonest
69770	Chambost-Longessaigne	Longessaigne	Montrottier	Villechenève
69780	Mions	Saint-Pierre-de-Chandieu	Toussieu
69790	Aigueperse	Azolette	Propières	Saint-Bonnet-des-Bruyères	Saint-Clément-de-Vers	Saint-Igny-de-Vers
69800	Saint-Priest
69820	Fleurie	Vauxrenard
69830	Saint-Georges-de-Reneins
69840	Cenves	Chénas	Émeringes	Juliénas	Jullié
69850	Duerne	Saint-Martin-en-Haut
69860	Deux-Grosnes	Monsols|Deux-Grosnes	Ouroux|Deux-Grosnes	Saint-Christophe|Deux-Grosnes	Saint-Jacques-des-Arrêts|Deux-Grosnes	Saint-Mamert|Deux-Grosnes	Trades|Deux-Grosnes
69870	Chambost-Allières	Claveisolles	Grandris	Lamure-sur-Azergues	Poule-les-Écharmeaux	Saint-Bonnet-le-Troncy	Saint-Cyr-le-Chatoux	Saint-Just-d'Avray	Saint-Nizier-d'Azergues
69890	La Tour-de-Salvagny
69910	Villié-Morgon
69930	Saint-Clément-les-Places	Saint-Laurent-de-Chamousset
69960	Corbas
69970	Chaponnay	Marennes
70000	Andelarre	Andelarrot	Auxon	Baignes	Boursières	Cerre-lès-Noroy	Chariez	Charmoille	Clans	Colombe-lès-Vesoul	Colombier	Comberjon	Coulevon	Dampvalley-lès-Colombe	Échenoz-la-Méline	Échenoz-le-Sec	Flagy	Frotey-lès-Vesoul	La Demie	Le Magnoray	Mailley-et-Chazelot	Mont-le-Vernois	Montcey	Montigny-lès-Vesoul	Navenne	Neurey-lès-la-Demie	Noidans-lès-Vesoul	Noroy-le-Bourg	Pusey	Pusy-et-Épenoux	Quincey	Raze	Rosey	Vaivre-et-Montoille	Vallerois-le-Bois	Vallerois-Lorioz	Velle-le-Châtel	Vellefaux	Velleguindry-et-Levrecey	Vesoul	Villeparois	Villers-le-Sec
70100	Ancier	Apremont	Arc-lès-Gray	Arsans	Attricourt	Autrey-lès-Gray	Auvet-et-la-Chapelotte	Battrans	Beaujeu-Saint-Vallier-Pierrejux-et-Quitteur	Bouhans-et-Feurg	Broye-les-Loups-et-Verfontaine	Champtonnay	Champvans	Chargey-lès-Gray	Cresancey	Esmoulins	Essertenne-et-Cecey	Fahy-lès-Autrey	Germigney	Gray	Gray-la-Ville	Le Tremblois	Lœuilley	Mantoche	Montureux-et-Prantigny	Nantilly	Noiron	Onay	Poyans	Rigny	Saint-Broing	Saint-Loup-Nantouard	Sauvigney-lès-Gray	Velesmes-Échevanne	Velet	Venère	Quitteur|Beaujeu-Saint-Vallier-Pierrejux-et-Quitteur
70110	Aillevans	Athesans-Étroitefontaine	Autrey-le-Vay	Autrey-lès-Cerre	Belles-Fontaines	Beveuge	Borey	Esprels	Fallon	Gouhenans	Grammont	Les Magny	Longevelle	Marast	Mélecey	Moimay	Montjustin-et-Velotte	Oppenans	Oricourt	Pont-sur-l'Ognon	Saint-Ferjeux	Saint-Sulpice	Senargent-Mignafans	Villafans	Villargent	Villers-la-Ville	Villersexel	Courchaton|Belles-Fontaines	Étroitefontaine|Athesans-Étroitefontaine	Georfans|Belles-Fontaines	Mignafans|Senargent-Mignafans	Vellechevreux-et-Courbenans|Belles-Fontaines
70120	Arbecey	Bourguignon-lès-Morey	Charmes-Saint-Valbert	Cintrey	Combeaufontaine	Confracourt	Cornot	Fédry	Fleurey-lès-Lavoncourt	Gourgeon	Grandecourt	La Quarte	La Roche-Morey	La Rochelle	Lavigney	Lavoncourt	Malvillers	Melin	Molay	Mont-Saint-Léger	Oigney	Preigney	Renaucourt	Semmadon	Theuley	Tincey-et-Pontrebeau	Vauconcourt-Nervezain	Villers-Vaudey	Vy-lès-Rupt	Betoncourt-les-Ménétriers|La Roche-Morey	Saint-Julien|La Roche-Morey
70130	Ferrières-lès-Ray	Fresne-Saint-Mamès	Fretigney-et-Velloreille	La Romaine	La Vernotte	Les Bâties	Mercey-sur-Saône	Neuvelle-lès-la-Charité	Noidans-le-Ferroux	Ray-sur-Saône	Recologne	Saint-Gand	Savoyeux	Seveux-Motey	Soing-Cubry-Charentenay	Vanne	Vellexon-Queutrey-et-Vaudey	Vy-le-Ferroux	Charentenay|Soing-Cubry-Charentenay	Cubry-lès-Soing|Soing-Cubry-Charentenay	Greucourt|La Romaine	Le Pont-de-Planches|La Romaine	Vezet|La Romaine
70140	Bard-lès-Pesmes	Bresilley	Broye-Aubigney-Montseugny	Chancey	Chaumercenne	Chevigney	La Grande-Résie	La Résie-Saint-Martin	Lieucourt	Malans	Montagney	Motey-Besuche	Pesmes	Sauvigney-lès-Pesmes	Vadans	Valay	Aubigney|Broye-Aubigney-Montseugny	Montseugny|Broye-Aubigney-Montseugny
70150	Avrigney-Virey	Bay	Beaumotte-lès-Pin	Bonboillon	Brussey	Chambornay-lès-Pin	Chenevrey-et-Morogne	Courcuire	Cult	Étuz	Hugier	Marnay	Pin	Sornay	Tromarey	Vregille	Virey|Avrigney-Virey
70160	Amance	Baulay	Breurey-lès-Faverney	Contréglise	Cubry-lès-Faverney	Équevilley	Faverney	Fleurey-lès-Faverney	Fouchécourt	La Villedieu-en-Fontenette	Le Val-Saint-Éloi	Menoux	Mersuay	Neurey-en-Vaux	Purgerot	Saint-Rémy-en-Comté	Senoncourt
70170	Amoncourt	Bougnon	Chargey-lès-Port	Chaux-lès-Port	Conflandey	Grattery	Port-sur-Saône	Provenchère	Scye	Vauchoux	Villers-sur-Port
70180	Achey	Autet	Brotte-lès-Ray	Dampierre-sur-Salon	Delain	Denèvre	Francourt	Membrey	Montot	Roche-et-Raucourt	Vaite	Vereux	Volon
70190	Aulx-lès-Cromary	Authoison	Beaumotte-Aubertans	Boulot	Boult	Bourguignon-lès-la-Charité	Bussières	Buthiers	Chambornay-lès-Bellevaux	Chaux-la-Lotière	Cirey	Cordonnet	Cromary	Fondremand	Grandvelle-et-le-Perrenot	Hyet	La Barre	La Malachère	Lieffrans	Maizières	Montarlot-lès-Rioz	Neuvelle-lès-Cromary	Pennesières	Perrouse	Quenoche	Recologne-lès-Rioz	Rioz	Ruhans	Sorans-lès-Breurey	Traitiéfontaine	Trésilley	Vandelans	Villers-Bouton	Villers-Pater	Voray-sur-l'Ognon	Aubertans|Beaumotte-Aubertans	Les Fontenis|Rioz
70200	Adelans-et-le-Val-de-Bithaine	Amblans-et-Velotte	Andornay	Arpenans	Bouhans-lès-Lure	Clairegoutte	Dambenoît-lès-Colombe	Faymont	Franchevelle	Frédéric-Fontaine	Froideterre	Frotey-lès-Lure	La Côte	La Neuvelle-lès-Lure	La Vergenne	Lantenot	Le Val-de-Gouhenans	Les Aynans	Linexert	Lomont	Lure	Lyoffans	Magny-Danigon	Magny-Jobert	Magny-Vernois	Malbouhans	Moffans-et-Vacheresse	Palante	Quers	Rignovelle	Roye	Saint-Germain	Vouhenans	Vy-lès-Lure
70210	Alaincourt	Ambiévillers	Anchenoncourt-et-Chazel	Betoncourt-Saint-Pancras	Dampvalley-Saint-Pancras	Demangevelle	Fontenois-la-Ville	Girefontaine	Hurecourt	La Basse-Vaivre	Mailleroncourt-Saint-Pancras	Melincourt	Montdoré	Passavant-la-Rochère	Polaincourt-et-Clairefontaine	Pont-du-Bois	Saponcourt	Selles	Vauvillers
70220	Fougerolles-Saint-Valbert	Fougerolles|Fougerolles-Saint-Valbert
70230	Besnans	Bouhans-lès-Montbozon	Cenans	Chassey-lès-Montbozon	Cognières	Dampierre-sur-Linotte	Filain	Fontenois-lès-Montbozon	Larians-et-Munans	Loulans-Verchamp	Maussans	Montbozon	Ormenans	Roche-sur-Linotte-et-Sorans-les-Cordiers	Thieffrans	Thiénans	Vy-lès-Filain
70240	Calmoutier	Châteney	Châtenois	Colombotte	Creveney	Genevreuille	Genevrey	La Creuse	La Villeneuve-Bellenoye-et-la-Maize	Liévans	Mailleroncourt-Charette	Mollans	Pomoy	Saulx	Servigney	Varogne	Vellefrie	Velleminfroy	Vilory
70250	Ronchamp
70270	Belmont	Belonchamp	Écromagny	Fresse	La Lanterne-et-les-Armonts	Mélisey	Montessaux	Saint-Barthélemy	Ternuay-Melay-et-Saint-Hilaire
70280	Amage	Breuchotte	La Bruyère	Raddon-et-Chapendu	Saint-Bresson
70290	Belfahy	Champagney	Plancher-Bas	Plancher-les-Mines
70300	Abelcourt	Ailloncourt	Baudoncourt	Betoncourt-lès-Brotte	Breuches	Brotte-lès-Luxeuil	Citers	Éhuns	Esboz-Brest	Fougerolles-Saint-Valbert	Froideconche	La Chapelle-lès-Luxeuil	La Corbière	Luxeuil-les-Bains	Magnivray	Meurcourt	Ormoiche	Saint-Sauveur	Sainte-Marie-en-Chaux	Velorcey	Villers-lès-Luxeuil	Visoncourt	Saint-Valbert|Fougerolles-Saint-Valbert
70310	Amont-et-Effreney	Beulotte-Saint-Laurent	Corravillers	Esmoulières	Faucogney-et-la-Mer	La Longine	La Montagne	La Proiselière-et-Langle	La Rosière	La Voivre	Les Fessey	Sainte-Marie-en-Chanois
70320	Aillevillers-et-Lyaumont	Corbenay	La Vaivre
70360	Aroz	Bucey-lès-Traves	Chantes	Chassey-lès-Scey	Chemilly	Ferrières-lès-Scey	La Neuvelle-lès-Scey	Ovanches	Pontcey	Rupt-sur-Saône	Scey-sur-Saône-et-Saint-Albin	Traves
70400	Belverne	Brevilliers	Chagey	Châlonvillars	Champey	Chavanne	Chenebier	Coisevaux	Courmont	Couthenans	Crevans-et-la-Chapelle-lès-Granges	Échavanne	Échenans-sous-Mont-Vaudois	Errevet	Étobon	Frahier-et-Chatebier	Granges-la-Ville	Granges-le-Bourg	Héricourt	Luze	Mandrevillars	Mignavillers	Saulnot	Secenans	Trémoins	Verlans	Villers-sur-Saulnot	Vyans-le-Val	Bussurel|Héricourt	Corcelles|Saulnot	Tavey|Héricourt
70440	Haut-du-Them-Château-Lambert	Servance-Miellin	Miellin|Servance-Miellin	Servance|Servance-Miellin
70500	Aboncourt-Gesincourt	Aisey-et-Richecourt	Augicourt	Barges	Betaucourt	Betoncourt-sur-Mance	Blondefontaine	Bougey	Bourbévelle	Bousseraucourt	Buffignécourt	Cemboing	Cendrecourt	Chauvirey-le-Châtel	Chauvirey-le-Vieil	Corre	Gevigney-et-Mercey	Jonvelle	Jussey	Lambrey	Magny-lès-Jussey	Montcourt	Montigny-lès-Cherlieu	Montureux-lès-Baulay	Ormoy	Ouge	Raincourt	Ranzevelle	Rosières-sur-Mance	Saint-Marcel	Tartécourt	Venisey	Vernois-sur-Mance	Villars-le-Pautel	Vitrey-sur-Mance	Vougécourt	Noroy-lès-Jussey|Jussey
70600	Argillières	Champlitte	Courtesoult-et-Gatey	Écuelle	Fouvent-Saint-Andoche	Framont	Larret	Oyrières	Percey-le-Grand	Pierrecourt	Vars	Champlitte-la-Ville|Champlitte	Fouvent-le-Bas|Fouvent-Saint-Andoche	Leffond|Champlitte	Margilley|Champlitte	Montarlot-lès-Champlitte|Champlitte	Neuvelle-lès-Champlitte|Champlitte	Saint-Andoche|Fouvent-Saint-Andoche
70700	Angirey	Autoreille	Bonnevent-Velloreille	Bucey-lès-Gy	Charcenne	Citey	Colombine	Cugney	Étrelles-et-la-Montbleuse	Frasne-le-Château	Gézier-et-Fontenelay	Gy	Igny	La Chapelle-Saint-Quillain	Montboillon	Oiselay-et-Grachaux	Sainte-Reine	Vantoux-et-Longevelle	Vaux-le-Moncelot	Velleclaire	Vellefrey-et-Vellefrange	Vellemoz	Velloreille-lès-Choye	Villers-Chemin-et-Mont-lès-Étrelles	Choye|Colombine	Villefrancon|Colombine
70800	Ainvelle	Anjeux	Bassigney	Bouligney	Bourguignon-lès-Conflans	Briaucourt	Conflans-sur-Lanterne	Cuve	Dampierre-lès-Conflans	Fleurey-lès-Saint-Loup	Fontaine-lès-Luxeuil	Francalmont	Hautevelle	Jasney	La Pisseure	Magnoncourt	Plainemont	Saint-Loup-sur-Semouse
71000	Mâcon	Sancé	Varennes-lès-Mâcon	Loché|Mâcon	Saint-Jean-le-Priche|Mâcon	Sennecé-lès-Mâcon|Mâcon
71100	Chalon-sur-Saône	La Charmée	Lux	Saint-Rémy	Sevrey
71110	Anzy-le-Duc	Artaix	Baugy	Bourg-le-Comte	Briant	Céron	Chambilly	Ligny-en-Brionnais	Marcigny	Montceaux-l'Étoile	Saint-Didier-en-Brionnais	Saint-Julien-de-Jonzy	Saint-Martin-du-Lac	Sainte-Foy	Sarry	Semur-en-Brionnais	Varenne-l'Arconce	Versaugues	Vindecy
71118	Saint-Martin-Belle-Roche
71120	Baron	Champlecy	Changy	Charolles	Fontenay	Lugny-lès-Charolles	Marcilly-la-Gueurce	Ozolles	Vaudebarrier	Vendenesse-lès-Charolles	Viry
71130	Chassy	Clessy	Curdin	Gueugnon	La Chapelle-au-Mans	Neuvy-Grandchamp	Uxeau	Vendenesse-sur-Arroux
71140	Bourbon-Lancy	Chalmoux	Cronat	Lesme	Maltat	Mont	Saint-Aubin-sur-Loire	Vitry-sur-Loire
71150	Bouzeron	Chagny	Chassey-le-Camp	Chaudenay	Cheilly-lès-Maranges	Demigny	Dezize-lès-Maranges	Farges-lès-Chalon	Fontaines	Paris-l'Hôpital	Remigny	Rully	Sampigny-lès-Maranges
71160	Digoin	Gilly-sur-Loire	La Motte-Saint-Jean	Les Guerreaux	Perrigny-sur-Loire	Rigny-sur-Arroux	Saint-Agnan
71170	Anglure-sous-Dun	Chassigny-sous-Dun	Chauffailles	Coublanc	Mussy-sous-Dun	Saint-Igny-de-Roche
71190	Brion	Broye	Dettey	Étang-sur-Arroux	La Chapelle-sous-Uchon	La Tagnière	Laizy	Mesvres	Saint-Didier-sur-Arroux	Saint-Nizier-sur-Arroux	Thil-sur-Arroux	Uchon
71200	Le Creusot	Saint-Sernin-du-Bois
71210	Écuisses	Montchanin	Saint-Eusèbe	Saint-Julien-sur-Dheune	Saint-Laurent-d'Andenay	Torcy
71220	Ballore	Beaubery	Chevagny-sur-Guye	Chiddes	La Guiche	Le Rousset-Marizy	Martigny-le-Comte	Mornay	Passy	Pressy-sous-Dondin	Saint-André-le-Désert	Saint-Bonnet-de-Joux	Saint-Martin-de-Salencey	Sivignon	Suin	Verosvres	Le Rousset|Le Rousset-Marizy	Marizy|Le Rousset-Marizy
71230	Pouilloux	Saint-Romain-sous-Gourdon	Saint-Vallier
71240	Beaumont-sur-Grosne	Étrigny	Gigny-sur-Saône	Jugy	La Chapelle-de-Bragny	Laives	Lalheue	Mancey	Marnay	Montceaux-Ragny	Nanton	Saint-Ambreuil	Saint-Cyr	Saint-Loup-de-Varennes	Sennecey-le-Grand	Varennes-le-Grand	Vers
71250	Bergesserin	Blanot	Bray	Buffières	Château	Chérizet	Cluny	Cortambert	Donzy-le-Pertuis	Flagy	Jalogny	La Vineuse sur Fregande	Lournand	Massilly	Mazille	Sailly	Saint-Vincent-des-Prés	Sainte-Cécile	Salornay-sur-Guye	Sigy-le-Châtel	Taizé	Donzy-le-National|La Vineuse sur Fregande	La Vineuse|La Vineuse sur Fregande	Massy|La Vineuse sur Fregande	Vitry-lès-Cluny|La Vineuse sur Fregande
71260	Azé	Bissy-la-Mâconnaise	Burgy	Charbonnières	Clessé	Cruzille	Fleurville	La Salle	Lugny	Montbellet	Péronne	Saint-Albain	Saint-Gengoux-de-Scissé	Saint-Maurice-de-Satonnay	Senozan	Viré
71270	Authumes	Beauvernois	Bellevesvre	Charette-Varennes	Clux-Villeneuve	Fretterans	Frontenard	Lays-sur-le-Doubs	Longepierre	Mont-lès-Seurre	Mouthier-en-Bresse	Navilly	Pierre-de-Bresse	Pontoux	Pourlans	Torpes
71290	Brienne	Cuisery	Huilly-sur-Seille	Jouvençon	L'Abergement-de-Cuisery	La Genête	La Truchère	Loisy	Ormes	Préty	Rancy	Ratenelle	Simandre
71300	Gourdon	Marigny	Mary	Mont-Saint-Vincent	Montceau-les-Mines	Saint-Berain-sous-Sanvignes
71310	Dampierre-en-Bresse	La Chapelle-Saint-Sauveur	La Chaux	La Racineuse	Mervans	Montjay	Saint-Bonnet-en-Bresse	Serley	Serrigny-en-Bresse
71320	Charbonnat	Cuzy	La Boulaye	Montmort	Saint-Eugène	Sainte-Radegonde	Toulon-sur-Arroux
71330	Bosjean	Bouhans	Devrouze	Diconne	Frangy-en-Bresse	Le Planois	Le Tartre	Saint-Germain-du-Bois	Sens-sur-Seille	Simard
71340	Chenay-le-Châtel	Fleury-la-Montagne	Iguerande	Mailly	Melay	Saint-Bonnet-de-Cray
71350	Allerey-sur-Saône	Bragny-sur-Saône	Charnay-lès-Chalon	Écuelles	Les Bordes	Palleau	Saint-Gervais-en-Vallière	Saint-Loup-Géanges	Saint-Martin-en-Gâtinois	Saunières	Sermesse	Toutenant	Verdun-Ciel
71360	Collonge-la-Madeleine	Épertully	Épinac	Morlet	Saint-Léger-du-Bois	Saisy	Sully
71370	Baudrières	L'Abergement-Sainte-Colombe	Ouroux-sur-Saône	Saint-Christophe-en-Bresse	Saint-Étienne-en-Bresse	Saint-Germain-du-Plain
71380	Allériot	Châtenoy-en-Bresse	Épervans	Lans	Oslon	Saint-Marcel
71390	Bissey-sous-Cruchaud	Buxy	Cersot	Chenôves	Fley	Granges	Jully-lès-Buxy	Marcilly-lès-Buxy	Messey-sur-Grosne	Montagny-lès-Buxy	Moroges	Rosey	Saint-Boil	Saint-Désert	Saint-Germain-lès-Buxy	Saint-Martin-d'Auxy	Saint-Privé	Saint-Vallerin	Sainte-Hélène	Sassangy	Saules	Villeneuve-en-Montagne
71400	Antully	Autun	Auxy	Curgy	Dracy-Saint-Loup	La Celle-en-Morvan	La Petite-Verrière	Monthelon	Saint-Forgeot	Tavernay
71410	Sanvignes-les-Mines
71420	Ciry-le-Noble	Dompierre-sous-Sanvignes	Génelard	Marly-sur-Arroux	Oudry	Perrecy-les-Forges	Saint-Romain-sous-Versigny
71430	Grandvaux	Palinges	Saint-Aubin-en-Charollais	Saint-Bonnet-de-Vieille-Vigne	Saint-Vincent-Bragny
71440	Juif	La Frette	Lessard-en-Bresse	Montret	Saint-André-en-Bresse	Saint-Vincent-en-Bresse	Savigny-sur-Seille	Thurey	Tronchy	Vérissey
71450	Blanzy
71460	Ameugny	Bissy-sous-Uxelles	Bissy-sur-Fley	Bonnay-Saint-Ythaire	Bresse-sur-Grosne	Burnand	Burzy	Champagny-sous-Uxelles	Chapaize	Chissey-lès-Mâcon	Collonge-en-Charollais	Cormatin	Cortevaix	Culles-les-Roches	Curtil-sous-Burnand	Genouilly	Germagny	Joncy	Le Puley	Malay	Saint-Clément-sur-Guye	Saint-Gengoux-le-National	Saint-Huruge	Saint-Marcelin-de-Cray	Saint-Martin-du-Tartre	Saint-Martin-la-Patrouille	Saint-Maurice-des-Champs	Saint-Micaud	Santilly	Savianges	Savigny-sur-Grosne	Sercy	Vaux-en-Pré	Bonnay|Bonnay-Saint-Ythaire	Saint-Ythaire|Bonnay-Saint-Ythaire
71470	La Chapelle-Thècle	Ménetreuil	Montpont-en-Bresse	Romenay	Sainte-Croix-en-Bresse
71480	Champagnat	Condal	Cuiseaux	Dommartin-lès-Cuiseaux	Joudes	Le Miroir	Varennes-Saint-Sauveur
71490	Couches	Créot	Dracy-lès-Couches	Saint-Émiland	Saint-Gervais-sur-Couches	Saint-Jean-de-Trézy	Saint-Martin-de-Commune	Saint-Maurice-lès-Couches	Tintry
71500	Bantanges	Branges	Bruailles	La Chapelle-Naude	Louhans-Châteaurenaud	Montagny-près-Louhans	Montcony	Ratte	Saint-Usuge	Sornay	Vincelles
71510	Aluze	Chamilly	Charrecey	Châtel-Moron	Dennevy	Essertenne	Morey	Perreuil	Saint-Bérain-sur-Dheune	Saint-Gilles	Saint-Léger-sur-Dheune	Saint-Sernin-du-Plain
71520	Bourgvilain	Curtil-sous-Buffières	Dompierre-les-Ormes	Germolles-sur-Grosne	La Chapelle-du-Mont-de-France	Matour	Montmelard	Navour-sur-Grosne	Saint-Léger-sous-la-Bussière	Saint-Pierre-le-Vieux	Saint-Point	Tramayes	Trambly	Trivy	Brandon|Navour-sur-Grosne	Clermain|Navour-sur-Grosne	Montagny-sur-Grosne|Navour-sur-Grosne
71530	Champforgeuil	Crissey	Fragnes-La Loyère	Lessard-le-National	Sassenay	Virey-le-Grand
71540	Barnay	Chissey-en-Morvan	Cordesse	Igornay	Lucenay-l'Évêque	Reclesne	Sommant
71550	Anost	Cussy-en-Morvan	Roussillon-en-Morvan
71570	Chaintré	Chânes	Chasselas	La Chapelle-de-Guinchay	Leynes	Pruzilly	Romanèche-Thorins	Saint-Amour-Bellevue	Saint-Symphorien-d'Ancelles	Saint-Vérand
71580	Beaurepaire-en-Bresse	Flacey-en-Bresse	Frontenaud	Le Fay	Sagy	Saillenard	Saint-Martin-du-Mont	Savigny-en-Revermont
71590	Gergy	Verjux
71600	Hautefond	L'Hôpital-le-Mercier	Nochize	Paray-le-Monial	Poisson	Saint-Léger-lès-Paray	Saint-Yan	Varenne-Saint-Germain	Vitry-en-Charollais	Volesvres
71620	Bey	Damerey	Guerfand	Montcoy	Saint-Didier-en-Bresse	Saint-Martin-en-Bresse	Saint-Maurice-en-Rivière	Villegaudin
71640	Barizey	Dracy-le-Fort	Givry	Jambles	Mellecey	Mercurey	Saint-Denis-de-Vaux	Saint-Jean-de-Vaux	Saint-Mard-de-Vaux	Saint-Martin-sous-Montaigu
71670	Le Breuil	Saint-Firmin	Saint-Pierre-de-Varennes
71680	Crêches-sur-Saône	Vinzelles
71700	Boyer	Chardonnay	Farges-lès-Mâcon	Grevilly	La Chapelle-sous-Brancion	Lacrost	Le Villars	Martailly-lès-Brancion	Ozenay	Plottes	Royer	Tournus	Uchizy
71710	Charmoy	Les Bizots	Marmagne	Montcenis	Saint-Symphorien-de-Marmagne
71740	Châteauneuf	Saint-Edmond	Saint-Martin-de-Lixy	Saint-Maurice-lès-Châteauneuf	Tancon
71760	Cressy-sur-Somme	Grury	Issy-l'Évêque	Marly-sous-Issy
71800	Amanzé	Baudemont	Bois-Sainte-Marie	Châtenay	Colombier-en-Brionnais	Curbigny	Dyo	Gibles	La Chapelle-sous-Dun	La Clayette	Ouroux-sous-le-Bois-Sainte-Marie	Oyé	Prizy	Saint-Christophe-en-Brionnais	Saint-Germain-en-Brionnais	Saint-Julien-de-Civry	Saint-Laurent-en-Brionnais	Saint-Racho	Saint-Symphorien-des-Bois	Vareilles	Varennes-sous-Dun	Vauban
71850	Charnay-lès-Mâcon
71870	Hurigny	Laizé
71880	Châtenoy-le-Royal
71960	Berzé-la-Ville	Berzé-le-Châtel	Bussières	Chevagny-les-Chevrières	Davayé	Fuissé	Igé	La Roche-Vineuse	Milly-Lamartine	Pierreclos	Prissé	Serrières	Sologny	Solutré-Pouilly	Vergisson	Verzé
71990	La Comelle	La Grande-Verrière	Saint-Léger-sous-Beuvray	Saint-Prix
72000	Le Mans
72100	Le Mans
72110	Beaufay	Bonnétable	Briosne-lès-Sables	Courcemont	Courcival	Jauzé	Nogent-le-Bernard	Prévelles	Rouperroux-le-Coquet	Saint-Aignan	Saint-Célerin	Saint-Cosme-en-Vairais	Saint-Denis-des-Coudrais	Saint-Georges-du-Rosay	Terrehault	Torcé-en-Vallée
72120	Conflans-sur-Anille	Écorpain	Marolles-lès-Saint-Calais	Montaillé	Rahay	Saint-Calais	Saint-Gervais-de-Vic	Sainte-Cérotte	Val-d'Étangson	Évaillé|Val-d'Étangson	Sainte-Osmane|Val-d'Étangson
72130	Assé-le-Boisne	Douillet	Fresnay-sur-Sarthe	Gesnes-le-Gandelin	Montreuil-le-Chétif	Moulins-le-Carbonnel	Saint-Aubin-de-Locquenay	Saint-Georges-le-Gaultier	Saint-Léonard-des-Bois	Saint-Ouen-de-Mimbré	Saint-Paul-le-Gaultier	Saint-Victeur	Sougé-le-Ganelon	Coulombiers|Fresnay-sur-Sarthe	Saint-Germain-sur-Sarthe|Fresnay-sur-Sarthe
72140	Crissé	Le Grez	Mont-Saint-Jean	Neuvillette-en-Charnie	Parennes	Pezé-le-Robert	Rouessé-Vassé	Rouez	Saint-Rémy-de-Sillé	Sillé-le-Guillaume
72150	Courdemanche	Le Grand-Lucé	Montreuil-le-Henri	Pruillé-l'Éguillé	Saint-Georges-de-la-Couée	Saint-Pierre-du-Lorouër	Saint-Vincent-du-Lorouër	Villaines-sous-Lucé
72160	Beillé	Connerré	Duneau	La Chapelle-Saint-Rémy	Sceaux-sur-Huisne	Thorigné-sur-Dué	Tuffé Val de la Chéronne	Vouvray-sur-Huisne
72170	Assé-le-Riboul	Beaumont-sur-Sarthe	Chérancé	Doucelles	Juillé	Le Tronchet	Maresché	Meurcé	Moitron-sur-Sarthe	Piacé	Saint-Christophe-du-Jambet	Saint-Marceau	Ségrie	Vernie	Vivoin
72190	Coulaines	Neuville-sur-Sarthe	Saint-Pavace	Sargé-lès-le-Mans
72200	Bazouges Cré sur Loir	Clermont-Créans	Crosmières	La Flèche	Le Bailleul	Mareil-sur-Loir	Bazouges-sur-le-Loir|Bazouges Cré sur Loir	Cré-sur-Loir|Bazouges Cré sur Loir
72210	Chemiré-le-Gaudin	Fillé	La Suze-sur-Sarthe	Louplande	Maigné	Roëzé-sur-Sarthe	Souligné-Flacé	Voivres-lès-le-Mans
72220	Écommoy	Laigné-Saint-Gervais	Marigné-Laillé	Saint-Biez-en-Belin	Saint-Mars-d'Outillé	Saint-Ouen-en-Belin	Teloché
72230	Arnage	Guécélard	Moncé-en-Belin	Mulsanne	Ruaudin
72240	Bernay-Neuvy-en-Champagne	Conlie	Cures	Domfront-en-Champagne	La Chapelle-Saint-Fray	Lavardin	Mézières-sous-Lavardin	Neuvillalais	Ruillé-en-Champagne	Saint-Symphorien	Tennie
72250	Brette-les-Pins	Challes	Parigné-l'Évêque
72260	Avesnes-en-Saosnois	Courgains	Dangeul	Les Mées	Marolles-les-Braults	Moncé-en-Saosnois	Monhoudou	Nauvay	Nouans	Peray	René	Thoigné
72270	Arthezé	Bousse	Courcelles-la-Forêt	Dureil	Ligron	Malicorne-sur-Sarthe	Mézeray	Villaines-sous-Malicorne
72290	Ballon-Saint Mars	Congé-sur-Orne	Courcebœufs	Lucé-sous-Ballon	Mézières-sur-Ponthouin	Souligné-sous-Ballon	Teillé
72300	Auvers-le-Hamon	Courtillers	Juigné-sur-Sarthe	La Chapelle-d'Aligné	Louailles	Notre-Dame-du-Pé	Parcé-sur-Sarthe	Pincé	Précigné	Sablé-sur-Sarthe	Solesmes	Souvigné-sur-Sarthe	Vion
72310	Bessé-sur-Braye	Cogners	La Chapelle-Huon	Loir en Vallée	Vancé	La Chapelle-Gaugain|Loir en Vallée	Lavenay|Loir en Vallée
72320	Berfay	Champrond	Courgenard	Gréez-sur-Roc	Lamnay	Melleray	Montmirail	Saint-Jean-des-Échelles	Saint-Maixent	Saint-Ulphace	Théligny	Valennes	Vibraye
72330	Cérans-Foulletourte	La Fontaine-Saint-Martin	Oizé	Parigné-le-Pôlin	Yvré-le-Pôlin
72340	Beaumont-sur-Dême	Chahaignes	La Chartre-sur-le-Loir	Lhomme	Loir en Vallée	Marçon	Poncé-sur-le-Loir|Loir en Vallée	Ruillé-sur-Loir|Loir en Vallée
72350	Avessé	Brûlon	Chevillé	Fontenay-sur-Vègre	Poillé-sur-Vègre	Saint-Denis-d'Orques	Saint-Ouen-en-Champagne	Viré-en-Champagne
72360	Mayet	Sarcé	Verneil-le-Chétif
72370	Ardenay-sur-Mérize	Le Breil-sur-Mérize	Nuillé-le-Jalais	Soulitré	Surfonds
72380	Joué-l'Abbé	La Guierche	Montbizot	Saint-Jean-d'Assé	Sainte-Jamme-sur-Sarthe	Sainte-Sabine-sur-Longève	Souillé
72390	Bouër	Dollon	Lavaré	Le Luart	Semur-en-Vallon
72400	Avezé	Boëssé-le-Sec	Cherré-Au	Cormes	Dehault	La Bosse	La Chapelle-du-Bois	La Ferté-Bernard	Préval	Saint-Aubin-des-Coudrais	Saint-Martin-des-Monts	Souvigné-sur-Même	Villaines-la-Gonais	Cherreau|Cherré-Au	Cherré|Cherré-Au
72430	Asnières-sur-Vègre	Avoise	Chantenay-Villedieu	Fercé-sur-Sarthe	Noyen-sur-Sarthe	Pirmil	Saint-Jean-du-Bois	Saint-Pierre-des-Bois	Tassé
72440	Bouloire	Coudrecieux	Maisoncelles	Saint-Michel-de-Chavaignes	Tresson	Val-de-la-Hune	Saint-Mars-de-Locquenay|Val-de-la-Hune	Volnay|Val-de-la-Hune
72450	Lombron	Montfort-le-Gesnois
72460	Saint-Corneille	Savigné-l'Évêque	Sillé-le-Philippe
72470	Champagné	Fatines	Saint-Mars-la-Brière
72500	Beaumont-Pied-de-Bœuf	Chenu	Dissay-sous-Courcillon	Flée	Jupilles	La Bruère-sur-Loir	Lavernat	Luceau	Montval-sur-Loir	Nogent-sur-Loir	Saint-Pierre-de-Chevillé	Thoiré-sur-Dinan	Vaas	Château-du-Loir|Montval-sur-Loir	Montabon|Montval-sur-Loir	Vouvray-sur-Loir|Montval-sur-Loir
72510	Château-l'Hermitage	Mansigné	Pontvallain	Requeil	Saint-Jean-de-la-Motte
72530	Yvré-l'Évêque
72540	Amné	Auvers-sous-Montfaucon	Chassillé	Chemiré-en-Charnie	Crannes-en-Champagne	Épineu-le-Chevreuil	Joué-en-Charnie	Longnes	Loué	Mareil-en-Champagne	Saint-Christophe-en-Champagne	Tassillé	Vallon-sur-Gée
72550	Brains-sur-Gée	Chaufour-Notre-Dame	Coulans-sur-Gée	Degré	Fay	La Quinte
72560	Changé
72600	Aillières-Beauvoir	Blèves	Commerveil	Contilly	Les Aulneaux	Louvigny	Louzes	Mamers	Marollette	Neufchâtel-en-Saosnois	Panon	Pizieux	Saint-Calez-en-Saosnois	Saint-Longis	Saint-Pierre-des-Ormes	Saint-Rémy-des-Monts	Saint-Rémy-du-Val	Saint-Vincent-des-Prés	Saosnes	Vezot	Villaines-la-Carelle	Villeneuve-en-Perseigne	Chassé|Villeneuve-en-Perseigne	Montigny|Villeneuve-en-Perseigne	Roullée|Villeneuve-en-Perseigne
72610	Ancinnes	Arçonnay	Bérus	Béthon	Bourg-le-Roi	Champfleur	Chenay	Chérisay	Fyé	Grandchamp	Livet-en-Saosnois	Oisseau-le-Petit	Rouessé-Fontaine	Saint-Paterne - Le Chevain	Thoiré-sous-Contensor	Villeneuve-en-Perseigne	Le Chevain|Saint-Paterne - Le Chevain	Lignières-la-Carelle|Villeneuve-en-Perseigne	Saint-Paterne|Saint-Paterne - Le Chevain	Saint-Rigomer-des-Bois|Villeneuve-en-Perseigne
72650	Aigné	La Bazoge	La Chapelle-Saint-Aubin	La Milesse	Saint-Saturnin	Trangé
72700	Allonnes	Étival-lès-le-Mans	Pruillé-le-Chétif	Rouillon	Saint-Georges-du-Bois	Spay
72800	Aubigné-Racan	Coulongé	La Chapelle-aux-Choux	Le Lude	Luché-Pringé	Saint-Germain-d'Arcé	Savigné-sous-le-Lude	Thorée-les-Pins	Dissé-sous-le-Lude|Le Lude
73000	Barberaz	Bassens	Chambéry	Jacob-Bellecombette	Montagnole	Sonnaz
73100	Aix-les-Bains	Brison-Saint-Innocent	Grésy-sur-Aix	Montcel	Mouxy	Pugny-Chatenod	Saint-Offenge	Tresserve	Trévignin
73110	Arvillard	Bourget-en-Huile	Détrier	La Chapelle-Blanche	La Croix-de-la-Rochette	La Table	La Trinité	Le Pontet	Le Verneil	Presle	Rotherens	Valgelon-La Rochette	Villard-Sallet	Villaroux	Étable|Valgelon-La Rochette	La Rochette|Valgelon-La Rochette
73120	Courchevel
73130	La Chambre	Notre-Dame-du-Cruet	Saint-Alban-des-Villards	Saint-Avre	Saint-Colomban-des-Villards	Saint-Étienne-de-Cuines	Saint François Longchamp	Saint-Martin-sur-la-Chambre	Sainte-Marie-de-Cuines	Montaimont|Saint François Longchamp	Montgellafrey|Saint François Longchamp
73140	Orelle	Saint-Martin-d'Arc	Saint-Martin-de-la-Porte	Saint-Michel-de-Maurienne	Beaune|Saint-Michel-de-Maurienne	Thyl|Saint-Michel-de-Maurienne
73150	Val-d'Isère
73160	Cognin	Corbel	Saint-Cassin	Saint-Jean-de-Couz	Saint-Sulpice	Saint-Thibaud-de-Couz	Vimines
73170	Billième	Jongieux	La Balme	La Chapelle-Saint-Martin	Loisieux	Lucey	Meyrieux-Trouet	Saint-Jean-de-Chevelu	Saint-Paul-sur-Yenne	Saint-Pierre-d'Alvey	Traize	Verthemex	Yenne
73190	Apremont	Challes-les-Eaux	Curienne	La Thuile	Puygros	Saint-Baldoph	Saint-Jeoire-Prieuré
73200	Albertville	Allondaz	Césarches	Gilly-sur-Isère	Grignon	Mercury	Monthion	Pallud	Plancherine	Thénésol	Venthon
73210	Aime-la-Plagne	La Plagne Tarentaise	Landry	Peisey-Nancroix	Aime|Aime-la-Plagne	Bellentre|La Plagne Tarentaise	Granier|Aime-la-Plagne	La Côte-d'Aime|La Plagne Tarentaise	Longefoy|Aime-la-Plagne	Mâcot-la-Plagne|La Plagne Tarentaise	Montgirod|Aime-la-Plagne	Tessens|Aime-la-Plagne	Valezan|La Plagne Tarentaise	Villette|Aime-la-Plagne
73220	Aiton	Argentine	Bonvillaret	Épierre	Montgilbert	Montsapey	Saint-Alban-d'Hurtières	Saint-Georges-d'Hurtières	Saint-Léger	Saint-Pierre-de-Belleville	Val-d'Arc	Aiguebelle|Val-d'Arc	Randens|Val-d'Arc
73230	Barby	Les Déserts	Saint-Alban-Leysse	Saint-Jean-d'Arvey	Thoiry	Verel-Pragondran
73240	Avressieux	Champagneux	Rochefort	Saint-Genix-les-Villages	Sainte-Marie-d'Alvey	Gresin|Saint-Genix-les-Villages	Saint-Genix-sur-Guiers|Saint-Genix-les-Villages	Saint-Maurice-de-Rotherens|Saint-Genix-les-Villages
73250	Fréterive	Saint-Jean-de-la-Porte	Saint-Pierre-d'Albigny
73260	Grand-Aigueblanche	La Léchère	Les Avanchers-Valmorel	Aigueblanche|Grand-Aigueblanche	Bonneval|La Léchère	Celliers|La Léchère	Doucy|La Léchère	Feissons-sur-Isère|La Léchère	Le Bois|Grand-Aigueblanche	Naves|La Léchère	Pussy|La Léchère	Saint-Oyen|Grand-Aigueblanche
73270	Beaufort	Villard-sur-Doron
73290	La Motte-Servolex
73300	Albiez-le-Jeune	Albiez-Montrond	Fontcouverte-la-Toussuire	Jarrier	La Tour-en-Maurienne	Montvernier	Saint-Jean-de-Maurienne	Saint-Pancrace	Villarembert	Villargondran	Hermillon|La Tour-en-Maurienne	Le Châtel|La Tour-en-Maurienne	Pontamafrey-Montpascal|La Tour-en-Maurienne
73310	Chanaz	Chindrieux	Conjux	Motz	Ontex	Ruffieux	Saint-Pierre-de-Curtille	Serrières-en-Chautagne	Vions
73320	Tignes
73330	Belmont-Tramonet	Domessin	Le Pont-de-Beauvoisin	Verel-de-Montbel
73340	Aillon-le-Jeune	Aillon-le-Vieux	Arith	Bellecombe-en-Bauges	La Motte-en-Bauges	Le Noyer	Lescheraines	Saint-François-de-Sales
73350	Bozel	Champagny-en-Vanoise	Feissons-sur-Salins	Montagny	Planay
73360	La Bauche	Les Échelles	Saint-Christophe	Saint-Franc	Saint-Pierre-de-Genebroz
73370	Bourdeau	La Chapelle-du-Mont-du-Chat	Le Bourget-du-Lac
73390	Betton-Bettonet	Bourgneuf	Chamousset	Chamoux-sur-Gelon	Champ-Laurent	Châteauneuf	Hauteville	Montendry	Villard-Léger
73400	Cohennoz	Marthod	Ugine
73410	Entrelacs	La Biolle	Saint-Ours	Albens|Entrelacs	Cessens|Entrelacs	Épersy|Entrelacs	Mognard|Entrelacs	Saint-Germain-la-Chambotte|Entrelacs	Saint-Girod|Entrelacs
73420	Drumettaz-Clarafond	Méry	Viviers-du-Lac	Voglans
73440	Les Belleville	Saint-Jean-de-Belleville|Les Belleville	Saint-Martin-de-Belleville|Les Belleville
73450	Valloire	Valmeinier
73460	Bonvillard	Cléry	Frontenex	Grésy-sur-Isère	Montailleur	Notre-Dame-des-Millières	Saint-Vital	Sainte-Hélène-sur-Isère	Tournon	Verrens-Arvey
73470	Ayn	Gerbaix	Marcieux	Nances	Novalaise
73480	Bessans	Bonneval-sur-Arc	Val-Cenis	Lanslebourg-Mont-Cenis|Val-Cenis	Lanslevillard|Val-Cenis
73490	La Ravoire
73500	Aussois	Avrieux	Fourneaux	Freney	Modane	Saint-André	Val-Cenis	Villarodin-Bourget	Bramans|Val-Cenis	Sollières-Sardières|Val-Cenis	Termignon|Val-Cenis
73520	La Bridoire	Saint-Béron
73530	Saint-Jean-d'Arves	Saint-Sorlin-d'Arves
73540	Esserts-Blay	La Bâthie
73550	Les Allues
73570	Brides-les-Bains
73590	Cohennoz	Crest-Voland	Flumet	La Giettaz	Notre-Dame-de-Bellecombe	Saint-Nicolas-la-Chapelle
73600	Hautecour	Les Belleville	Moûtiers	Notre-Dame-du-Pré	Saint-Marcel	Salins-Fontaine	Fontaine-le-Puits|Salins-Fontaine	Salins-les-Thermes|Salins-Fontaine	Villarlurin|Les Belleville
73610	Aiguebelette-le-Lac	Attignat-Oncin	Dullin	Lépin-le-Lac	Saint-Alban-de-Montbel
73620	Hauteluce
73630	Doucy-en-Bauges	École	Jarsy	La Compôte	Le Châtelard	Sainte-Reine
73640	Sainte-Foy-Tarentaise	Villaroger
73660	La Chapelle	Les Chavannes-en-Maurienne	Saint-Rémy-de-Maurienne
73670	Entremont-le-Vieux	Saint-Pierre-d'Entremont
73700	Bourg-Saint-Maurice	Les Chapelles	Montvalezan	Séez
73710	Pralognan-la-Vanoise
73720	Queige
73730	Cevins	Rognaix	Saint-Paul-sur-Isère
73790	Tours-en-Savoie
73800	Arbin	Chignin	Coise-Saint-Jean-Pied-Gauthier	Cruet	La Chavanne	Laissaud	Les Mollettes	Montmélian	Myans	Planaise	Porte-de-Savoie	Saint-Pierre-de-Soucy	Sainte-Hélène-du-Lac	Villard-d'Héry	Francin|Porte-de-Savoie	Les Marches|Porte-de-Savoie
73870	Montricher-Albanne	Saint-Julien-Mont-Denis
74000	Annecy
74100	Ambilly	Annemasse	Étrembières	Juvigny	Vétraz-Monthoux	Ville-la-Grand
74110	Essert-Romand	La Côte-d'Arbroz	Montriond	Morzine
74120	Demi-Quartier	Megève	Praz-sur-Arly
74130	Ayse	Bonneville	Brizon	Contamine-sur-Arve	Faucigny	Glières-Val-de-Borne	Mont-Saxonnex	Vougy
74140	Ballaison	Chens-sur-Léman	Douvaine	Excenevex	Loisin	Machilly	Massongy	Messery	Nernier	Saint-Cergues	Sciez	Veigy-Foncenex	Yvoire
74150	Bloye	Boussy	Crempigny-Bonneguête	Étercy	Hauteville-sur-Fier	Lornay	Marcellaz-Albanais	Marigny-Saint-Marcel	Massingy	Moye	Rumilly	Saint-Eusèbe	Sales	Thusy	Vallières-sur-Fier	Vaulx	Versonnex
74160	Archamps	Beaumont	Bossey	Collonges-sous-Salève	Feigères	Neydens	Présilly	Saint-Julien-en-Genevois	Vers
74170	Les Contamines-Montjoie	Saint-Gervais-les-Bains
74190	Passy
74200	Allinges	Anthy-sur-Léman	Armoy	La Forclaz	La Vernaz	Lyaud	Margencel	Marin	Reyvroz	Thonon-les-Bains
74210	Chevaline	Doussard	Faverges-Seythenex	Giez	Lathuile	Saint-Ferréol	Talloires-Montmin	Val de Chaise	Cons-Sainte-Colombe|Val de Chaise	Marlens|Val de Chaise	Montmin|Talloires-Montmin
74220	La Clusaz
74230	Dingy-Saint-Clair	La Balme-de-Thuy	Le Bouchet-Mont-Charvin	Les Clefs	Les Villards-sur-Thônes	Manigod	Serraval	Thônes
74240	Gaillard
74250	Bogève	Fillinges	La Tour	Marcellaz	Peillonnex	Saint-Jean-de-Tholome	Ville-en-Sallaz	Viuz-en-Sallaz
74260	Les Gets
74270	Chaumont	Chavannaz	Chêne-en-Semine	Chessenaz	Chilly	Clarafond-Arcine	Clermont	Contamine-Sarzin	Desingy	Droisy	Frangy	Marlioz	Menthonnex-sous-Clermont	Minzier	Musièges	Sallenôves	Vanzy
74290	Alex	Bluffy	Menthon-Saint-Bernard	Talloires-Montmin	Veyrier-du-Lac	Talloires|Talloires-Montmin
74300	Arâches-la-Frasse	Châtillon-sur-Cluses	Cluses	Magland	Nancy-sur-Cluses	Saint-Sigismond	Thyez
74310	Les Houches	Servoz
74320	Leschaux	Sevrier
74330	Choisy	Epagny Metz-Tessy	La Balme-de-Sillingy	Lovagny	Mésigny	Nonglard	Poisy	Sillingy
74340	Samoëns
74350	Allonzier-la-Caille	Andilly	Cercier	Cernex	Copponex	Cruseilles	Cuvat	Le Sappey	Menthonnex-en-Bornes	Saint-Blaise	Villy-le-Bouveret	Villy-le-Pelloux	Vovray-en-Bornes
74360	Abondance	Bonnevaux	La Chapelle-d'Abondance	Vacheresse
74370	Annecy	Argonay	Charvonnex	Epagny Metz-Tessy	Fillière	Nâves-Parmelan	Villaz	Les Ollières|Fillière	Pringy|Annecy	Saint-Martin-Bellevue|Fillière
74380	Arthaz-Pont-Notre-Dame	Bonne	Cranves-Sales	Lucinges	Nangy
74390	Châtel
74400	Chamonix-Mont-Blanc
74410	Duingt	Entrevernes	La Chapelle-Saint-Maurice	Saint-Eustache	Saint-Jorioz
74420	Boëge	Burdignin	Habère-Lullin	Habère-Poche	Saint-André-de-Boëge	Saxel	Villard
74430	La Baume	Le Biot	Saint-Jean-d'Aulps	Seytroux
74440	La Rivière-Enverse	Mieussy	Morillon	Taninges	Verchaix
74450	Le Grand-Bornand	Saint-Jean-de-Sixt
74460	Marnaz
74470	Bellevaux	Lullin	Vailly
74490	Mégevette	Onnion	Saint-Jeoire
74500	Bernex	Champanges	Chevenoz	Évian-les-Bains	Féternes	Larringes	Lugrin	Maxilly-sur-Léman	Meillerie	Neuvecelle	Novel	Publier	Saint-Gingolph	Saint-Paul-en-Chablais	Thollon-les-Mémises	Vinzier
74520	Chênex	Chevrier	Dingy-en-Vuache	Jonzier-Épagny	Savigny	Valleiry	Vulbens
74540	Alby-sur-Chéran	Allèves	Chainaz-les-Frasses	Chapeiry	Cusy	Gruffy	Héry-sur-Alby	Mûres	Saint-Félix	Saint-Sylvestre	Viuz-la-Chiésaz
74550	Cervens	Draillant	Orcier	Perrignier
74560	La Muraz	Monnetier-Mornex
74570	Fillière	Groisy	Aviernoz|Fillière	Évires|Fillière	Thorens-Glières|Fillière
74580	Viry
74600	Annecy	Montagny-les-Lanches	Quintal	Seynod|Annecy
74650	Chavanod
74660	Vallorcine
74700	Cordon	Domancy	Sallanches
74740	Sixt-Fer-à-Cheval
74800	Amancy	Arenthon	Cornier	Eteaux	La Chapelle-Rambaud	La Roche-sur-Foron	Saint-Laurent	Saint-Pierre-en-Faucigny	Saint-Sixt
74890	Bons-en-Chablais	Brenthonne	Fessy	Lully
74910	Bassy	Challonges	Franclens	Saint-Germain-sur-Rhône	Seyssel	Usinens
74920	Combloux
74930	Arbusigny	Pers-Jussy	Reignier-Ésery	Scientrier	Ésery|Reignier-Ésery
74940	Annecy	Annecy-le-Vieux|Annecy
74950	Le Reposoir	Scionzier
74960	Annecy	Cran-Gevrier|Annecy	Meythet|Annecy
74970	Marignier
75001	Paris
75002	Paris
75003	Paris
75004	Paris
75005	Paris
75006	Paris
75007	Paris
75008	Paris
75009	Paris
75010	Paris
75011	Paris
75012	Paris
75013	Paris
75014	Paris
75015	Paris
75016	Paris
75017	Paris
75018	Paris
75019	Paris
75020	Paris
75116	Paris
76000	Rouen
76100	Rouen
76110	Angerville-Bailleul	Annouville-Vilmesnil	Auberville-la-Renault	Bec-de-Mortagne	Bénarville	Bornambusc	Bréauté	Bretteville-du-Grand-Caux	Daubeuf-Serville	Écrainville	Goderville	Gonfreville-Caillot	Grainville-Ymauville	Houquetot	Manneville-la-Goupil	Mentheville	Saint-Maclou-la-Brière	Saint-Sauveur-d'Émalleville	Sausseuzemare-en-Caux	Tocqueville-les-Murs	Vattetot-sous-Beaumont	Virville
76111	Criquebeuf-en-Caux	Vattetot-sur-Mer	Yport
76113	Hautot-sur-Seine	Sahurs	Saint-Pierre-de-Manneville
76116	Auzouville-sur-Ry	Blainville-Crevon	Catenay	Grainville-sur-Ry	Martainville-Épreville	Ry	Saint-Aignan-sur-Ry	Saint-Denis-le-Thiboult	Servaville-Salmonville
76117	Incheville
76119	Sainte-Marguerite-sur-Mer	Varengeville-sur-Mer
76120	Le Grand-Quevilly
76130	Mont-Saint-Aignan
76133	Épouville	Manéglise	Notre-Dame-du-Bec	Rolleville	Saint-Martin-du-Bec
76140	Le Petit-Quevilly
76150	La Vaupalière	Maromme	Saint-Jean-du-Cardonnay
76160	Bois-d'Ennebourg	Bois-l'Évêque	Darnétal	Fontaine-sous-Préaux	La Vieux-Rue	Préaux	Roncherolles-sur-le-Vivier	Saint-Aubin-Épinay	Saint-Jacques-sur-Darnétal	Saint-Léger-du-Bourg-Denis	Saint-Martin-du-Vivier
76170	Grand-Camp	La Frénaye	La Trinité-du-Mont	Lillebonne	Mélamare	Port-Jérôme-sur-Seine	Saint-Antoine-la-Forêt	Saint-Jean-de-Folleville	Saint-Nicolas-de-la-Taille	Auberville-la-Campagne|Port-Jérôme-sur-Seine	Touffreville-la-Cable|Port-Jérôme-sur-Seine	Triquerville|Port-Jérôme-sur-Seine
76190	Allouville-Bellefosse	Auzebosc	Baons-le-Comte	Blacqueville	Bois-Himont	Carville-la-Folletière	Croix-Mare	Écalles-Alix	Écretteville-lès-Baons	Étoutteville	Hautot-le-Vatois	Hautot-Saint-Sulpice	Les Hauts-de-Caux	Saint-Aubin-de-Crétot	Saint-Clair-sur-les-Monts	Saint Martin de l'If	Sainte-Marie-des-Champs	Touffreville-la-Corbeline	Valliquerville	Yvetot	Autretot|Les Hauts-de-Caux	Veauville-lès-Baons|Les Hauts-de-Caux
76200	Dieppe
76210	Bernières	Beuzeville-la-Grenier	Beuzevillette	Bolbec	Bolleville	Gruchet-le-Valasse	Lanquetot	Lintot	Mirville	Nointot	Parc-d'Anxtot	Raffetot	Rouville	Saint-Eustache-la-Forêt	Saint-Jean-de-la-Neuville	Trouville-Alliquerville
76220	Avesnes-en-Bray	Beauvoir-en-Lyons	Bézancourt	Bosc-Hyons	Brémontier-Merval	Cuy-Saint-Fiacre	Dampierre-en-Bray	Doudeauville	Elbeuf-en-Bray	Ernemont-la-Villette	Ferrières-en-Bray	Gancourt-Saint-Étienne	Gournay-en-Bray	La Feuillie	Ménerval	Molagnies	Montroty	Neuf-Marché
76230	Bois-Guillaume	Isneauville	Quincampoix
76240	Belbeuf	Bonsecours	Le Mesnil-Esnard
76250	Déville-lès-Rouen
76260	Baromesnil	Canehan	Cuverville-sur-Yères	Étalondes	Eu	Flocques	Le Mesnil-Réaume	Longroy	Melleville	Millebosc	Monchy-sur-Eu	Ponts-et-Marais	Saint-Martin-le-Gaillard	Saint-Pierre-en-Val	Saint-Rémy-Boscrocourt	Sept-Meules	Villy-sur-Yères
76270	Auvilliers	Bouelles	Bully	Callengeville	Esclavelles	Fesques	Flamets-Frétils	Fresles	Graval	Lucy	Massy	Ménonval	Mesnières-en-Bray	Mortemer	Nesle-Hodeng	Neufchâtel-en-Bray	Neuville-Ferrières	Quièvrecourt	Saint-Germain-sur-Eaulne	Saint-Martin-l'Hortier	Saint-Saire	Sainte-Beuve-en-Rivière	Vatierville
76280	Angerville-l'Orcher	Anglesqueville-l'Esneval	Beaurepaire	Criquetot-l'Esneval	Cuverville	Fongueusemare	Gonneville-la-Mallet	Hermeville	Heuqueville	La Poterie-Cap-d'Antifer	Pierrefiques	Saint-Jouin-Bruneval	Sainte-Marie-au-Bosc	Turretot	Vergetot	Villainville
76290	Fontaine-la-Mallet	Fontenay	Mannevillette	Montivilliers	Saint-Martin-du-Manoir
76300	Sotteville-lès-Rouen
76310	Sainte-Adresse
76320	Caudebec-lès-Elbeuf	Saint-Pierre-lès-Elbeuf
76330	Norville	Petiville	Port-Jérôme-sur-Seine	Saint-Maurice-d'Ételan	Notre-Dame-de-Gravenchon|Port-Jérôme-sur-Seine
76340	Aubermesnil-aux-Érables	Bazinval	Blangy-sur-Bresle	Campneuseville	Dancourt	Fallencourt	Foucarmont	Guerville	Hodeng-au-Bosc	Monchaux-Soreng	Nesle-Normandeuse	Pierrecourt	Réalcamp	Rétonval	Rieux	Saint-Léger-aux-Bois	Saint-Martin-au-Bosc	Saint-Riquier-en-Rivière	Villers-sous-Foucarmont
76350	Oissel-sur-Seine
76360	Barentin	Bouville	Pissy-Pôville	Villers-Écalles
76370	Ancourt	Dieppe	Grèges	Martin-Église	Petit-Caux	Rouxmesnil-Bouteilles	Belleville-sur-Mer|Petit-Caux	Berneval-le-Grand|Petit-Caux	Bracquemont|Petit-Caux	Derchigny|Petit-Caux	Neuville-lès-Dieppe|Dieppe	Saint-Martin-en-Campagne|Petit-Caux
76380	Canteleu	Montigny	Val-de-la-Haye
76390	Aubéguimont	Aumale	Conteville	Criquiers	Ellecourt	Haudricourt	Illois	Landes-Vieilles-et-Neuves	Le Caule-Sainte-Beuve	Marques	Morienne	Nullemont	Richemont	Ronchois	Vieux-Rouen-sur-Bresle
76400	Colleville	Contremoulins	Épreville	Fécamp	Froberville	Ganzeville	Maniquerville	Saint-Léonard	Sainte-Hélène-Bondeville	Senneville-sur-Fécamp	Tourville-les-Ifs	Toussaint
76410	Cléon	Freneuse	Saint-Aubin-lès-Elbeuf	Sotteville-sous-le-Val	Tourville-la-Rivière
76420	Bihorel
76430	Épretot	Étainhus	Gommerville	Graimbouville	La Cerlangue	La Remuée	Les Trois-Pierres	Oudalle	Sainneville	Saint-Aubin-Routot	Saint-Gilles-de-la-Neuville	Saint-Romain-de-Colbosc	Saint-Vigor-d'Ymonville	Saint-Vincent-Cramesnil	Sandouville	Tancarville
76440	Beaubec-la-Rosière	Compainville	Fontaine-en-Bray	Forges-les-Eaux	Grumesnil	Haucourt	Haussez	La Bellière	La Ferté-Saint-Samson	Le Thil-Riberpré	Longmesnil	Mauquenchy	Mesnil-Mauger	Pommereux	Roncherolles-en-Bray	Rouvray-Catillon	Saint-Michel-d'Halescourt	Sainte-Geneviève	Saumont-la-Poterie	Serqueux	Sommery	Le Fossé|Forges-les-Eaux
76450	Auberville-la-Manuel	Bertheauville	Bertreville	Beuzeville-la-Guérard	Bosville	Butot-Vénesville	Canouville	Cany-Barville	Clasville	Cleuville	Crasville-la-Mallet	Grainville-la-Teinturière	Hautot-l'Auvray	Le Hanouard	Malleville-les-Grès	Ocqueville	Ouainville	Ourville-en-Caux	Paluel	Saint-Martin-aux-Buneaux	Saint-Vaast-Dieppedalle	Sasseville	Thiouville	Veulettes-sur-Mer	Vittefleur
76460	Blosseville	Cailleville	Drosay	Gueutteville-les-Grès	Ingouville	Le Mesnil-Durdent	Manneville-ès-Plains	Néville	Pleine-Sève	Saint-Riquier-ès-Plains	Saint-Sylvain	Saint-Valery-en-Caux	Sainte-Colombe
76470	Le Tréport
76480	Anneville-Ambourville	Bardouville	Berville-sur-Seine	Duclair	Épinay-sur-Duclair	Jumièges	Le Mesnil-sous-Jumièges	Roumare	Saint-Paër	Saint-Pierre-de-Varengeville	Sainte-Marguerite-sur-Duclair	Yainville	Ambourville|Anneville-Ambourville
76490	Anquetierville	Louvetot	Maulévrier-Sainte-Gertrude	Rives-en-Seine	Saint-Arnoult	Saint-Gilles-de-Crétot	Saint-Nicolas-de-la-Haie	Caudebec-en-Caux|Rives-en-Seine	Saint-Wandrille-Rançon|Rives-en-Seine	Villequier|Rives-en-Seine
76500	Elbeuf	La Londe	Orival
76510	Dampierre-Saint-Nicolas	Freulleville	Meulers	Notre-Dame-d'Aliermont	Ricarville-du-Val	Saint-Aubin-le-Cauf	Saint-Jacques-d'Aliermont	Saint-Nicolas-d'Aliermont	Saint-Vaast-d'Équiqueville
76520	Boos	Franqueville-Saint-Pierre	Fresne-le-Plan	Gouy	La Neuville-Chant-d'Oisel	Les Authieux-sur-le-Port-Saint-Ouen	Mesnil-Raoul	Montmain	Quévreville-la-Poterie	Saint-Aubin-Celloville	Ymare
76530	Grand-Couronne	La Bouille	Mauny	Moulineaux	Yville-sur-Seine
76540	Ancretteville-sur-Mer	Angerville-la-Martel	Criquetot-le-Mauconduit	Écretteville-sur-Mer	Életot	Gerponville	Limpiville	Riville	Saint-Martin-aux-Buneaux	Saint-Pierre-en-Port	Sassetot-le-Mauconduit	Sorquainville	Thérouldeville	Theuville-aux-Maillots	Thiergeville	Thiétreville	Valmont	Vinnemerville	Ypreville-Biville
76550	Ambrumesnil	Aubermesnil-Beaumais	Colmesnil-Manneville	Hautot-sur-Mer	Offranville	Saint-Aubin-sur-Scie	Sauqueville	Tourville-sur-Arques
76560	Amfreville-les-Champs	Ancourteville-sur-Héricourt	Anvéville	Bénesville	Berville-en-Caux	Boudeville	Bretteville-Saint-Laurent	Canville-les-Deux-Églises	Carville-Pot-de-Fer	Doudeville	Étalleville	Fultot	Gonzeville	Harcanville	Héricourt-en-Caux	Le Torp-Mesnil	Oherville	Prétot-Vicquemare	Reuville	Robertot	Routes	Saint-Laurent-en-Caux	Sommesnil	Veauville-lès-Quelles	Yvecrique
76570	Cideville	Émanville	Fresquiennes	Goupillières	Hugleville-en-Caux	Limésy	Mesnil-Panneville	Pavilly	Sainte-Austreberthe
76580	Le Trait
76590	Anneville-sur-Scie	Belmesnil	Bertreville-Saint-Ouen	Criquetot-sur-Longueville	Crosville-sur-Scie	Dénestanville	Gonneville-sur-Scie	La Chapelle-du-Bourgay	La Chaussée	Le Bois-Robert	Le Catelier	Les Cent-Acres	Lintot-les-Bois	Longueville-sur-Scie	Manéhouville	Muchedent	Notre-Dame-du-Parc	Saint-Crespin	Saint-Germain-d'Étables	Saint-Honoré	Sainte-Foy	Torcy-le-Grand	Torcy-le-Petit
76600	Le Havre
76610	Le Havre	Rouelles|Le Havre
76620	Le Havre
76630	Avesnes-en-Val	Bailly-en-Rivière	Bellengreville	Douvrend	Envermeu	Les Ifs	Petit-Caux	Saint-Ouen-sous-Bailly	Sauchay	Assigny|Petit-Caux	Auquemesnil|Petit-Caux	Biville-sur-Mer|Petit-Caux	Brunville|Petit-Caux	Glicourt|Petit-Caux	Gouchaupre|Petit-Caux	Greny|Petit-Caux	Guilmécourt|Petit-Caux	Intraville|Petit-Caux	Penly|Petit-Caux	Saint-Quentin-au-Bosc|Petit-Caux	Tourville-la-Chapelle|Petit-Caux
76640	Alvimare	Cléville	Cliponville	Envronville	Foucart	Hattenville	Normanville	Rocquefort	Terres-de-Caux	Trémauville	Yébleron	Auzouville-Auberbosc|Terres-de-Caux	Bennetot|Terres-de-Caux	Bermonville|Terres-de-Caux	Fauville-en-Caux|Terres-de-Caux	Ricarville|Terres-de-Caux	Saint-Pierre-Lavis|Terres-de-Caux	Sainte-Marguerite-sur-Fauville|Terres-de-Caux
76650	Petit-Couronne
76660	Bailleul-Neuville	Baillolet	Bures-en-Bray	Clais	Croixdalle	Fréauville	Fresnoy-Folny	Grandcourt	Londinières	Mesnil-Follemprise	Osmoy-Saint-Valery	Preuseville	Puisenval	Saint-Pierre-des-Jonquières	Sainte-Agathe-d'Aliermont	Smermesnil	Wanchy-Capval
76680	Ardouval	Bellencombre	Bosc-Bérenger	Bosc-Mesnil	Bradiancourt	Critot	Mathonville	Maucomble	Montérolier	Neufbosc	Pommeréval	Rocquemont	Rosay	Saint-Hellier	Saint-Martin-Osmonville	Saint-Saëns	Ventes-Saint-Rémy
76690	Authieux-Ratiéville	Cailly	Claville-Motteville	Clères	Esteville	Fontaine-le-Bourg	Frichemesnil	Grugny	La Houssaye-Béranger	La Rue-Saint-Pierre	Le Bocasse	Mont-Cauvaire	Saint-André-sur-Cailly	Saint-Georges-sur-Fontaine	Saint-Germain-sous-Cailly	Sierville	Yquebeuf
76700	Gainneville	Gonfreville-l'Orcher	Harfleur	Rogerville	Saint-Laurent-de-Brèvedent
76710	Anceaumeville	Bosc-Guérard-Saint-Adrien	Eslettes	Montville
76720	Cropus	Heugleville-sur-Scie	Val-de-Scie	Auffay|Val-de-Scie	Cressy|Val-de-Scie
76730	Auppegard	Auzouville-sur-Saâne	Avremesnil	Bacqueville-en-Caux	Biville-la-Rivière	Brachy	Gonnetot	Gueures	Hermanville	Lamberville	Lammerville	Lestanville	Omonville	Rainfreville	Royville	Saâne-Saint-Just	Saint-Mards	Saint-Ouen-le-Mauger	Sassetot-le-Malgardé	Thil-Manneville	Tocqueville-en-Caux	Vénestanville
76740	Angiens	Anglesqueville-la-Bras-Long	Autigny	Bourville	Brametot	Crasville-la-Rocquefort	Ermenouville	Fontaine-le-Dun	Héberville	Houdetot	La Chapelle-sur-Dun	La Gaillarde	Le Bourg-Dun	Saint-Aubin-sur-Mer	Saint-Pierre-le-Vieux	Saint-Pierre-le-Viger	Sotteville-sur-Mer
76750	Bierville	Bois-Guilbert	Bois-Héroult	Boissay	Bosc-Bordel	Bosc-Édeline	Buchy	Ernemont-sur-Buchy	Héronchelles	Longuerue	Morgny-la-Pommeraye	Pierreval	Rebets	Saint-Germain-des-Essourts	Sainte-Croix-sur-Buchy	Vieux-Manoir	Bosc-Roger-sur-Buchy|Buchy	Estouteville-Écalles|Buchy
76760	Ancretiéville-Saint-Victor	Auzouville-l'Esneval	Bourdainville	Criquetot-sur-Ouville	Ectot-l'Auber	Lindebeuf	Ouville-l'Abbaye	Saint-Martin-aux-Arbres	Saussay	Vibeuf	Yerville
76770	Houppeville	Le Houlme	Malaunay
76780	Argueil	Croisy-sur-Andelle	Elbeuf-sur-Andelle	Fry	Hodeng-Hodenger	La Chapelle-Saint-Ouen	La Hallotière	La Haye	Le Mesnil-Lieubray	Mésangueville	Morville-le-Héron	Nolléval	Saint-Lucien	Sigy-en-Bray	Le Héron|Morville-le-Héron	Morville-sur-Andelle|Morville-le-Héron
76790	Bénouville	Bordeaux-Saint-Clair	Étretat	Gerville	Le Tilleul	Les Loges
76800	Saint-Étienne-du-Rouvray
76810	Greuville	Gruchet-Saint-Siméon	Luneray
76840	Hénouville	Quevillon	Saint-Martin-de-Boscherville
76850	Beaumont-le-Hareng	Bosc-le-Hard	Bracquetuit	Cottévrard	Étaimpuis	Fresnay-le-Long	Grigneuseville	La Crique	Montreuil-en-Caux	Val-de-Scie	Sévis|Val-de-Scie
76860	Longueil	Ouville-la-Rivière	Quiberville-sur-Mer	Saint-Denis-d'Aclon
76870	Beaussault	Gaillefontaine
76880	Arques-la-Bataille	Martigny
76890	Beautot	Beauval-en-Caux	Belleville-en-Caux	Bertrimont	Biville-la-Baignarde	Butot	Calleville-les-Deux-Églises	Gueutteville	Imbleville	La Fontelaye	Saint-Denis-sur-Scie	Saint-Maclou-de-Folleville	Saint-Ouen-du-Breuil	Saint-Pierre-Bénouville	Saint-Vaast-du-Val	Saint-Victor-l'Abbaye	Tôtes	Val-de-Saâne	Varneville-Bretteville	Vassonville
76910	Criel-sur-Mer	Petit-Caux	Touffreville-sur-Eu	Tocqueville-sur-Eu|Petit-Caux
76920	Amfreville-la-Mi-Voie
76930	Cauville-sur-Mer	Octeville-sur-Mer
76940	Arelaune-en-Seine	Heurteauville	Notre-Dame-de-Bliquetuit	Vatteville-la-Rue	La Mailleraye-sur-Seine|Arelaune-en-Seine	Saint-Nicolas-de-Bliquetuit|Arelaune-en-Seine
76950	Les Grandes-Ventes
76960	Notre-Dame-de-Bondeville
76970	Ectot-lès-Baons	Flamanville	Grémonville	Motteville
76980	Veules-les-Roses
77000	La Rochette	Livry-sur-Seine	Melun	Vaux-le-Pénil
77090	Collégien
77100	Mareuil-lès-Meaux	Meaux	Nanteuil-lès-Meaux
77111	Soignolles-en-Brie	Solers
77114	Gouaix	Hermé	Noyen-sur-Seine	Villiers-sur-Seine
77115	Blandy	Sivry-Courtry
77118	Balloy	Bazoches-lès-Bray	Gravon
77120	Amillis	Aulnoy	Beautheil-Saints	Chailly-en-Brie	Coulommiers	Giremoutiers	Marolles-en-Brie	Mauperthuis	Mouroux
77122	Monthyon
77123	Le Vaudoué	Noisy-sur-École	Tousson
77124	Chauconin-Neufmontiers	Crégy-lès-Meaux	Penchard	Villenoy
77126	Châtenay-sur-Seine	Courcelles-en-Bassée	Égligny
77127	Lieusaint
77130	Barbey	Cannes-Écluse	Dormelles	Forges	La Grande-Paroisse	La Tombe	Marolles-sur-Seine	Misy-sur-Yonne	Montereau-Fault-Yonne	Saint-Germain-Laval	Varennes-sur-Seine	Ville-Saint-Jacques
77131	Pézarches	Touquin
77133	Féricy	Machault
77134	Les Ormes-sur-Voulzie
77135	Pontcarré
77138	Luzancy
77139	Douy-la-Ramée	Étrépilly	Marcilly	Puisieux	Vincy-Manœuvre
77140	Darvault	Moncourt-Fromonville	Nemours	Nonville	Saint-Pierre-lès-Nemours
77141	Vaudoy-en-Brie
77144	Chalifert	Montévrain
77145	May-en-Multien
77148	Laval-en-Brie	Salins
77150	Férolles-Attilly	Lésigny
77151	Montceaux-lès-Provins
77154	Coutençon	Villeneuve-les-Bordes
77157	Everly
77160	Chalautre-la-Petite	Chenoise-Cucharmoy	La Chapelle-Saint-Sulpice	Mortery	Poigny	Provins	Rouilly	Saint-Brice	Saint-Hilliers	Vulaines-lès-Provins
77163	Dammartin-sur-Tigeaux	Mortcerf	Tigeaux
77164	Ferrières-en-Brie
77165	Cuisy	Forfry	Gesvres-le-Chapitre	Iverny	Le Plessis-aux-Bois	Le Plessis-l'Évêque	Saint-Soupplets
77166	Évry-Grégy-sur-Yerre	Grisy-Suisnes
77167	Bagneaux-sur-Loing	Châtenoy	Faÿ-lès-Nemours	Ormesson	Poligny
77169	Boissy-le-Châtel	Chauffry	Saint-Germain-sous-Doue	Saint-Siméon
77170	Brie-Comte-Robert	Coubert	Servon
77171	Chalautre-la-Grande	Léchelle	Melz-sur-Seine	Sourdun
77173	Chevry-Cossigny
77174	Villeneuve-le-Comte	Villeneuve-Saint-Denis
77176	Nandy	Savigny-le-Temple
77177	Brou-sur-Chantereine
77178	Oissery	Saint-Pathus
77181	Courtry	Le Pin
77183	Croissy-Beaubourg
77184	Émerainville
77185	Lognes
77186	Noisiel
77190	Dammarie-les-Lys	Villiers-en-Bière
77200	Torcy
77210	Avon	Samoreau
77220	Favières	Gretz-Armainvilliers	Liverdy-en-Brie	Presles-en-Brie	Tournan-en-Brie
77230	Dammartin-en-Goële	Juilly	Longperrier	Marchémoret	Montgé-en-Goële	Moussy-le-Neuf	Moussy-le-Vieux	Nantouillet	Rouvres	Saint-Mard	Thieux	Villeneuve-sous-Dammartin	Vinantes
77240	Cesson	Seine-Port	Vert-Saint-Denis
77250	Moret-Loing-et-Orvanne	Villecerf	Villemer	Écuelles|Moret-Loing-et-Orvanne	Épisy|Moret-Loing-et-Orvanne	Montarlot|Moret-Loing-et-Orvanne	Moret-sur-Loing|Moret-Loing-et-Orvanne	Veneux-les-Sablons|Moret-Loing-et-Orvanne
77260	Chamigny	La Ferté-sous-Jouarre	Reuil-en-Brie	Sainte-Aulde	Sammeron	Sept-Sorts	Ussy-sur-Marne
77270	Villeparisis
77280	Othis
77290	Compans	Mitry-Mory
77300	Fontainebleau
77310	Boissise-le-Roi	Pringy	Saint-Fargeau-Ponthierry
77320	Beton-Bazoches	Cerneux	Chartronges	Chevru	Choisy-en-Brie	Dagny	Frétoy	Jouy-sur-Morin	La Chapelle-Moutils	La Ferté-Gaucher	Lescherolles	Leudon-en-Brie	Meilleray	Montdauphin	Montenils	Montolivet	Saint-Barthélemy	Saint-Mars-Vieux-Maisons	Saint-Martin-des-Champs	Saint-Martin-du-Boschet	Saint-Rémy-de-la-Vanne	Sancy-lès-Provins	Moutils|La Chapelle-Moutils	Vieux-Maisons|Saint-Mars-Vieux-Maisons
77330	Ozoir-la-Ferrière
77340	Pontault-Combault
77350	Boissettes	Boissise-la-Bertrand	Le Mée-sur-Seine
77360	Vaires-sur-Marne
77370	Châteaubleau	Clos-Fontaine	Fontains	Fontenailles	Gastins	La Chapelle-Rablais	La Croix-en-Brie	Maison-Rouge	Nangis	Rampillon	Saint-Just-en-Brie	Vanvillé	Vieux-Champagne
77380	Combs-la-Ville
77390	Andrezel	Argentières	Beauvoir	Champdeuil	Chaumes-en-Brie	Courquetaine	Courtomer	Crisenoy	Fouju	Guignes	Ozouer-le-Voulgis	Verneuil-l'Étang	Yèbles
77400	Carnetin	Dampmart	Gouvernes	Lagny-sur-Marne	Pomponne	Saint-Thibault-des-Vignes	Thorigny-sur-Marne
77410	Annet-sur-Marne	Charmentray	Charny	Claye-Souilly	Fresnes-sur-Marne	Gressy	Messy	Précy-sur-Marne	Saint-Mesmes	Villeroy	Villevaudé
77420	Champs-sur-Marne
77430	Champagne-sur-Seine
77440	Armentières-en-Brie	Cocherel	Congis-sur-Thérouanne	Dhuisy	Isles-les-Meldeuses	Jaignes	Le Plessis-Placy	Lizy-sur-Ourcq	Mary-sur-Marne	Ocquerre	Tancrou	Trocy-en-Multien	Vendrest
77450	Condé-Sainte-Libiaire	Esbly	Isles-lès-Villenoy	Jablines	Lesches	Montry	Trilbardou	Vignely
77460	Chaintreaux	Souppes-sur-Loing
77470	Boutigny	Fublaines	Montceaux-lès-Meaux	Poincy	Saint-Fiacre	Trilport	Villemareuil
77480	Baby	Bray-sur-Seine	Fontaine-Fourches	Grisy-sur-Seine	Jaulnes	Montigny-le-Guesdier	Mousseaux-lès-Bray	Mouy-sur-Seine	Passy-sur-Seine	Saint-Sauveur-lès-Bray	Villenauxe-la-Petite	Villuis
77500	Chelles
77510	Bellot	Doue	Hondevilliers	La Trétoire	Rebais	Sablonnières	Saint-Denis-lès-Rebais	Saint-Léger	Verdelot	Villeneuve-sur-Bellot
77515	Faremoutiers	Hautefeuille	La Celle-sur-Morin	Pommeuse	Saint-Augustin
77520	Cessoy-en-Montois	Donnemarie-Dontilly	Gurcy-le-Châtel	Luisetaines	Meigneux	Mons-en-Montois	Montigny-Lencoup	Paroy	Sigy	Sognolles-en-Montois	Thénisy	Vimpelles
77540	Bernay-Vilbert	Courpalay	La Chapelle-Iger	Le Plessis-Feu-Aussoux	Lumigny-Nesles-Ormeaux	Rozay-en-Brie	Voinsles	Vilbert|Bernay-Vilbert
77550	Limoges-Fourches	Lissy	Moissy-Cramayel	Réau
77560	Augers-en-Brie	Beauchery-Saint-Martin	Champcenest	Courchamp	Courtacon	Les Marêts	Louan-Villegruis-Fontaine	Rupéreux	Villiers-Saint-Georges	Voulton	Fontaine-sous-Montaiguillon|Louan-Villegruis-Fontaine
77570	Aufferville	Bougligny	Château-Landon	Chenou	La Madeleine-sur-Loing	Maisoncelles-en-Gâtinais	Mondreville
77580	Bouleurs	Coulommes	Coutevroult	Crécy-la-Chapelle	Guérard	La Haute-Maison	Maisoncelles-en-Brie	Pierre-Levée	Sancy	Vaucourtois	Villiers-sur-Morin	Voulangis
77590	Bois-le-Roi	Chartrettes	Fontaine-le-Port
77600	Bussy-Saint-Georges	Bussy-Saint-Martin	Chanteloup-en-Brie	Conches-sur-Gondoire	Guermantes	Jossigny
77610	Châtres	Crèvecœur-en-Brie	Fontenay-Trésigny	La Houssaye-en-Brie	Les Chapelles-Bourbon	Marles-en-Brie	Neufmoutiers-en-Brie
77620	Bransles	Égreville
77630	Arbonne-la-Forêt	Barbizon	Saint-Martin-en-Bière
77640	Jouarre	Signy-Signets
77650	Chalmaison	Jutigny	Lizines	Longueville	Saint-Loup-de-Naud	Sainte-Colombe	Savins	Soisy-Bouy
77660	Changis-sur-Marne	Saint-Jean-les-Deux-Jumeaux
77670	Saint-Mammès	Vernou-la-Celle-sur-Seine
77680	Roissy-en-Brie
77690	La Genevraye	Montigny-sur-Loing
77700	Bailly-Romainvilliers	Chessy	Coupvray	Magny-le-Hongre	Serris
77710	Chevry-en-Sereine	Lorrez-le-Bocage-Préaux	Nanteau-sur-Lunain	Paley	Remauville	Treuzy-Levelay	Vaux-sur-Lunain	Villebéon	Villemaréchal	Préaux|Lorrez-le-Bocage-Préaux	Saint-Ange-le-Viel|Villemaréchal
77720	Aubepierre-Ozouer-le-Repos	Bombon	Bréau	Champeaux	Grandpuits-Bailly-Carrois	La Chapelle-Gauthier	Mormant	Quiers	Saint-Méry	Saint-Ouen-en-Brie	Ozouer-le-Repos|Aubepierre-Ozouer-le-Repos
77730	Citry	Méry-sur-Marne	Nanteuil-sur-Marne	Saâcy-sur-Marne
77750	Bassevelle	Boitron	Bussières	Orly-sur-Morin	Saint-Cyr-sur-Morin	Saint-Ouen-sur-Morin
77760	Achères-la-Forêt	Amponville	Boissy-aux-Cailles	Boulancourt	Burcy	Buthiers	Chevrainvilliers	Fromont	Guercheville	La Chapelle-la-Reine	Larchant	Nanteau-sur-Essonne	Recloses	Rumont	Ury	Villiers-sous-Grez
77780	Bourron-Marlotte
77810	Thomery
77820	Châtillon-la-Borde	Le Châtelet-en-Brie	Les Écrennes
77830	Échouboulains	Pamfou	Valence-en-Brie
77840	Coulombs-en-Valois	Crouy-sur-Ourcq	Germigny-sous-Coulombs
77850	Héricy
77860	Couilly-Pont-aux-Dames	Quincy-Voisins	Saint-Germain-sur-Morin
77870	Vulaines-sur-Seine
77880	Grez-sur-Loing
77890	Arville	Beaumont-du-Gâtinais	Garentreville	Gironville	Ichy	Obsonville
77910	Barcy	Chambry	Germigny-l'Évêque	Varreddes
77920	Samois-sur-Seine
77930	Cély	Chailly-en-Bière	Fleury-en-Bière	Perthes	Saint-Germain-sur-École	Saint-Sauveur-sur-École
77940	Blennes	Diant	Esmans	Flagy	La Brosse-Montceaux	Montmachoux	Noisy-Rudignon	Thoury-Férottes	Voulx
77950	Maincy	Moisenay	Montereau-sur-le-Jard	Rubelles	Saint-Germain-Laxis	Voisenon
77970	Bannost-Villegagnon	Bezalles	Boisdon	Jouy-le-Châtel	Pécy	Villegagnon|Bannost-Villegagnon
77990	Le Mesnil-Amelot	Mauregard
78000	Versailles
78100	Saint-Germain-en-Laye
78110	Le Vésinet
78111	Dammartin-en-Serve
78112	Saint-Germain-en-Laye	Fourqueux|Saint-Germain-en-Laye
78113	Adainville	Bourdonné	Condé-sur-Vesgre	Grandchamp	La Hauteville	Le Tartre-Gaudran
78114	Magny-les-Hameaux
78117	Châteaufort	Toussus-le-Noble
78120	Clairefontaine-en-Yvelines	Rambouillet	Sonchamp
78121	Crespières
78124	Mareil-sur-Mauldre	Montainville
78125	Émancé	Gazeran	Hermeray	La Boissière-École	Mittainville	Orcemont	Orphin	Poigny-la-Forêt	Raizeux	Saint-Hilarion	Vieille-Église-en-Yvelines
78126	Aulnay-sur-Mauldre
78130	Chapet	Les Mureaux
78140	Vélizy-Villacoublay
78150	Le Chesnay-Rocquencourt	Le Chesnay|Le Chesnay-Rocquencourt	Rocquencourt|Le Chesnay-Rocquencourt
78160	Marly-le-Roi
78170	La Celle-Saint-Cloud
78180	Montigny-le-Bretonneux
78190	Trappes
78200	Boinvilliers	Boissy-Mauvoisin	Buchelay	Favrieux	Flacourt	Fontenay-Mauvoisin	Jouy-Mauvoisin	Magnanville	Mantes-la-Jolie	Ménerville	Perdreauville	Soindres
78210	Saint-Cyr-l'École
78220	Viroflay
78230	Le Pecq
78240	Aigremont	Chambourcy
78250	Gaillon-sur-Montcient	Hardricourt	Meulan-en-Yvelines	Mézy-sur-Seine	Oinville-sur-Montcient	Tessancourt-sur-Aubette
78260	Achères
78270	Bennecourt	Blaru	Bonnières-sur-Seine	Chaufour-lès-Bonnières	Cravent	Gommecourt	La Villeneuve-en-Chevrie	Limetz-Villez	Lommoye	Méricourt	Mousseaux-sur-Seine	Notre-Dame-de-la-Mer	Rolleboise
78280	Guyancourt
78290	Croissy-sur-Seine
78300	Poissy
78310	Coignières	Maurepas
78320	La Verrière	Le Mesnil-Saint-Denis	Lévis-Saint-Nom
78330	Fontenay-le-Fleury
78340	Les Clayes-sous-Bois
78350	Jouy-en-Josas	Les Loges-en-Josas
78360	Montesson
78370	Plaisir
78380	Bougival
78390	Bois-d'Arcy
78400	Chatou
78410	Aubergenville	Bouafle	Flins-sur-Seine	La Falaise	Nézel
78420	Carrières-sur-Seine
78430	Louveciennes
78440	Brueil-en-Vexin	Drocourt	Fontenay-Saint-Père	Gargenville	Guitrancourt	Issou	Jambville	Lainville-en-Vexin	Montalet-le-Bois	Porcheville	Sailly
78450	Chavenay	Villepreux
78460	Chevreuse	Choisel
78470	Milon-la-Chapelle	Saint-Lambert	Saint-Rémy-lès-Chevreuse
78480	Verneuil-sur-Seine
78490	Bazoches-sur-Guyonne	Boissy-sans-Avoir	Galluis	Gambaiseuil	Grosrouvre	Le Tremblay-sur-Mauldre	Les Mesnuls	Mareil-le-Guyon	Méré	Montfort-l'Amaury	Vicq
78500	Sartrouville
78510	Triel-sur-Seine
78520	Follainville-Dennemont	Guernes	Limay	Saint-Martin-la-Garenne
78530	Buc
78540	Vernouillet
78550	Bazainville	Dannemarie	Gressey	Houdan	Maulette	Richebourg
78560	Le Port-Marly
78570	Andrésy	Chanteloup-les-Vignes
78580	Bazemont	Herbeville	Jumeauville	Les Alluets-le-Roi	Maule
78590	Noisy-le-Roi	Rennemoulin
78600	Le Mesnil-le-Roi	Maisons-Laffitte
78610	Auffargis	Le Perray-en-Yvelines	Les Bréviaires	Saint-Léger-en-Yvelines
78620	L'Étang-la-Ville
78630	Morainvilliers	Orgeval
78640	Neauphle-le-Château	Neauphle-le-Vieux	Saint-Germain-de-la-Grange	Villiers-Saint-Frédéric
78650	Beynes	Saulx-Marchais
78660	Ablis	Allainville	Boinville-le-Gaillard	Orsonville	Paray-Douaville	Prunay-en-Yvelines	Saint-Martin-de-Bréthencourt
78670	Médan	Villennes-sur-Seine
78680	Épône
78690	Les Essarts-le-Roi	Saint-Rémy-l'Honoré
78700	Conflans-Sainte-Honorine
78710	Rosny-sur-Seine
78711	Mantes-la-Ville
78720	Cernay-la-Ville	Dampierre-en-Yvelines	La Celle-les-Bordes	Saint-Forget	Senlisse
78730	Longvilliers	Ponthévrard	Rochefort-en-Yvelines	Saint-Arnoult-en-Yvelines	Sainte-Mesme
78740	Évecquemont	Vaux-sur-Seine
78750	Mareil-Marly
78760	Jouars-Pontchartrain
78770	Andelu	Auteuil	Autouillet	Goupillières	Marcq	Thoiry	Villiers-le-Mahieu
78780	Maurecourt
78790	Arnouville-lès-Mantes	Courgent	Flins-Neuve-Église	Hargeville	Montchauvet	Mulcent	Rosay	Saint-Martin-des-Champs	Septeuil	Tilly
78800	Houilles
78810	Davron	Feucherolles
78820	Juziers
78830	Bonnelles	Bullion
78840	Freneuse	Moisson
78850	Thiverval-Grignon
78860	Saint-Nom-la-Bretèche
78870	Bailly
78890	Garancières
78910	Béhoust	Boissets	Civry-la-Forêt	Flexanville	Orgerus	Orvilliers	Osmoy	Prunay-le-Temple	Tacoignières
78920	Ecquevilly
78930	Auffreville-Brasseuil	Boinville-en-Mantois	Breuil-Bois-Robert	Goussonville	Guerville	Vert	Villette
78940	La Queue-les-Yvelines	Millemont
78950	Gambais
78955	Carrières-sous-Poissy
78960	Voisins-le-Bretonneux
78970	Mézières-sur-Seine
78980	Bréval	Le Tertre-Saint-Denis	Longnes	Mondreville	Neauphlette	Saint-Illiers-la-Ville	Saint-Illiers-le-Bois
78990	Élancourt
79000	Bessines	Niort	Sciecq
79100	Louzy	Luzay	Pas-de-Jeu	Plaine-et-Vallées	Saint-Cyr-la-Lande	Saint-Jacques-de-Thouars	Saint-Jean-de-Thouars	Saint-Léger-de-Montbrun	Saint-Martin-de-Mâcon	Sainte-Verge	Thouars	Tourtenay	Brie|Plaine-et-Vallées	Mauzé-Thouarsais|Thouars	Missé|Thouars	Oiron|Plaine-et-Vallées	Sainte-Radegonde|Thouars	Taizé-Maulais|Plaine-et-Vallées
79110	Alloinay	Aubigné	Chef-Boutonne	Couture-d'Argenson	Fontenille-Saint-Martin-d'Entraigues	Fontivillié	Loubigné	Loubillé	Valdelaume	Villemain	Crézières|Chef-Boutonne	La Bataille|Chef-Boutonne	Sompt|Fontivillié	Tillou|Chef-Boutonne
79120	Chenay	Chey	Lezay	Messé	Rom	Saint-Coutant	Sainte-Soline	Sepvret	Vançais	Vanzay
79130	Allonne	Azay-sur-Thouet	Beugnon-Thireuil	Le Retail	Neuvy-Bouin	Pougne-Hérisson	Secondigny	Le Beugnon|Beugnon-Thireuil
79140	Bretignolles	Cerizay	Cirières	Combrand	Le Pin	Montravers
79150	Argentonnay	Genneton	Saint Maurice Étusson	Val en Vignes	Voulmentin	Argenton-les-Vallées|Argentonnay	Étusson|Saint Maurice Étusson	La Coudre|Argentonnay	Le Breuil-sous-Argenton|Argentonnay	Massais|Val en Vignes	Moutiers-sous-Argenton|Argentonnay	Saint-Maurice-la-Fougereuse|Saint Maurice Étusson	Ulcot|Argentonnay
79160	Ardin	Béceleuf	Beugnon-Thireuil	Coulonges-sur-l'Autize	Faye-sur-Ardin	Fenioux	Puihardy	Saint-Laurs	Saint-Maixent-de-Beugné	Saint-Pompain	Villiers-en-Plaine	La Chapelle-Thireuil|Beugnon-Thireuil
79170	Asnières-en-Poitou	Brieuil-sur-Chizé	Brioux-sur-Boutonne	Chérigné	Chizé	Ensigné	Juillé	Le Vert	Luché-sur-Brioux	Lusseray	Paizay-le-Chapt	Périgné	Secondigné-sur-Belle	Séligné	Vernoux-sur-Boutonne	Villefollet	Villiers-sur-Chizé
79180	Chauray
79190	Alloinay	Clussais-la-Pommeraie	La Chapelle-Pouilloux	Limalonges	Lorigné	Mairé-Levescault	Melleran	Sauzé-entre-Bois	Caunay|Sauzé-entre-Bois	Les Alleuds|Alloinay	Montalembert|Sauzé-entre-Bois	Pers|Sauzé-entre-Bois	Pliboux|Sauzé-entre-Bois	Sauzé-Vaussais|Sauzé-entre-Bois
79200	Adilly	Châtillon-sur-Thouet	Gourgé	La Chapelle-Bertrand	La Peyratte	Lageon	Le Tallud	Parthenay	Pompaire	Saint-Germain-de-Longue-Chaume	Saurais	Viennay
79210	Amuré	Arçais	Le Bourdet	Mauzé-sur-le-Mignon	Prin-Deyrançon	Saint-Georges-de-Rex	Saint-Hilaire-la-Palud	Val-du-Mignon	Priaires|Val-du-Mignon	Usseau|Val-du-Mignon
79220	Champdeniers	Cours	Germond-Rouvre	La Chapelle-Bâton	Les Groseillers	Pamplie	Saint-Christophe-sur-Roc	Sainte-Ouenne	Surin	Xaintray
79230	Aiffres	Brûlain	Fors	Juscorps	Prahecq	Saint-Martin-de-Bernegoue	Saint-Romans-des-Champs	Vouillé
79240	L'Absie	Largeasse	Le Busseau	Moncoutant-sur-Sèvre	Saint-Paul-en-Gâtine	Scillé	Trayes	Vernoux-en-Gâtine	La Chapelle-Saint-Étienne|Moncoutant-sur-Sèvre
79250	Nueil-les-Aubiers
79260	François	La Crèche	Romans	Sainte-Néomaye
79270	Épannes	Frontenay-Rohan-Rohan	La Rochénard	Le Vanneau-Irleau	Saint-Symphorien	Sansais	Vallans
79290	Brion-près-Thouet	Loretz-d'Argenton	Saint-Martin-de-Sanzay	Val en Vignes	Argenton-l'Église|Loretz-d'Argenton	Bagneux|Loretz-d'Argenton	Bouillé-Loretz|Loretz-d'Argenton	Bouillé-Saint-Paul|Val en Vignes	Cersay|Val en Vignes	Saint-Pierre-à-Champ|Val en Vignes
79300	Argentonnay	Boismé	Bressuire	Saint-Aubin-du-Plain	Beaulieu-sous-Bressuire|Bressuire	Breuil-Chaussée|Bressuire	Chambroutet|Bressuire	Clazay|Bressuire	La Chapelle-Gaudin|Argentonnay	Noirlieu|Bressuire	Noirterre|Bressuire	Saint-Sauveur|Bressuire	Terves|Bressuire
79310	La Boissière-en-Gâtine	Mazières-en-Gâtine	Saint-Marc-la-Lande	Saint-Pardoux-Soutiers	Verruyes	Vouhé	Saint-Pardoux|Saint-Pardoux-Soutiers	Soutiers|Saint-Pardoux-Soutiers
79320	Chanteloup	Moncoutant-sur-Sèvre	Le Breuil-Bernard|Moncoutant-sur-Sèvre	Moncoutant|Moncoutant-sur-Sèvre	Moutiers-sous-Chantemerle|Moncoutant-sur-Sèvre	Pugny|Moncoutant-sur-Sèvre
79330	Coulonges-Thouarsais	Geay	Glénay	Luché-Thouarsais	Pierrefitte	Saint-Varent	Sainte-Gemme
79340	Fomperron	Les Châteliers	Les Forges	Ménigoute	Saint-Germier	Vasles	Chantecorps|Les Châteliers	Coutières|Les Châteliers
79350	Amailloux	Chiché	Clessé	Faye-l'Abbesse
79360	Beauvoir-sur-Niort	Granzay-Gript	La Foye-Monjault	Les Fosses	Marigny	Plaine-d'Argenson	Val-du-Mignon	Villiers-en-Bois	Thorigny-sur-le-Mignon|Val-du-Mignon
79370	Aigondigné	Beaussais-Vitré	Celles-sur-Belle	Fressines	Prailles-La Couarde	Aigonnay|Aigondigné	Montigné|Celles-sur-Belle	Mougon|Aigondigné	Prailles|Prailles-La Couarde	Saint-Médard|Celles-sur-Belle	Sainte-Blandine|Aigondigné	Thorigné|Aigondigné	Verrines-sous-Celles|Celles-sur-Belle
79380	La Forêt-sur-Sèvre	Moncoutant-sur-Sèvre	Saint-André-sur-Sèvre	La Ronde|La Forêt-sur-Sèvre	Montigny|La Forêt-sur-Sèvre	Saint-Jouin-de-Milly|Moncoutant-sur-Sèvre	Saint-Marsault|La Forêt-sur-Sèvre
79390	Aubigny	Doux	La Ferrière-en-Parthenay	Lhoumois	Oroux	Pressigny	Thénezay
79400	Augé	Azay-le-Brûlé	Exireuil	Nanteuil	Saint-Georges-de-Noisné	Saint-Maixent-l'École	Saint-Martin-de-Saint-Maixent	Saivres
79410	Cherveux	Échiré	Saint-Gelais	Saint-Maxire	Saint-Rémy
79420	Beaulieu-sous-Parthenay	Clavé	Reffannes	Saint-Lin	Saint-Martin-du-Fouilloux	Vausseroux	Vautebis
79430	La Chapelle-Saint-Laurent
79440	Courlay
79450	Fénery	Saint-Aubin-le-Cloud
79460	Magné
79500	Fontivillié	Maisonnay	Marcillé	Melle	Saint-Romans-lès-Melle	Saint-Vincent-la-Châtre	Chail|Fontivillié	Mazières-sur-Béronne|Melle	Paizay-le-Tort|Melle	Saint-Léger-de-la-Martinière|Melle	Saint-Martin-lès-Melle|Melle
79510	Coulon
79600	Airvault	Assais-les-Jumeaux	Availles-Thouarsais	Boussais	Irais	Le Chillou	Louin	Maisontiers	Marnes	Plaine-et-Vallées	Saint-Généroux	Saint-Loup-Lamairé	Borcq-sur-Airvault|Airvault	Les Jumeaux|Assais-les-Jumeaux	Saint-Jouin-de-Marnes|Plaine-et-Vallées	Soulièvres|Airvault	Tessonnière|Airvault
79700	La Petite-Boissière	Mauléon	Saint-Amand-sur-Sèvre	Saint-Pierre-des-Échaubrognes	La Chapelle-Largeau|Mauléon	Le Temple|Mauléon	Loublande|Mauléon	Moulins|Mauléon	Rorthais|Mauléon	Saint-Aubin-de-Baubigné|Mauléon
79800	Avon	Bougon	Exoudun	La Mothe-Saint-Héray	Pamproux	Prailles-La Couarde	Sainte-Eanne	Salles	Soudan	Souvigné	La Couarde|Prailles-La Couarde
80000	Amiens
80080	Amiens
80090	Amiens
80100	Abbeville
80110	Aubercourt	Aubvillers	Beaucourt-en-Santerre	Berteaucourt-lès-Thennes	Braches	Démuin	Domart-sur-la-Luce	Fresnoy-en-Chaussée	Hangard	La Neuville-Sire-Bernard	Le Plessier-Rozainvillers	Mailly-Raineval	Mézières-en-Santerre	Moreuil	Morisel	Sauvillers-Mongival	Thennes	Villers-aux-Érables
80115	Pont-Noyelles	Querrieu
80118	Le Quesnel
80120	Argoules	Arry	Bernay-en-Ponthieu	Dominois	Favières	Forest-Montiers	Fort-Mahon-Plage	Nampont	Quend	Regnière-Écluse	Rue	Saint-Quentin-en-Tourmont	Vercourt	Villers-sur-Authie	Vron
80122	Heudicourt
80130	Allenay	Béthencourt-sur-Mer	Bourseville	Friville-Escarbotin	Tully
80131	Framerville-Rainecourt	Harbonnières	Vauvillers
80132	Bellancourt	Buigny-l'Abbé	Buigny-Saint-Maclou	Cahon	Cambron	Caours	Drucat	Grand-Laviers	Hautvillers-Ouville	Huchenneville	Le Titre	Mareuil-Caubert	Miannay	Neufmoulin	Neuilly-l'Hôpital	Port-le-Grand	Quesnoy-le-Montant	Vauchelles-les-Quesnoy	Yonval
80134	Hangest-en-Santerre
80135	Bussus-lès-Yaucourt	Coulonvillers	Maison-Roland	Millencourt-en-Ponthieu	Oneux	Saint-Riquier	Bussus-Bussuel|Bussus-lès-Yaucourt	Yaucourt-Bussus|Bussus-lès-Yaucourt
80136	Rivery
80140	Andainville	Arguel	Aumâtre	Avesnes-Chaussoy	Bermesnil	Biencourt	Cannessières	Cerisy-Buleux	Doudelainville	Épaumesnil	Étréjust	Fontaine-le-Sec	Forceville-en-Vimeu	Foucaucourt-Hors-Nesle	Framicourt	Fresnes-Tilloloy	Fresneville	Fresnoy-Andainville	Frettecuisse	Grébault-Mesnil	Huppy	Le Translay	Lignières-en-Vimeu	Martainneville	Mouflières	Nesle-l'Hôpital	Neslette	Neuville-au-Bois	Oisemont	Ramburelles	Rambures	Saint-Léger-sur-Bresle	Saint-Maulvis	Saint-Maxent	Senarpont	Vaux-Marquenneville	Villeroy	Villers-Campsart	Vismes	Woirel
80150	Agenvillers	Boufflers	Brailly-Cornehotte	Canchy	Crécy-en-Ponthieu	Dompierre-sur-Authie	Domvast	Estrées-lès-Crécy	Fontaine-sur-Maye	Forest-l'Abbaye	Froyelles	Gapennes	Gueschart	Lamotte-Buleux	Le Boisle	Ligescourt	Machiel	Machy	Maison-Ponthieu	Neuilly-le-Dien	Noyelles-en-Chaussée	Ponches-Estruval	Vironchaux	Vitz-sur-Authie	Yvrench	Yvrencheux	Marcheville|Crécy-en-Ponthieu
80160	Belleuse	Bosquel	Brassy	Contre	Conty	Courcelles-sous-Thoix	Essertaux	Flers-sur-Noye	Fleury	Fossemanant	Fransures	Frémontiers	Monsures	Nampty	Ô-de-Selle	Oresmaux	Plachy-Buyon	Prouzel	Rogy	Saint-Sauflieu	Sentelie	Thoix	Velennes	Tilloy-lès-Conty|Ô-de-Selle	Wailly|Conty
80170	Bayonvillers	Beaufort-en-Santerre	Caix	Chilly	Folies	Fouquescourt	Guillaucourt	Maucourt	Méharicourt	Rosières-en-Santerre	Rouvroy-en-Santerre	Vrély	Warvillers	Wiencourt-l'Équipée
80190	Béthencourt-sur-Somme	Biarre	Billancourt	Cressy-Omencourt	Curchy	Épénancourt	Étalon	Falvy	Herly	Languevoisin-Quiquery	Mesnil-Saint-Nicaise	Morchain	Nesle	Pargny	Potte	Rouy-le-Grand	Rouy-le-Petit	Villecourt	Y
80200	Aizecourt-le-Haut	Allaines	Assevillers	Athies	Barleux	Belloy-en-Santerre	Berny-en-Santerre	Biaches	Bouchavesnes-Bergen	Bouvincourt-en-Vermandois	Brie	Buire-Courcelles	Bussu	Cartigny	Cizancourt	Cléry-sur-Somme	Devise	Doingt	Ennemain	Estrées-Deniécourt	Estrées-Mons	Éterpigny	Fay	Feuillères	Flaucourt	Herbécourt	Marchélepot-Misery	Mesnil-Bruntel	Moislains	Monchy-Lagache	Péronne	Saint-Christ-Briost	Soyécourt	Tertry	Villers-Carbonnel	Estrées-en-Chaussée|Estrées-Mons	Marchélepot|Marchélepot-Misery	Misery|Marchélepot-Misery
80210	Acheux-en-Vimeu	Aigneville	Chépy	Ercourt	Feuquières-en-Vimeu	Franleu	Mons-Boubert	Ochancourt	Tours-en-Vimeu	Valines
80220	Bouillancourt-en-Séry	Bouttencourt	Bouvaincourt-sur-Bresle	Buigny-lès-Gamaches	Frettemeule	Gamaches	Maisnières	Tilloy-Floriville
80230	Boismont	Brutelles	Estrébœuf	Lanchères	Pendé	Saigneville	Saint-Valery-sur-Somme	Vaudricourt
80240	Aizecourt-le-Bas	Bernes	Driencourt	Guyencourt-Saulcourt	Hancourt	Hervilly	Hesbécourt	Liéramont	Longavesnes	Marquaix	Nurlu	Pœuilly	Roisel	Sorel	Templeux-la-Fosse	Templeux-le-Guérard	Tincourt-Boucly	Villers-Faucon	Vraignes-en-Vermandois
80250	Ailly-sur-Noye	Chaussoy-Epagny	Chirmont	Coullemelle	Esclainvillers	Estrées-sur-Noye	Folleville	Grivesnes	Guyencourt-sur-Noye	Hallivillers	Jumel	La Faloise	Lawarde-Mauger-l'Hortoy	Louvrechy	Malpart	Quiry-le-Sec	Remiencourt	Rouvrel	Sourdon	Thory
80260	Allonville	Bavelincourt	Beaucourt-sur-l'Hallue	Béhencourt	Bertangles	Cardonnette	Coisy	Flesselles	Fréchencourt	Hérissart	La Vicogne	Mirvaux	Molliens-au-Bois	Montigny-sur-l'Hallue	Montonvillers	Naours	Pierregot	Poulainville	Rainneville	Rubempré	Saint-Gratien	Talmas	Vaux-en-Amiénois	Villers-Bocage
80270	Airaines	Allery	Avelesges	Belloy-Saint-Léonard	Bettencourt-Rivière	Heucourt-Croquoison	Laleu	Métigny	Quesnoy-sur-Airaines	Tailly	Vergies	Warlus	Wiry-au-Mont
80290	Bergicourt	Bettembos	Blangy-sous-Poix	Bussy-lès-Poix	Caulières	Courcelles-sous-Moyencourt	Croixrault	Éplessier	Équennes-Éramecourt	Famechon	Fourcigny	Fresnoy-au-Val	Fricamps	Gauville	Guizancourt	Hescamps	Lachapelle	Lamaronde	Lignières-Châtelain	Marlers	Meigneux	Méréaucourt	Morvillers-Saint-Saturnin	Moyencourt-lès-Poix	Namps-Maisnil	Offignies	Poix-de-Picardie	Sainte-Segrée	Saulchoy-sous-Poix	Thieulloy-la-Ville	Agnières|Hescamps	Frettemolle|Hescamps	Lahaye-Saint-Romain|Poix-de-Picardie	Namps-au-Mont|Namps-Maisnil	Rumaisnil|Namps-Maisnil	Souplicourt|Hescamps	Taisnil|Namps-Maisnil
80300	Albert	Authuille	Aveluy	Baizieux	Bazentin	Beaucourt-sur-l'Ancre	Beaumont-Hamel	Bécordel-Bécourt	Bouzincourt	Bresle	Buire-sur-l'Ancre	Carnoy-Mametz	Contalmaison	Courcelette	Dernancourt	Englebelmer	Fricourt	Grandcourt	Hénencourt	Irles	Laviéville	Méaulte	Mesnil-Martinsart	Millencourt	Miraumont	Montauban-de-Picardie	Morlancourt	Ovillers-la-Boisselle	Pozières	Pys	Senlis-le-Sec	Thiepval	Treux	Ville-sur-Ancre	Warloy-Baillon	Carnoy|Carnoy-Mametz	Mametz|Carnoy-Mametz
80310	Belloy-sur-Somme	Bourdon	Cavillon	Crouy-Saint-Pierre	Fourdrinoy	Hangest-sur-Somme	La Chaussée-Tirancourt	Le Mesge	Picquigny	Riencourt	Saint-Vaast-en-Chaussée	Soues	Yzeux
80320	Ablaincourt-Pressoir	Chaulnes	Fresnes-Mazancourt	Hallu	Hypercourt	Licourt	Lihons	Punchy	Puzeaux	Vermandovillers	Hyencourt-le-Grand|Hypercourt	Omiécourt|Hypercourt	Pertain|Hypercourt
80330	Cagny	Longueau
80340	Bray-sur-Somme	Cappy	Chuignes	Chuignolles	Éclusier-Vaux	Étinehem-Méricourt	Fontaine-lès-Cappy	Foucaucourt-en-Santerre	Frise	Herleville	La Neuville-lès-Bray	Morcourt	Proyart	Suzanne	Étinehem|Étinehem-Méricourt	Méricourt-sur-Somme|Étinehem-Méricourt
80350	Mers-les-Bains
80360	Combles	Curlu	Équancourt	Étricourt-Manancourt	Fins	Flers	Ginchy	Gueudecourt	Guillemont	Hardecourt-aux-Bois	Hem-Monacu	Lesbœufs	Longueval	Maricourt	Maurepas	Mesnil-en-Arrouaise	Rancourt	Sailly-Saillisel
80370	Agenville	Béalcourt	Beaumetz	Bernâtre	Bernaville	Conteville	Cramont	Domesmont	Domléger-Longvillers	Épécamps	Frohen-sur-Authie	Gorges	Heuzecourt	Hiermont	Le Meillard	Maizicourt	Montigny-les-Jongleurs	Prouville	Saint-Acheul	Longvillers|Domléger-Longvillers
80390	Fressenneville	Nibas
80400	Breuil	Brouchy	Buverchy	Croix-Moligneaux	Douilly	Eppeville	Ercheu	Esmery-Hallon	Ham	Hombleux	Matigny	Moyencourt	Muille-Villette	Offoy	Quivières	Sancourt	Ugny-l'Équipée	Voyennes
80410	Cayeux-sur-Mer
80420	Flixecourt	Ville-le-Marclet
80430	Beaucamps-le-Jeune	Beaucamps-le-Vieux	Brocourt	Inval-Boiron	Lafresguimont-Saint-Martin	Le Mazis	Le Quesne	Liomer	Neuville-Coppegueule	Saint-Aubin-Rivière	Saint-Germain-sur-Bresle	Guémicourt|Saint-Germain-sur-Bresle	Guibermesnil|Lafresguimont-Saint-Martin	Laboissière-Saint-Martin|Lafresguimont-Saint-Martin	Montmarquet|Lafresguimont-Saint-Martin
80440	Blangy-Tronville	Boves	Cottenchy	Dommartin	Fouencamps	Glisy	Hailles	Thézy-Glimont
80450	Camon	Lamotte-Brebière
80460	Ault	Friaucourt	Oust-Marest	Woignarue
80470	Ailly-sur-Somme	Argœuves	Breilly	Dreuil-lès-Amiens	Ferrières	Saint-Sauveur	Saveuse
80480	Bacouel-sur-Selle	Creuse	Dury	Pont-de-Metz	Saleux	Salouël	Vers-sur-Selle
80490	Bailleul	Citerne	Frucourt	Hallencourt	Limeux	Mérélessart	Sorel-en-Vimeu	Hocquincourt|Hallencourt	Wanel|Hallencourt
80500	Assainvillers	Ayencourt	Becquigny	Bouillancourt-la-Bataille	Boussicourt	Cantigny	Courtemanche	Davenescourt	Erches	Ételfay	Faverolles	Fescamps	Fignières	Fontaine-sous-Montdidier	Gratibus	Guerbigny	Laboissière-en-Santerre	Le Cardonnois	Lignières	Marestmontiers	Mesnil-Saint-Georges	Montdidier	Piennes-Onvillers	Remaugies	Rollot	Rubescourt	Trois-Rivières	Villers-Tournelle	Warsy	Onvillers|Piennes-Onvillers
80510	Cocquerel	Fontaine-sur-Somme	Long	Longpré-les-Corps-Saints
80520	Méneslies	Woincourt	Yzengremer
80540	Bougainville	Bovelles	Briquemesnil-Floxicourt	Camps-en-Amiénois	Clairy-Saulchoix	Fluy	Guignemicourt	Molliens-Dreuil	Montagne-Fayel	Oissy	Pissy	Revelles	Saint-Aubin-Montenoy	Saisseval	Seux	Dreuil-lès-Molliens|Molliens-Dreuil
80550	Le Crotoy
80560	Acheux-en-Amiénois	Arquèves	Auchonvillers	Authie	Bayencourt	Bertrancourt	Bus-lès-Artois	Coigneux	Colincamps	Contay	Courcelles-au-Bois	Forceville	Harponville	Hédauville	Léalvillers	Louvencourt	Mailly-Maillet	Marieux	Puchevillers	Saint-Léger-lès-Authie	Thièvres	Toutencourt	Vadencourt	Varennes	Vauchelles-lès-Authie
80570	Dargnies	Embreville
80580	Bray-lès-Mareuil	Eaucourt-sur-Somme	Épagne-Épagnette	Érondelle	Liercourt	Pont-Remy
80600	Autheux	Authieule	Barly	Beauquesne	Boisbergues	Bouquemaison	Brévillers	Doullens	Gézaincourt	Grouches-Luchuel	Hem-Hardinval	Humbercourt	Longuevillette	Lucheux	Mézerolles	Neuvillette	Occoches	Outrebois	Raincheval	Remaisnil	Terramesnil
80610	Bettencourt-Saint-Ouen	Saint-Ouen
80620	Berneuil	Domart-en-Ponthieu	Domqueur	Franqueville	Fransu	Lanches-Saint-Hilaire	Mesnil-Domqueur	Ribeaucourt	Surcamps	Vauchelles-lès-Domart
80630	Beauval
80640	Aumont	Dromesnil	Hornoy-le-Bourg	Méricourt-en-Vimeu	Thieulloy-l'Abbaye	Vraignes-lès-Hornoy	Boisrault|Hornoy-le-Bourg	Gouy-l'Hôpital|Hornoy-le-Bourg	Lincheux-Hallivillers|Hornoy-le-Bourg	Orival|Hornoy-le-Bourg	Selincourt|Hornoy-le-Bourg	Tronchoy|Hornoy-le-Bourg
80650	Vignacourt
80670	Bonneville	Canaples	Fieffes-Montrelet	Halloy-lès-Pernois	Havernas	Pernois	Wargnies
80680	Grattepanche	Hébécourt	Rumigny	Sains-en-Amiénois	Saint-Fuscien
80690	Ailly-le-Haut-Clocher	Brucamps	Ergnies	Francières	Gorenflos	Mouflers	Villers-sous-Ailly
80700	Andechy	Armancourt	Balâtre	Beuvraignes	Bus-la-Mésière	Carrépuis	Champien	Crémery	Damery	Dancourt-Popincourt	Fonches-Fonchette	Fransart	Fresnoy-lès-Roye	Goyencourt	Grivillers	Gruny	Hattencourt	L'Échelle-Saint-Aurin	La Chavatte	Laucourt	Liancourt-Fosse	Marché-Allouarde	Marquivillers	Parvillers-le-Quesnoy	Rethonvillers	Roiglise	Roye	Saint-Mard	Tilloloy	Verpillières	Villers-lès-Roye
80710	Quevauvillers
80740	Épehy	Ronssoy
80750	Candas	Fienvillers
80770	Beauchamps
80780	Saint-Léger-lès-Domart
80800	Aubigny	Bonnay	Bussy-lès-Daours	Cachy	Cayeux-en-Santerre	Cerisy	Chipilly	Corbie	Daours	Fouilloy	Franvillers	Gentelles	Hamelet	Heilly	Ignaucourt	Lahoussoye	Lamotte-Warfusée	Le Hamel	Marcelcave	Méricourt-l'Abbé	Ribemont-sur-Ancre	Sailly-Laurette	Sailly-le-Sec	Vaire-sous-Corbie	Vaux-sur-Somme	Vecquemont	Villers-Bretonneux
80820	Arrest
80830	Bouchon	L'Étoile
80850	Berteaucourt-les-Dames
80860	Nouvion	Noyelles-sur-Mer	Ponthoile
80870	Béhen	Moyenneville	Tœufles
80880	Saint-Quentin-la-Motte-Croix-au-Bailly
80890	Condé-Folie
80910	Arvillers	Bouchoir
80960	Saint-Blimont
80970	Sailly-Flibeaucourt
80980	Dompierre-Becquincourt
81000	Albi
81090	Lagarrigue	Valdurenque
81100	Burlats	Castres	Laboulbène
81110	Arfons	Dourgne	Lagardiolle	Lescout	Massaguel	Saint-Amancet	Saint-Avit	Verdalle
81120	Dénat	Fauch	Laboutarie	Lamillarié	Lombers	Mont-Roc	Orban	Poulan-Pouzols	Puygouzon	Réalmont	Sieurac	Teillet	Terre-de-Bancalié	Labastide-Dénat|Puygouzon	Le Travet|Terre-de-Bancalié	Ronel|Terre-de-Bancalié	Roumégoux|Terre-de-Bancalié	Saint-Antonin-de-Lacalm|Terre-de-Bancalié	Saint-Lieux-Lafenasse|Terre-de-Bancalié	Terre-Clapier|Terre-de-Bancalié
81130	Cagnac-les-Mines	Mailhoc	Milhavet	Taïx	Villeneuve-sur-Vère
81140	Alos	Andillac	Cahuzac-sur-Vère	Campagnac	Castelnau-de-Montmiral	Larroque	Le Verdier	Montels	Penne	Puycelsi	Roussayrolles	Saint-Beauzile	Saint-Michel-de-Vax	Sainte-Cécile-du-Cayrou	Vaour	Vieux
81150	Bernac	Castanet	Castelnau-de-Lévis	Cestayrols	Fayssac	Florentin	Labastide-de-Lévis	Lagrave	Marssac-sur-Tarn	Rouffiac	Sainte-Croix	Terssac
81160	Arthès	Saint-Juéry
81170	Amarens	Bournazel	Cordes-sur-Ciel	Donnazac	Frausseilles	Itzac	Labarthe-Bleys	Lacapelle-Ségalar	Le Riols	Les Cabannes	Livers-Cazelles	Loubers	Marnaves	Milhars	Montrosier	Mouzieys-Panens	Noailles	Saint-Marcel-Campes	Saint-Martin-Laguépie	Souel	Tonnac	Vindrac-Alayrac	Campes|Saint-Marcel-Campes
81190	Almayrac	Jouqueviel	Mirandol-Bourgnounac	Montauriol	Montirat	Moularès	Pampelonne	Saint-Christophe	Sainte-Gemme	Tanus	Tréban	Trévien
81200	Aiguefonde	Aussillon	Caucalières	Mazamet
81210	Lacrouzette	Montfa	Roquecourbe	Saint-Germier	Saint-Jean-de-Vals
81220	Damiatte	Guitalens-L'Albarède	Magrin	Prades	Saint-Paul-Cap-de-Joux	Serviès	Teyssode	Viterbe
81230	Lacaune
81240	Albine	Lacabarède	Le Rialet	Le Vintrou	Rouairoux	Saint-Amans-Soult	Saint-Amans-Valtoret	Sauveterre
81250	Alban	Curvalle	Massals	Miolles	Paulinet	Saint-André
81260	Anglès	Berlats	Brassac	Cambounès	Espérausses	Fontrieu	Lamontélarié	Lasfaillades	Le Bez
81270	Labastide-Rouairoux
81290	Escoussens	Labruguière	Saint-Affrique-les-Montagnes	Viviers-lès-Montagnes
81300	Busque	Graulhet	Labessière-Candeil	Lasgraisses	Missècle	Moulayrès
81310	Lisle-sur-Tarn	Parisot	Peyrole
81320	Barre	Moulin-Mage	Murat-sur-Vèbre	Nages
81330	Lacaze	Rayssac	Saint-Pierre-de-Trivisy	Vabre
81340	Assac	Cadix	Courris	Faussergues	Fraissines	Lacapelle-Pinet	Le Dourn	Lédas-et-Penthiès	Padiès	Saint-Cirgue	Saint-Julien-Gaulène	Saint-Michel-Labadié	Trébas	Valence-d'Albigeois
81350	Andouque	Crespin	Crespinet	Saint-Grégoire	Saint-Jean-de-Marcel	Saussenac	Sérénac	Valderiès
81360	Arifat	Montredon-Labessonnié
81370	Saint-Sulpice-la-Pointe
81380	Lescure-d'Albigeois
81390	Briatexte	Puybegon	Saint-Gauzens
81400	Blaye-les-Mines	Carmaux	Labastide-Gabausse	Rosières	Saint-Benoît-de-Carmaux
81430	Ambialet	Bellegarde-Marsal	Le Fraysse	Mouzieys-Teulet	Villefranche-d'Albigeois
81440	Brousse	Jonquières	Lautrec	Montdragon	Montpinier	Peyregoux	Puycalvel	Saint-Genest-de-Contest	Saint-Julien-du-Puy	Vénès
81450	Le Garric
81470	Aguts	Algans	Cambon-lès-Lavaur	Cuq-Toulza	Lacroisille	Maurens-Scopont	Montgey	Mouzens	Péchaudier	Puéchoursi	Roquevidal
81490	Boissezon	Noailhac	Saint-Salvy-de-la-Balme
81500	Ambres	Bannières	Belcastel	Cabanès	Fiac	Garrigues	Giroussens	Labastide-Saint-Georges	Lacougotte-Cadoul	Lavaur	Lugan	Marzens	Massac-Séran	Montcabrier	Pratviel	Saint-Agnan	Saint-Jean-de-Rives	Saint-Lieux-lès-Lavaur	Teulat	Veilhes	Villeneuve-lès-Lavaur	Viviers-lès-Lavaur
81530	Gijounet	Lacapelle-Escroux	Le Masnau-Massuguiès	Saint-Salvi-de-Carcavès	Senaux	Viane
81540	Belleserre	Cahuzac	Durfort	Les Cammazes	Sorèze
81570	Carbes	Cuq	Fréjeville	Sémalens	Vielmur-sur-Agout
81580	Cambounet-sur-le-Sor	Soual
81600	Aussac	Brens	Broze	Cadalen	Fénols	Gaillac	Montans	Rivières	Senouillac	Técou
81630	Beauvais-sur-Tescou	La Sauzière-Saint-Jean	Montdurausse	Montgaillard	Montvalen	Saint-Urcisse	Salvagnac	Tauriac
81640	Combefa	Laparrouquial	Le Ségur	Monestiés	Salles	Virac
81660	Bout-du-Pont-de-Larn	Payrin-Augmontel	Pont-de-Larn
81700	Appelle	Bertre	Blan	Garrevaques	Lempaut	Palleville	Poudis	Puylaurens	Saint-Germain-des-Prés	Saint-Sernin-lès-Lavaur
81710	Navès	Saïx
81800	Coufouleux	Grazac	Loupiac	Mézens	Rabastens	Roquemaure
81990	Cambon	Carlus	Cunac	Fréjairolles	Le Sequestre	Puygouzon	Saliès
82000	Montauban
82100	Castelferrus	Castelsarrasin	Garganvillar	Labastide-du-Temple	Labourgade	Lafitte	Les Barthes	Montaïn	Saint-Aignan
82110	Bouloc-en-Quercy	Cazes-Mondenard	Lauzerte	Montagudet	Montbarla	Saint-Amans-de-Pellagal	Sainte-Juliette	Sauveterre	Tréjouls
82120	Asques	Balignac	Castéra-Bouzet	Gensac	Gramont	Lachapelle	Lavit	Mansonville	Marsac	Maumusson	Montgaillard	Poupas	Puygaillard-de-Lomagne	Saint-Jean-du-Bouzet
82130	L'Honor-de-Cos	Lafrançaise	Lamothe-Capdeville	Montastruc	Piquecos	Villemade
82140	Cazals	Féneyrols	Saint-Antonin-Noble-Val
82150	Belvèze	Montaigu-de-Quercy	Roquecor	Saint-Amans-du-Pech	Saint-Beauzeil	Valeilles
82160	Castanet	Caylus	Espinas	Lacapelle-Livron	Loze	Mouillac	Parisot	Puylagarde	Saint-Projet
82170	Bessens	Canals	Dieupentale	Fabas	Grisolles	Monbéqui	Pompignan
82190	Bourg-de-Visa	Brassac	Fauroux	Lacour	Miramont-de-Quercy	Saint-Nazaire-de-Valentane	Touffailles
82200	Boudou	Lizac	Malause	Moissac	Montesquieu
82210	Angeville	Castelmayran	Caumont	Coutures	Fajolles	Merles	Saint-Arroumex	Saint-Nicolas-de-la-Grave
82220	Auty	Labarthe	Molières	Puycornet	Vazerac
82230	Génébrières	La Salvetat-Belmontet	Léojac	Monclar-de-Quercy	Verlhac-Tescou
82240	Cayriech	Labastide-de-Penne	Lapenche	Lavaurette	Puylaroque	Saint-Georges	Septfonds
82250	Laguépie
82270	Montalzat	Montfermier	Montpezat-de-Quercy
82290	Albefeuille-Lagarde	Barry-d'Islemade	La Ville-Dieu-du-Temple	Lacourt-Saint-Pierre	Meauzac	Montbeton
82300	Caussade	Monteils	Saint-Cirq	Saint-Vincent-d'Autéjac
82330	Ginals	Varen	Verfeil
82340	Auvillar	Bardigues	Donzac	Dunes	Le Pin	Saint-Cirice	Saint-Loup	Saint-Michel	Sistels
82350	Albias
82360	Lamagistère
82370	Campsas	Corbarieu	Labastide-Saint-Pierre	Nohic	Orgueil	Reyniès	Saint-Nauphary	Varennes	Villebrumier
82390	Durfort-Lacapelette
82400	Castelsagrat	Espalais	Gasques	Golfech	Goudourville	Montjoi	Perville	Pommevic	Saint-Clair	Saint-Paul-d'Espis	Saint-Vincent-Lespinasse	Valence
82410	Saint-Étienne-de-Tulmont
82440	Cayrac	Mirabel	Réalville
82500	Auterive	Beaumont-de-Lomagne	Belbèze-en-Lomagne	Cumont	Escazeaux	Esparsac	Faudoas	Gariès	Gimat	Glatens	Goas	Lamothe-Cumont	Larrazet	Le Causé	Marignac	Maubec	Sérignac	Vigueron
82600	Aucamville	Beaupuy	Bouillac	Comberouger	Mas-Grenier	Saint-Sardos	Savenès	Verdun-sur-Garonne
82700	Bourret	Cordes-Tolosannes	Escatalens	Finhan	Montbartier	Montech	Saint-Porquier
82710	Bressols
82800	Bioule	Bruniquel	Montricoux	Nègrepelisse	Puygaillard-de-Quercy	Vaïssac
83000	Toulon
83100	Toulon
83110	Sanary-sur-Mer
83111	Ampus
83119	Brue-Auriac
83120	Le Plan-de-la-Tour	Sainte-Maxime
83130	La Garde
83131	Montferrat
83136	Forcalqueiret	Garéoult	La Roquebrussanne	Mazaugues	Méounes-lès-Montrieux	Néoules	Rocbaron	Sainte-Anastasie-sur-Issole
83140	Six-Fours-les-Plages
83143	Le Val
83149	Bras
83150	Bandol
83160	La Valette-du-Var
83170	Brignoles	Camps-la-Source	La Celle	Rougiers	Tourves	Vins-sur-Caramy
83190	Ollioules
83200	Le Revest-les-Eaux	Toulon
83210	Belgentier	La Farlède	Solliès-Pont	Solliès-Toucas	Solliès-Ville
83220	Le Pradet
83230	Bormes-les-Mimosas
83240	Cavalaire-sur-Mer
83250	La Londe-les-Maures
83260	La Crau
83270	Saint-Cyr-sur-Mer
83300	Châteaudouble	Draguignan
83310	Cogolin	Grimaud	La Môle
83320	Carqueiranne
83330	Évenos	Le Beausset	Le Castellet
83340	Cabasse	Flassans-sur-Issole	Le Cannet-des-Maures	Le Luc	Le Thoronet	Les Mayons
83350	Ramatuelle
83370	Fréjus
83380	Roquebrune-sur-Argens
83390	Cuers	Pierrefeu-du-Var	Puget-Ville
83400	Hyères
83420	La Croix-Valmer
83430	Saint-Mandrier-sur-Mer
83440	Callian	Fayence	Mons	Montauroux	Saint-Paul-en-Forêt	Seillans	Tanneron	Tourrettes
83460	Les Arcs	Taradeau
83470	Ollières	Pourcieux	Saint-Maximin-la-Sainte-Baume	Seillons-Source-d'Argens
83480	Puget-sur-Argens
83490	Le Muy
83500	La Seyne-sur-Mer
83510	Lorgues	Saint-Antonin-du-Var
83520	Roquebrune-sur-Argens
83530	Saint-Raphaël
83550	Vidauban
83560	Artigues	Esparron-de-Pallières	Ginasservis	La Verdière	Rians	Saint-Julien	Saint-Martin-de-Pallières	Vinon-sur-Verdon
83570	Carcès	Correns	Cotignac	Entrecasteaux	Montfort-sur-Argens
83580	Gassin
83590	Gonfaron
83600	Bagnols-en-Forêt	Fréjus	Les Adrets-de-l'Estérel
83610	Collobrières
83630	Aiguines	Artignosc-sur-Verdon	Aups	Baudinard-sur-Verdon	Bauduen	Les Salles-sur-Verdon	Moissac-Bellevue	Régusse	Vérignon
83640	Plan-d'Aups-Sainte-Baume	Saint-Zacharie
83660	Carnoules
83670	Barjols	Châteauvert	Fox-Amphoux	Montmeyan	Pontevès	Tavernes	Varages
83680	La Garde-Freinet
83690	Salernes	Sillans-la-Cascade	Tourtour	Villecroze
83700	Saint-Raphaël
83720	Trans-en-Provence
83740	La Cadière-d'Azur
83780	Flayosc
83790	Pignans
83820	Rayol-Canadel-sur-Mer
83830	Bargemon	Callas	Claviers	Figanières
83840	Bargème	Brenon	Châteauvieux	Comps-sur-Artuby	La Bastide	La Martre	La Roque-Esclapon	Le Bourguet	Trigance
83860	Nans-les-Pins
83870	Signes
83890	Besse-sur-Issole
83910	Pourrières
83920	La Motte
83980	Le Lavandou
83990	Saint-Tropez
84000	Avignon
84100	Orange	Uchaux
84110	Buisson	Crestet	Faucon	Puyméras	Rasteau	Roaix	Sablet	Saint-Marcellin-lès-Vaison	Saint-Romain-en-Viennois	Séguret	Vaison-la-Romaine	Villedieu
84120	Beaumont-de-Pertuis	La Bastidonne	Mirabeau	Pertuis
84130	Le Pontet
84140	Avignon
84150	Jonquières	Violès
84160	Cadenet	Cucuron	Lourmarin	Puyvert	Vaugines
84170	Monteux
84190	Beaumes-de-Venise	Gigondas	La Roque-Alric	Lafare	Suzette	Vacqueyras
84200	Carpentras
84210	Althen-des-Paluds	La Roque-sur-Pernes	Le Beaucet	Pernes-les-Fontaines	Saint-Didier	Venasque
84220	Beaumettes	Cabrières-d'Avignon	Gordes	Goult	Joucas	Lioux	Murs	Roussillon	Saint-Pantaléon
84230	Châteauneuf-du-Pape
84240	Ansouis	Cabrières-d'Aigues	Grambois	La Bastide-des-Jourdans	La Motte-d'Aigues	La Tour-d'Aigues	Peypin-d'Aigues	Sannes	Vitrolles-en-Lubéron
84250	Le Thor
84260	Sarrians
84270	Vedène
84290	Cairanne	Lagarde-Paréol	Saint-Roman-de-Malegarde	Sainte-Cécile-les-Vignes
84300	Cavaillon	Taillades
84310	Morières-lès-Avignon
84320	Entraigues-sur-la-Sorgue
84330	Caromb	Le Barroux	Modène	Saint-Hippolyte-le-Graveyron	Saint-Pierre-de-Vassols
84340	Beaumont-du-Ventoux	Entrechaux	Malaucène
84350	Courthézon
84360	Lauris	Mérindol	Puget
84370	Bédarrides
84380	Mazan
84390	Aurel	Brantes	Monieux	Saint-Christol	Saint-Léger-du-Ventoux	Saint-Trinit	Sault	Savoillan
84400	Apt	Auribeau	Castellet-en-Luberon	Gargas	Gignac	Lagarde-d'Apt	Rustrel	Saignon	Sivergues	Villars
84410	Bédoin	Crillon-le-Brave	Flassan
84420	Piolenc
84430	Mondragon
84440	Robion
84450	Jonquerettes	Saint-Saturnin-lès-Avignon
84460	Cheval-Blanc
84470	Châteauneuf-de-Gadagne
84480	Bonnieux	Buoux	Lacoste
84490	Saint-Saturnin-lès-Apt
84500	Bollène
84510	Caumont-sur-Durance
84530	Villelaure
84550	Mornas
84560	Ménerbes
84570	Blauvac	Malemort-du-Comtat	Méthamis	Mormoiron	Villes-sur-Auzon
84580	Oppède
84600	Grillon	Richerenches	Valréas
84660	Maubec
84700	Sorgues
84740	Velleron
84750	Caseneuve	Saint-Martin-de-Castillon	Viens
84760	Saint-Martin-de-la-Brasque
84800	Fontaine-de-Vaucluse	L'Isle-sur-la-Sorgue	Lagnes	Saumane-de-Vaucluse
84810	Aubignan
84820	Visan
84830	Sérignan-du-Comtat
84840	Lamotte-du-Rhône	Lapalud
84850	Camaret-sur-Aigues	Travaillan
84860	Caderousse
84870	Loriol-du-Comtat
85000	La Roche-sur-Yon	Mouilleron-le-Captif
85100	Les Sables-d'Olonne
85110	Chantonnay	La Jaudonnière	Monsireigne	Saint-Germain-de-Prinçay	Saint-Prouant	Saint-Vincent-Sterlanges	Sainte-Cécile	Sigournais	Saint-Philbert-du-Pont-Charrault|Chantonnay
85120	Antigny	La Châtaigneraie	Loge-Fougereuse	Saint-Hilaire-de-Voust	Saint-Maurice-des-Noues	Saint-Pierre-du-Chemin	Terval	Vouvant	Breuil-Barret|Terval	La Chapelle-aux-Lys|Terval	La Tardière|Terval
85130	Bazoges-en-Paillers	Chanverrie	La Gaubretière	Les Landes-Genusson	Saint-Aubin-des-Ormeaux	Saint-Martin-des-Tilleuls	Tiffauges	La Verrie|Chanverrie
85140	Chauché	Essarts-en-Bocage	L'Oie	La Merlatière	Saint-Martin-des-Noyers	Sainte-Florence	Boulogne|Essarts-en-Bocage	Les Essarts|Essarts-en-Bocage
85150	Landeronde	Le Girouard	Les Achards	Martinet	Saint-Georges-de-Pointindoux	Saint-Julien-des-Landes	Saint-Mathurin	Sainte-Flaive-des-Loups	Sainte-Foy	Vairé
85160	Saint-Jean-de-Monts
85170	Beaufou	Bellevigny	Dompierre-sur-Yon	Le Poiré-sur-Vie	Les Lucs-sur-Boulogne	Saint-Denis-la-Chevasse	Belleville-sur-Vie|Bellevigny	Saligny|Bellevigny
85180	Les Sables-d'Olonne
85190	Aizenay	Beaulieu-sous-la-Roche	La Genétouze	Maché	Venansault
85200	Auchay-sur-Vendée	Bourneau	Doix lès Fontaines	Fontenay-le-Comte	L'Orbrie	Longèves	Mervent	Montreuil	Pissotte	Saint-Martin-de-Fraigneau	Saint-Michel-le-Cloucq	Sérigné	Auzay|Auchay-sur-Vendée	Chaix|Auchay-sur-Vendée
85210	La Chapelle-Thémer	La Réorthe	Saint-Aubin-la-Plaine	Saint-Étienne-de-Brillouet	Saint-Jean-d'Hermine	Saint-Juire-Champgillon	Saint-Martin-Lars-en-Sainte-Hermine	Thiré	Saint-Jean-de-Beugné|Saint-Jean-d'Hermine	Sainte-Hermine|Saint-Jean-d'Hermine
85220	Apremont	Coëx	Commequiers	L'Aiguillon-sur-Vie	La Chaize-Giraud	La Chapelle-Hermier	Landevieille	Saint-Maixent-sur-Vie	Saint-Révérend
85230	Beauvoir-sur-Mer	Bouin	Saint-Gervais	Saint-Urbain
85240	Faymoreau	Foussais-Payré	Marillet	Puy-de-Serre	Rives-d'Autise	Saint-Hilaire-des-Loges	Xanton-Chassenon	Nieul-sur-l'Autise|Rives-d'Autise
85250	Chavagnes-en-Paillers	La Rabatelière	Saint-André-Goule-d'Oie	Saint-Fulgent	Vendrennes
85260	L'Herbergement	La Copechagnière	Les Brouzils	Montréverd	Mormaison|Montréverd	Saint-André-Treize-Voies|Montréverd	Saint-Sulpice-le-Verdon|Montréverd
85270	Notre-Dame-de-Riez	Saint-Hilaire-de-Riez
85280	La Ferrière
85290	Mortagne-sur-Sèvre	Saint-Laurent-sur-Sèvre
85300	Challans	Froidfond	Le Perrier	Sallertaine	Soullans
85310	La Chaize-le-Vicomte	Le Tablier	Nesmy	Rives de l'Yon	Chaillé-sous-les-Ormeaux|Rives de l'Yon	Saint-Florent-des-Bois|Rives de l'Yon
85320	Bessay	Château-Guibert	Corpe	La Bretonnière-la-Claye	La Couture	Les Pineaux	Mareuil-sur-Lay-Dissais	Moutiers-sur-le-Lay	Péault	Rosnay	Sainte-Pexine	Dissais|Mareuil-sur-Lay-Dissais	La Claye|La Bretonnière-la-Claye
85330	Noirmoutier-en-l'Île
85340	L'Île-d'Olonne	Les Sables-d'Olonne
85350	L'Île-d'Yeu
85360	La Tranche-sur-Mer
85370	Le Langon	Mouzeuil-Saint-Martin	Nalliers
85390	Bazoges-en-Pareds	Chavagnes-les-Redoux	Cheffois	Mouilleron-Saint-Germain	Saint-Maurice-le-Girard	Tallud-Sainte-Gemme	Mouilleron-en-Pareds|Mouilleron-Saint-Germain	Saint-Germain-l'Aiguiller|Mouilleron-Saint-Germain
85400	Chasnais	Lairoux	Les Magnils-Reigniers	Luçon	Sainte-Gemme-la-Plaine
85410	La Caillère-Saint-Hilaire	Rives-du-Fougerais	Saint-Cyr-des-Gâts	Saint-Laurent-de-la-Salle	Cezais|Rives-du-Fougerais	Saint-Hilaire-du-Bois|La Caillère-Saint-Hilaire	Saint-Sulpice-en-Pareds|Rives-du-Fougerais	Thouarsais-Bouildroux|Rives-du-Fougerais
85420	Bouillé-Courdault	Damvix	Le Mazeau	Liez	Maillé	Maillezais	Rives-d'Autise	Saint-Pierre-le-Vieux	Saint-Sigismond	Oulmes|Rives-d'Autise
85430	Aubigny-Les Clouzeaux	La Boissière-des-Landes	Nieul-le-Dolent	Aubigny|Aubigny-Les Clouzeaux	Les Clouzeaux|Aubigny-Les Clouzeaux
85440	Avrillé	Grosbreuil	Poiroux	Saint-Hilaire-la-Forêt	Talmont-Saint-Hilaire
85450	Chaillé-les-Marais	Champagné-les-Marais	La Taillée	Moreilles	Puyravault	Sainte-Radégonde-des-Noyers	Vouillé-les-Marais
85460	L'Aiguillon-la-Presqu'île	L'Aiguillon-sur-Mer|L'Aiguillon-la-Presqu'île	La Faute-sur-Mer|L'Aiguillon-la-Presqu'île
85470	Brem-sur-Mer	Bretignolles-sur-Mer
85480	Bournezeau	Fougeré	Saint-Hilaire-le-Vouhis	Thorigny	Saint-Vincent-Puymaufrais|Bournezeau
85490	Benet	Lesson|Benet	Sainte-Christine|Benet
85500	Beaurepaire	Chanverrie	Les Herbiers	Mesnard-la-Barotière	Saint-Paul-en-Pareds	Chambretaud|Chanverrie
85510	Le Boupère	Rochetrejoux
85520	Jard-sur-Mer	Saint-Vincent-sur-Jard
85530	La Bruffière
85540	Curzon	La Jonchère	Le Champ-Saint-Père	Le Givre	Moutiers-les-Mauxfaits	Saint-Avaugourd-des-Landes	Saint-Benoist-sur-Mer	Saint-Cyr-en-Talmondais	Saint-Vincent-sur-Graon	Saint-Sornin|Saint-Vincent-sur-Graon
85550	La Barre-de-Monts
85560	Le Bernard	Longeville-sur-Mer
85570	L'Hermenault	Marsais-Sainte-Radégonde	Petosse	Pouillé	Saint-Martin-des-Fontaines	Saint-Valérien
85580	Grues	Saint-Denis-du-Payré	Saint-Michel-en-l'Herm	Triaize
85590	Les Epesses	Mallièvre	Saint-Malô-du-Bois	Saint-Mars-la-Réorthe	Treize-Vents
85600	La Boissière-de-Montaigu	Montaigu-Vendée	Treize-Septiers	Boufféré|Montaigu-Vendée	La Guyonnière|Montaigu-Vendée	Montaigu|Montaigu-Vendée	Saint-Georges-de-Montaigu|Montaigu-Vendée	Saint-Hilaire-de-Loulay|Montaigu-Vendée
85610	Cugand-la-Bernardière	Cugand|Cugand-la-Bernardière	La Bernardière|Cugand-la-Bernardière
85620	Rocheservière
85630	Barbâtre
85640	Mouchamps
85660	Saint-Philbert-de-Bouaine
85670	Falleron	Grand'Landes	La Chapelle-Palluau	Palluau	Saint-Christophe-du-Ligneron	Saint-Étienne-du-Bois	Saint-Paul-Mont-Penit
85680	La Guérinière
85690	Notre-Dame-de-Monts
85700	La Meilleraie-Tillay	Menomblet	Montournais	Pouzauges	Réaumur	Saint-Mesmin	Sèvremont	La Flocellière|Sèvremont	La Pommeraie-sur-Sèvre|Sèvremont	Les Châtelliers-Châteaumur|Sèvremont	Saint-Michel-Mont-Mercure|Sèvremont
85710	Bois-de-Céné	Châteauneuf	La Garnache
85740	L'Épine
85750	Angles
85770	L'Île-d'Elle	Le Gué-de-Velluire	Les Velluire-sur-Vendée	Vix	Le Poiré-sur-Velluire|Les Velluire-sur-Vendée	Velluire|Les Velluire-sur-Vendée
85800	Givrand	Le Fenouiller	Saint-Gilles-Croix-de-Vie
86000	Poitiers
86100	Antran	Châtellerault	Senillé-Saint-Sauveur	Saint-Sauveur|Senillé-Saint-Sauveur	Senillé|Senillé-Saint-Sauveur	Targé|Châtellerault
86110	Amberre	Chouppes	Coussay	Craon	Cuhon	La Grimaudière	Mazeuil	Mirebeau	Saint-Martin-la-Pallu	Thurageau	Varennes|Saint-Martin-la-Pallu	Verger-sur-Dive|La Grimaudière
86120	Berrie	Beuxes	Bournand	Curçay-sur-Dive	Les Trois-Moutiers	Morton	Pouançay	Raslay	Roiffé	Saint-Léger-de-Montbrillais	Saix	Ternay	Vézières
86130	Beaumont Saint-Cyr	Dissay	Jaunay-Marigny	Saint-Georges-lès-Baillargeaux	Jaunay-Clan|Jaunay-Marigny	Saint-Cyr|Beaumont Saint-Cyr
86140	Cernay	Doussay	Lencloître	Saint-Genest-d'Ambière	Savigny-sous-Faye	Scorbé-Clairvaux
86150	L'Isle-Jourdain	Le Vigeant	Millac	Moussac	Nérignac	Queaux
86160	Brion	Champagné-Saint-Hilaire	Gençay	La Ferrière-Airoux	Magné	Marnay	Saint-Maurice-la-Clouère	Sommières-du-Clain
86170	Avanton	Champigny en Rochereau	Cherves	Cissé	Maisonneuve	Massognes	Neuville-de-Poitou	Saint-Martin-la-Pallu	Vouzailles	Yversay	Blaslay|Saint-Martin-la-Pallu	Charrais|Saint-Martin-la-Pallu
86180	Buxerolles
86190	Ayron	Béruges	Chalandray	Chiré-en-Montreuil	Frozes	Latillé	Maillé	Quinçay	Villiers	Vouillé
86200	Arçay	Basses	Ceaux-en-Loudun	Chalais	Glénouze	La Roche-Rigault	Loudun	Maulay	Messemé	Mouterre-Silly	Nueil-sous-Faye	Pouant	Ranton	Saint-Laon	Sammarçolles	Rossay|Loudun
86210	Archigny	Bellefonds	Bonneuil-Matours	La Chapelle-Moulière	Monthoiron	Vouneuil-sur-Vienne
86220	Dangé-Saint-Romain	Ingrandes	Les Ormes	Leugny	Oyré	Port-de-Piles	Saint-Rémy-sur-Creuse	Vaux-sur-Vienne
86230	Leigné-sur-Usseau	Mondion	Orches	Saint-Christophe	Saint-Gervais-les-Trois-Clochers	Sérigny	Sossais	Usseau	Vellèches
86240	Croutelle	Fontaine-le-Comte	Iteuil	Ligugé	Smarves
86250	Asnois	Charroux	Chatain	Genouillé	La Chapelle-Bâton	Saint-Romain	Surin
86260	Angles-sur-l'Anglin	La Puye	Saint-Pierre-de-Maillé	Vicq-sur-Gartempe
86270	Coussay-les-Bois	La Roche-Posay	Lésigny	Mairé
86280	Saint-Benoît
86290	Brigueil-le-Chantre	Coulonges-les-Hérolles	Journet	La Trimouille	Liglet	Saint-Léomer	Thollet
86300	Bonnes	Chapelle-Viviers	Chauvigny	Fleix	Lauthiers	Leignes-sur-Fontaine	Paizay-le-Sec	Sainte-Radégonde	Valdivienne	Pouzioux|Chauvigny
86310	Antigny	Béthines	Haims	La Bussière	Nalliers	Saint-Germain	Saint-Savin	Villemort
86320	Civaux	Gouex	Lussac-les-Châteaux	Mazerolles	Persac	Sillars
86330	Angliers	Aulnay	La Chaussée	La Grimaudière	Martaizé	Moncontour	Saint-Clair	Saint-Jean-de-Sauves	Frontenay-sur-Dive|Saint-Jean-de-Sauves	Messais|Moncontour	Notre-Dame-d'Or|La Grimaudière	Ouzilly-Vignolles|Moncontour	Saint-Chartres|Moncontour
86340	Aslonnes	Fleuré	Gizay	La Villedieu-du-Clain	Nieuil-l'Espoir	Nouaillé-Maupertuis	Roches-Prémarie-Andillé	Vernon
86350	Château-Garnier	Joussé	Payroux	Saint-Martin-l'Ars	Saint-Secondin	Usson-du-Poitou
86360	Chasseneuil-du-Poitou	Montamisé
86370	Château-Larcher	Marçay	Marigny-Chemereau	Vivonne
86380	Chabournay	Jaunay-Marigny	Ouzilly	Saint-Martin-la-Pallu	Cheneché|Saint-Martin-la-Pallu	Marigny-Brizay|Jaunay-Marigny	Vendeuvre-du-Poitou|Saint-Martin-la-Pallu
86390	Bourg-Archambault	Lathus-Saint-Rémy
86400	Blanzay	Champniers	Civray	Linazay	Lizant	Saint-Gaudent	Saint-Pierre-d'Exideuil	Savigné	Val-de-Comporté	Voulême	Saint-Macoux|Val-de-Comporté	Saint-Saviol|Val-de-Comporté
86410	Bouresse	Dienné	Lhommaizé	Saint-Laurent-de-Jourdes	Verrières
86420	Berthegon	Dercé	Guesnes	Monts-sur-Guesnes	Prinçay	Saires	Verrue
86430	Adriers	Asnières-sur-Blour	Luchapt	Mouterre-sur-Blourde
86440	Migné-Auxances
86450	Chenevelles	Leigné-les-Bois	Pleumartin
86460	Availles-Limouzine	Mauprévoir	Pressac
86470	Boivre-la-Vallée
86480	Rouillé
86490	Beaumont Saint-Cyr	Colombiers	Beaumont|Beaumont Saint-Cyr
86500	Jouhet	Montmorillon	Moulismes	Pindray	Plaisance	Saulgé
86510	Brux	Champagné-le-Sec	Chaunay
86530	Availles-en-Châtellerault	Cenon-sur-Vienne	Naintré
86540	Thuré
86550	Mignaloux-Beauvoir
86580	Biard	Vouneuil-sous-Biard
86600	Celle-Lévescault	Cloué	Coulombiers	Curzay-sur-Vonne	Jazeneuil	Lusignan	Saint-Sauvant	Sanxay
86700	Anché	Romagne	Valence-en-Poitou	Voulon	Ceaux-en-Couhé|Valence-en-Poitou	Châtillon|Valence-en-Poitou	Couhé|Valence-en-Poitou	Payré|Valence-en-Poitou	Vaux|Valence-en-Poitou
86800	Bignoux	Jardres	Lavoux	Liniers	Pouillé	Saint-Julien-l'Ars	Savigny-Lévescault	Sèvres-Anxaumont	Tercé
87000	Limoges
87100	Limoges
87110	Bosmie-l'Aiguille	Le Vigen	Solignac
87120	Augne	Beaumont-du-Lac	Domps	Eymoutiers	Nedde	Rempnat	Saint-Amand-le-Petit	Sainte-Anne-Saint-Priest
87130	Châteauneuf-la-Forêt	La Croisille-sur-Briance	Linards	Masléon	Neuvic-Entier	Roziers-Saint-Georges	Saint-Gilles-les-Forêts	Saint-Méard	Surdoux	Sussac
87140	Chamboret	Compreignac	Le Buis	Nantiat	Saint-Pardoux-le-Lac	Thouron	Vaulry	Roussac|Saint-Pardoux-le-Lac	Saint-Symphorien-sur-Couze|Saint-Pardoux-le-Lac
87150	Champagnac-la-Rivière	Cussac	Oradour-sur-Vayres	Saint-Bazile
87160	Arnac-la-Poste	Cromac	Les Grands-Chézeaux	Mailhac-sur-Benaize	Saint-Georges-les-Landes	Saint-Sulpice-les-Feuilles
87170	Isle
87190	Dompierre-les-Églises	Droux	Magnac-Laval	Saint-Hilaire-la-Treille	Saint-Léger-Magnazeix	Villefavard
87200	Chaillac-sur-Vienne	Saint-Brice-sur-Vienne	Saint-Junien	Saint-Martin-de-Jussac
87210	Dinsac	La Bazeuge	La Croix-sur-Gartempe	Le Dorat	Oradour-Saint-Genest	Saint-Sornin-la-Marche
87220	Aureil	Boisseuil	Eyjeaux	Feytiat
87230	Bussière-Galant	Châlus	Champsac	Dournazac	Flavignac	Lavignac	Les Cars	Pageas	Saint-Nicolas-Courbefy|Bussière-Galant
87240	Ambazac	Saint-Laurent-les-Églises	Saint-Sylvestre
87250	Bessines-sur-Gartempe	Folles	Fromental	Saint-Pardoux-le-Lac	Saint-Pardoux|Saint-Pardoux-le-Lac
87260	Pierre-Buffière	Saint-Bonnet-Briance	Saint-Genest-sur-Roselle	Saint-Hilaire-Bonneval	Saint-Jean-Ligoure	Saint-Paul	Vicq-sur-Breuilh
87270	Bonnac-la-Côte	Chaptelat	Couzeix
87280	Limoges
87290	Balledent	Châteauponsac	Rancon	Saint-Amand-Magnazeix	Saint-Sornin-Leulac	Saint-Priest-le-Betoux|Saint-Sornin-Leulac
87300	Bellac	Berneuil	Blanzac	Blond	Breuilaufa	Peyrat-de-Bellac	Saint-Bonnet-de-Bellac	Saint-Junien-les-Combes	Saint-Ouen-sur-Gartempe
87310	Cognac-la-Forêt	Gorre	Saint-Auvent	Saint-Cyr	Saint-Laurent-sur-Gorre
87320	Val-d'Oire-et-Gartempe	Bussière-Poitevine|Val-d'Oire-et-Gartempe	Darnac|Val-d'Oire-et-Gartempe	Thiat|Val-d'Oire-et-Gartempe
87330	Gajoubert	Montrol-Sénard	Mortemart	Nouic	Saint-Martial-sur-Isop	Val d'Issoire	Val-d'Oire-et-Gartempe	Bussière-Boffy|Val d'Issoire	Mézières-sur-Issoire|Val d'Issoire	Saint-Barbant|Val-d'Oire-et-Gartempe
87340	La Jonchère-Saint-Maurice	Les Billanges	Saint-Léger-la-Montagne
87350	Panazol
87360	Azat-le-Ris	Lussac-les-Églises	Saint-Martin-le-Mault	Tersannes	Verneuil-Moustiers
87370	Bersac-sur-Rivalier	Jabreilles-les-Bordes	Laurière	Saint-Sulpice-Laurière
87380	Château-Chervix	Glanges	La Porcherie	Magnac-Bourg	Meuzac	Saint-Germain-les-Belles	Saint-Vitte-sur-Briance
87400	Champnétery	Eybouleuf	La Geneytouse	Le Châtenet-en-Dognon	Moissannes	Royères	Saint-Denis-des-Murs	Saint-Léonard-de-Noblat	Saint-Martin-Terressus	Sauviat-sur-Vige
87410	Le Palais-sur-Vienne
87420	Saint-Victurnien	Sainte-Marie-de-Vaux
87430	Verneuil-sur-Vienne
87440	La Chapelle-Montbrandeix	Les Salles-Lavauguyon	Maisonnais-sur-Tardoire	Marval	Pensol	Saint-Mathieu	Milhaguet|Marval
87460	Bujaleuf	Cheissoux	Saint-Julien-le-Petit
87470	Peyrat-le-Château
87480	Saint-Priest-Taurion
87500	Coussac-Bonneval	Glandon	Ladignac-le-Long	Le Chalard	Saint-Yrieix-la-Perche
87510	Nieul	Peyrilhac	Saint-Gence	Saint-Jouvent
87520	Cieux	Javerdat	Oradour-sur-Glane	Veyrac
87570	Rilhac-Rancon
87590	Saint-Just-le-Martel
87600	Chéronnac	Rochechouart	Vayres	Videix
87620	Séreilhac
87640	Razès
87700	Aixe-sur-Vienne	Beynac	Saint-Martin-le-Vieux	Saint-Priest-sous-Aixe	Saint-Yrieix-sous-Aixe
87720	Saillat-sur-Vienne
87800	Burgnac	Janailhac	Jourgnac	La Meyze	La Roche-l'Abeille	Meilhac	Nexon	Rilhac-Lastours	Saint-Hilaire-les-Places	Saint-Maurice-les-Brousses	Saint-Priest-Ligoure
87890	Jouac
87920	Condat-sur-Vienne
88000	Chantraine	Deyvillers	Dignonville	Dinozé	Dogneville	Épinal	Jeuxey	Longchamp	Vaudéville
88100	Coinches	Nayemont-les-Fosses	Neuvillers-sur-Fave	Pair-et-Grandrupt	Remomeix	Saint-Dié-des-Vosges	Sainte-Marguerite	Taintrux
88110	Allarmont	Celles-sur-Plaine	Luvigny	Raon-l'Étape	Raon-sur-Plaine	Vexaincourt
88120	Basse-sur-le-Rupt	Cleurie	Gerbamont	Le Syndicat	Rochesson	Saint-Amé	Sapois	Vagney
88130	Avrainville	Battexey	Bouxurulles	Brantigny	Chamagne	Charmes	Essegney	Florémont	Hergugney	Langley	Marainville-sur-Madon	Rapey	Rugney	Savigny	Socourt	Ubexy	Xaronval
88140	Aingeville	Auzainvilliers	Bulgnéville	Contrexéville	Crainvilliers	Dombrot-le-Sec	Gendreville	La Vacheresse-et-la-Rouillie	Malaincourt	Médonville	Morville	Saint-Ouen-lès-Parey	Saulxures-lès-Bulgnéville	Sauville	Suriauville	Urville	Vaudoncourt	Vrécourt
88150	Bayecourt	Chavelot	Igney	Mazeley	Thaon-les-Vosges	Villoncourt	Girmont|Thaon-les-Vosges	Oncourt|Thaon-les-Vosges
88160	Fresse-sur-Moselle	Le Ménil	Le Thillot	Ramonchamp
88170	Aouze	Aroffe	Balléville	Biécourt	Châtenois	Courcelles-sous-Châtenois	Darney-aux-Chênes	Dolaincourt	Dombrot-sur-Vair	Dommartin-sur-Vraine	Gemmelaincourt	Gironcourt-sur-Vraine	Houécourt	La Neuveville-sous-Châtenois	Longchamp-sous-Châtenois	Maconcourt	Morelmaison	Ollainville	Pleuvezain	Rainville	Removille	Rouvres-la-Chétive	Saint-Menge	Saint-Paul	Sandaucourt	Soncourt	Vicherey	Viocourt	Vouxey
88190	Golbey
88200	Dommartin-lès-Remiremont	Remiremont	Saint-Étienne-lès-Remiremont	Saint-Nabord	Vecoux
88210	Ban-de-Sapt	Belval	Châtas	Denipaire	Grandrupt	Hurbache	La Petite-Raon	Le Mont	Le Puid	Le Saulcy	Le Vermont	Ménil-de-Senones	Moussey	Saint-Jean-d'Ormont	Saint-Stail	Senones	Vieux-Moulin
88220	Dounoux	Hadol	Raon-aux-Bois	Uriménil	Uzemain	Xertigny
88230	Ban-sur-Meurthe-Clefcy	Fraize	Le Valtin	Plainfaing
88240	Fontenoy-le-Château	Grandrupt-de-Bains	Gruey-lès-Surance	La Chapelle-aux-Bois	La Haye	La Vôge-les-Bains	Le Clerjus	Les Voivres	Montmotier	Trémonzey	Bains-les-Bains|La Vôge-les-Bains	Harsault|La Vôge-les-Bains	Hautmougey|La Vôge-les-Bains
88250	La Bresse
88260	Attigny	Belmont-lès-Darney	Belrupt	Bonvillet	Darney	Dombasle-devant-Darney	Dommartin-lès-Vallois	Escles	Esley	Hennezel	Jésonville	Lerrain	Les Vallois	Nonville	Pont-lès-Bonfays	Provenchères-lès-Darney	Relanges	Saint-Baslemont	Sans-Vallois	Senonges	Thuillières	Vioménil	Viviers-le-Gras
88270	Bainville-aux-Saules	Bazegney	Begnécourt	Bocquegney	Bouxières-aux-Bois	Bouzemont	Charmois-l'Orgueilleux	Circourt	Damas-et-Bettegney	Derbamont	Dompaire	Frénois	Gelvécourt-et-Adompt	Gorhey	Hagécourt	Harol	Hennecourt	Légéville-et-Bonfays	Les Ableuvenettes	Madecourt	Madonne-et-Lamerey	Maroncourt	Pierrefitte	Racécourt	Rancourt	Saint-Vallier	Valfroicourt	Valleroy-aux-Saules	Velotte-et-Tatignécourt	Ville-sur-Illon
88290	Saulxures-sur-Moselotte	Thiéfosse
88300	Attignéville	Aulnois	Autigny-la-Tour	Autreville	Barville	Bazoilles-sur-Meuse	Beaufremont	Certilleux	Circourt-sur-Mouzon	Hagnéville-et-Roncourt	Harchéchamp	Harmonville	Houéville	Jainvillotte	Landaville	Lemmecourt	Martigny-les-Gerbonvaux	Mont-lès-Neufchâteau	Neufchâteau	Pompierre	Rebeuville	Sartes	Tilleux	Tranqueville-Graux	Rollainville|Neufchâteau
88310	Cornimont	Ventron
88320	Ainvelle	Blevaincourt	Damblain	Fouchécourt	Frain	Gignéville	Isches	Lamarche	Marey	Martigny-les-Bains	Mont-lès-Lamarche	Morizécourt	Robécourt	Romain-aux-Bois	Rozières-sur-Mouzon	Senaide	Serécourt	Serocourt	Tignécourt	Tollaincourt	Villotte
88330	Badménil-aux-Bois	Châtel-sur-Moselle	Damas-aux-Bois	Domèvre-sur-Durbion	Hadigny-les-Verrières	Haillainville	Moriville	Pallegney	Portieux	Rehaincourt	Vaxoncourt	Zincourt
88340	Girmont-Val-d'Ajol	Le Val-d'Ajol
88350	Brechainville	Fréville	Grand	Liffol-le-Grand	Pargny-sous-Mureau	Trampot	Villouxel
88360	Ferdrupt	Rupt-sur-Moselle
88370	Bellefontaine	Plombières-les-Bains
88380	Arches	Archettes
88390	Chaumousey	Darnieulles	Domèvre-sur-Avière	Dommartin-aux-Bois	Fomerey	Gigney	Girancourt	Les Forges	Renauvoid	Sanchey	Uxegney
88400	Gérardmer	Liézey	Xonrupt-Longemer
88410	Ameuvelle	Bleurville	Châtillon-sur-Saône	Claudon	Fignévelle	Godoncourt	Grignoncourt	Les Thons	Lironcourt	Martinvelle	Monthureux-sur-Saône	Regnévelle	Saint-Julien
88420	Moyenmoutier
88430	Arrentès-de-Corcieux	Biffontaine	Corcieux	Gerbépal	La Houssière	Vienville
88440	Frizon	Nomexy
88450	Bettegney-Saint-Brice	Évaux-et-Ménil	Gugney-aux-Aulx	Madegney	Regney	Varmonzey	Vincey
88460	Charmois-devant-Bruyères	Cheniménil	Docelles	Faucompierre	La Baffe	Le Roulier	Tendon	Xamontarupt
88470	La Bourgonce	La Salle	La Voivre	Nompatelize	Saint-Michel-sur-Meurthe
88480	Étival-Clairefontaine	Saint-Remy
88490	Combrimont	Frapelle	La Grande-Fosse	La Petite-Fosse	Le Beulay	Lesseux	Lubine	Lusse	Provenchères-et-Colroy	Colroy-la-Grande|Provenchères-et-Colroy	Provenchères-sur-Fave|Provenchères-et-Colroy
88500	Ahéville	Ambacourt	Avillers	Baudricourt	Bazoilles-et-Ménil	Bettoncourt	Blémerey	Boulaincourt	Chauffecourt	Chef-Haut	Dombasle-en-Xaintois	Domèvre-sous-Montfort	Domvallier	Estrennes	Frenelle-la-Grande	Frenelle-la-Petite	Gircourt-lès-Viéville	Hymont	Jorxey	Juvaincourt	Mattaincourt	Mazirot	Ménil-en-Xaintois	Mirecourt	Oëlleville	Offroicourt	Pont-sur-Madon	Poussay	Puzieux	Ramecourt	Remicourt	Repel	Rouvres-en-Xaintois	Rozerotte	Saint-Prancher	Thiraucourt	Totainville	Vaubexy	Villers	Viviers-lès-Offroicourt	Vomécourt-sur-Madon	Vroville
88510	Éloyes
88520	Ban-de-Laveline	Bertrimoutier	Gemaingoutte	La Croix-aux-Mines	Raves	Wisembach
88530	La Forge	Le Tholy
88540	Bussang
88550	Jarménil	Pouxeux
88560	Saint-Maurice-sur-Moselle
88580	Saulcy-sur-Meurthe
88600	Aydoilles	Beauménil	Belmont-sur-Buttant	Bois-de-Champ	Brouvelieures	Bruyères	Champ-le-Duc	Destord	Deycimont	Domfaing	Dompierre	Fays	Fiménil	Fontenay	Fremifontaine	Girecourt-sur-Durbion	Grandvillers	Gugnécourt	Herpelmont	La Chapelle-devant-Bruyères	La Neuveville-devant-Lépanges	Laval-sur-Vologne	Laveline-devant-Bruyères	Lépanges-sur-Vologne	Les Poulières	Les Rouges-Eaux	Méménil	Mortagne	Nonzeville	Pierrepont-sur-l'Arentèle	Prey	Sercœur	Vervezelle	Viménil
88630	Avranville	Chermisey	Clérey-la-Côte	Coussey	Domrémy-la-Pucelle	Frebécourt	Greux	Jubainville	Maxey-sur-Meuse	Midrevaux	Moncel-sur-Vair	Punerot	Ruppes	Seraumont	Sionne	Soulosse-sous-Saint-Élophe
88640	Barbey-Seroux	Champdray	Granges-Aumontzey	Jussarupt	Laveline-du-Houx	Rehaupal
88650	Anould	Entre-deux-Eaux	Mandray	Saint-Léonard
88700	Anglemont	Autrey	Bazien	Brû	Bult	Clézentaine	Deinvillers	Domptail	Doncières	Fauconcourt	Hardancourt	Housseras	Jeanménil	Ménarmont	Ménil-sur-Belvitte	Moyemont	Nossoncourt	Ortoncourt	Padoux	Rambervillers	Romont	Roville-aux-Chênes	Saint-Benoît-la-Chipotte	Saint-Genest	Saint-Gorgon	Saint-Maurice-sur-Mortagne	Saint-Pierremont	Sainte-Barbe	Sainte-Hélène	Vomécourt	Xaffévillers
88800	Belmont-sur-Vair	Domjulien	Haréville	La Neuveville-sous-Montfort	Lignéville	Mandres-sur-Vair	Monthureux-le-Sec	Norroy	Parey-sous-Montfort	Remoncourt	Saint-Remimont	They-sous-Montfort	Valleroy-le-Sec	Vittel
89000	Auxerre	Perrigny	Saint-Georges-sur-Baulche
89100	Collemiers	Courtois-sur-Yonne	Fontaine-la-Gaillarde	Gron	Maillot	Malay-le-Grand	Malay-le-Petit	Nailly	Paron	Rosoy	Saint-Clément	Saint-Denis-lès-Sens	Saint-Martin-du-Tertre	Saligny	Sens	Soucy	Subligny	Villeroy
89110	Chassy	La Ferté-Loupière	Le Val d'Ocre	Les Ormes	Merry-la-Vallée	Montholon	Poilly-sur-Tholon	Saint-Maurice-le-Vieil	Saint-Maurice-Thizouaille	Sommecaise	Valravillon	Aillant-sur-Tholon|Montholon	Laduz|Valravillon	Saint-Aubin-Château-Neuf|Le Val d'Ocre	Saint-Martin-sur-Ocre|Le Val d'Ocre	Villiers-sur-Tholon|Montholon
89113	Branches	Charbuy	Fleury-la-Vallée	Valravillon	Guerchy|Valravillon	Neuilly|Valravillon	Villemer|Valravillon
89116	Cudot	La Celle-Saint-Cyr	Précy-sur-Vrin	Sépeaux-Saint Romain
89120	Charny Orée de Puisaye	Chambeugle|Charny Orée de Puisaye	Charny|Charny Orée de Puisaye	Chêne-Arnoult|Charny Orée de Puisaye	Chevillon|Charny Orée de Puisaye	Dicy|Charny Orée de Puisaye	Fontenouilles|Charny Orée de Puisaye	Grandchamp|Charny Orée de Puisaye	Malicorne|Charny Orée de Puisaye	Marchais-Beton|Charny Orée de Puisaye	Perreux|Charny Orée de Puisaye	Prunoy|Charny Orée de Puisaye	Saint-Denis-sur-Ouanne|Charny Orée de Puisaye	Saint-Martin-sur-Ouanne|Charny Orée de Puisaye	Villefranche|Charny Orée de Puisaye
89130	Dracy	Fontaines	Lalande	Leugny	Mézilles	Moulins-sur-Ouanne	Toucy	Villiers-Saint-Benoît	La Villotte|Villiers-Saint-Benoît
89140	Compigny	Courlon-sur-Yonne	Cuy	Évry	Gisy-les-Nobles	Lixy	Michery	Pailly	Plessis-Saint-Jean	Pont-sur-Yonne	Saint-Sérotin	Serbonnes	Sergines	Villemanoche	Villenavotte	Villeperrot	Villethierry	Vinneuf
89144	Ligny-le-Châtel	Méré	Varennes
89150	Brannay	Courtoin	Dollot	Domats	Fouchères	Jouy	La Belliole	Montacher-Villegardin	Saint-Valérien	Savigny-sur-Clairis	Vallery	Vernoy	Villebougis	Villeneuve-la-Dondagre
89160	Ancy-le-Franc	Ancy-le-Libre	Argentenay	Argenteuil-sur-Armançon	Chassignelles	Fulvy	Gigny	Jully	Lézinnes	Pacy-sur-Armançon	Sambourg	Sennevoy-le-Bas	Sennevoy-le-Haut	Stigny	Villiers-les-Hauts	Vireaux
89170	Lavau	Ronchères	Saint-Fargeau	Saint-Martin-des-Champs	Septfonds|Saint-Fargeau
89190	Bagneaux	Courgenay	Flacy	Foissy-sur-Vanne	Lailly	Les Clérimois	Les Sièges	Les Vallées de la Vanne	Molinons	Pont-sur-Vanne	Saint-Maurice-aux-Riches-Hommes	Villeneuve-l'Archevêque	Chigy|Les Vallées de la Vanne
89200	Annay-la-Côte	Annéot	Avallon	Blannay	Domecy-sur-le-Vault	Étaule	Girolles	Givry	Island	Lucy-le-Bois	Magny	Pontaubert	Provency	Sauvigny-le-Bois	Sermizelles	Tharot	Thory	Vault-de-Lugny
89210	Bellechaume	Brienon-sur-Armançon	Champlost	Esnon	Mercy	Paroy-en-Othe	Venizy	Bligny-en-Othe|Brienon-sur-Armançon
89220	Bléneau	Champcevrais	Rogny-les-Sept-Écluses	Saint-Privé
89230	Bleigny-le-Carreau	Montigny-la-Resle	Pontigny	Rouvray	Venouse	Villeneuve-Saint-Salves
89240	Beauvoir	Chevannes	Diges	Égleny	Escamps	Lindry	Parly	Pourrain	Villefargeau
89250	Beaumont	Chemilly-sur-Yonne	Gurgy	Hauterive	Mont-Saint-Sulpice	Seignelay
89260	La Chapelle-sur-Oreuse	La Postolle	Perceneige	Thorigny-sur-Oreuse	Voisines	Fleurigny|Thorigny-sur-Oreuse	Saint-Martin-sur-Oreuse|Thorigny-sur-Oreuse
89270	Arcy-sur-Cure	Bessy-sur-Cure	Lucy-sur-Cure	Mailly-la-Ville	Saint-Moré	Sery	Vermenton	Voutenay-sur-Cure	Essert|Lucy-sur-Cure	Sacy|Vermenton
89290	Augy	Auxerre	Champs-sur-Yonne	Escolives-Sainte-Camille	Irancy	Jussy	Quenne	Venoy	Vincelles	Vincelottes	Vaux|Auxerre
89300	Champlay	Chamvres	Joigny	Looze	Paroy-sur-Tholon	Saint-Aubin-sur-Yonne	Villecien
89310	Annay-sur-Serein	Censy	Châtel-Gérard	Étivey	Fresnes	Grimault	Jouancy	Môlay	Moulins-en-Tonnerrois	Nitry	Noyers	Pasilly	Poilly-sur-Serein	Sainte-Vertu	Sarry
89320	Arces-Dilo	Cérilly	Cerisiers	Coulours	Fournaudin	Les Vallées de la Vanne	Noé	Vaudeurs	Vaumort	Villechétive	Villiers-Louis	Dilo|Arces-Dilo	Theil-sur-Vanne|Les Vallées de la Vanne	Vareilles|Les Vallées de la Vanne
89330	Piffonds	Saint-Julien-du-Sault	Saint-Loup-d'Ordon	Saint-Martin-d'Ordon	Verlin	Villevallier
89340	Champigny	Chaumont	Saint-Agnan	Villeblevin	Villeneuve-la-Guyard
89350	Champignelles	Tannerre-en-Puisaye	Villeneuve-les-Genêts	Louesme|Champignelles
89360	Bernouil	Butteaux	Carisey	Dyé	Flogny-la-Chapelle	Jaulges	Percey	Villiers-Vineux
89380	Appoigny
89390	Aisy-sur-Armançon	Cry	Nuits	Perrigny-sur-Armançon	Ravières
89400	Bassou	Bonnard	Brion	Bussy-en-Othe	Charmoy	Cheny	Chichery	Épineau-les-Voves	Laroche-Saint-Cydroine	Migennes	Ormoy
89410	Béon	Cézy
89420	Bierry-les-Belles-Fontaines	Cussy-les-Forges	Guillon-Terre-Plaine	Marmeaux	Montréal	Pisy	Saint-André-en-Terre-Plaine	Sainte-Magnance	Santigny	Sauvigny-le-Beuréal	Savigny-en-Terre-Plaine	Talcy	Thizy	Vassy-sous-Pisy	Cisery|Guillon-Terre-Plaine	Guillon|Guillon-Terre-Plaine	Sceaux|Guillon-Terre-Plaine	Trévilly|Guillon-Terre-Plaine	Vignes|Guillon-Terre-Plaine
89430	Baon	Mélisey	Rugny	Tanlay	Thorey	Trichey	Commissey|Tanlay	Saint-Vinnemer|Tanlay
89440	Angely	Annoux	Athie	Blacy	Coutarnoux	Dissangis	Joux-la-Ville	L'Isle-sur-Serein	Massangis	Précy-le-Sec	Sainte-Colombe
89450	Asquins	Domecy-sur-Cure	Foissy-lès-Vézelay	Fontenay-près-Vézelay	Menades	Pierre-Perthuis	Saint-Père	Tharoiseau	Vézelay
89460	Bazarnes	Deux Rivières	Prégilbert	Sainte-Pallaye	Trucy-sur-Yonne	Accolay|Deux Rivières	Cravant|Deux Rivières
89470	Monéteau	Sougères-sur-Sinotte|Monéteau
89480	Andryes	Coulanges-sur-Yonne	Crain	Étais-la-Sauvin	Festigny	Lucy-sur-Yonne
89500	Armeau	Bussy-le-Repos	Chaumot	Cornant	Dixmont	Égriselles-le-Bocage	Les Bordes	Marsangy	Rousson	Villeneuve-sur-Yonne
89510	Étigny	Passy	Véron
89520	Fontenoy	Lainsecq	Levis	Moutiers-en-Puisaye	Sainpuits	Saint-Sauveur-en-Puisaye	Saints-en-Puisaye	Sougères-en-Puisaye	Thury	Treigny-Perreuse-Sainte-Colombe	Perreuse|Treigny-Perreuse-Sainte-Colombe	Sainte-Colombe-sur-Loing|Treigny-Perreuse-Sainte-Colombe	Treigny|Treigny-Perreuse-Sainte-Colombe
89530	Chitry	Saint-Bris-le-Vineux
89550	Héry
89560	Courson-les-Carrières	Druyes-les-Belles-Fontaines	Fouronnes	Lain	Les Hauts de Forterre	Merry-Sec	Mouffy	Ouanne	Sementron	Chastenay|Ouanne	Fontenailles|Les Hauts de Forterre	Molesmes|Les Hauts de Forterre	Taingy|Les Hauts de Forterre
89570	Beugnon	Lasson	Neuvy-Sautour	Sormery	Soumaintrain	Turny
89580	Charentenay	Coulangeron	Coulanges-la-Vineuse	Gy-l'Évêque	Migé	Val-de-Mercy	Vallan
89600	Chéu	Germigny	Saint-Florentin	Vergigny	Bouilly|Vergigny	Rebourseaux|Vergigny
89630	Beauvilliers	Bussières	Chastellux-sur-Cure	Quarré-les-Tombes	Saint-Brancher	Saint-Germain-des-Champs	Saint-Léger-Vauban
89660	Asnières-sous-Bois	Bois-d'Arcy	Brosses	Chamoux	Châtel-Censoir	Fontenay-sous-Fouronnes	Lichères-sur-Yonne	Mailly-le-Château	Merry-sur-Yonne	Montillot
89690	Chéroy
89700	Béru	Cheney	Collan	Dannemoine	Épineuil	Junay	Molosmes	Roffey	Saint-Martin-sur-Armançon	Serrigny	Tissey	Tonnerre	Tronchoy	Vézannes	Vézinnes	Viviers	Yrouerre
89710	Montholon	Senan	Champvallon|Montholon	Volgré|Montholon
89740	Arthonnay	Cruzy-le-Châtel	Gland	Pimelles	Quincerot	Villon
89770	Bœurs-en-Othe	Chailley
89800	Aigremont	Beine	Chablis	Chemilly-sur-Serein	Chichée	Courgis	Fleys	Fontenay-près-Chablis	La Chapelle-Vaupelteigne	Lichères-près-Aigremont	Lignorelles	Maligny	Préhy	Saint-Cyr-les-Colons	Villy
90000	Belfort
90100	Boron	Chavanatte	Chavannes-les-Grands	Courcelles	Courtelevant	Croix	Delle	Faverois	Fêche-l'Église	Florimont	Grosne	Joncherey	Lebetain	Lepuix-Neuf	Saint-Dizier-l'Évêque	Suarce	Thiancourt	Vellescot	Villars-le-Sec
90110	Bourg-sous-Châtelet	Felon	Leval	Romagny-sous-Rougemont	Rougemont-le-Château	Saint-Germain-le-Châtelet
90120	Méziré	Morvillars
90130	Bretagne	Montreux-Château	Petit-Croix
90140	Autrechêne	Bourogne	Brebotte	Charmois	Froidefontaine	Recouvrance
90150	Angeot	Bethonvilliers	Cunelières	Eguenigue	Fontaine	Foussemagne	Frais	Lacollonge	Lagrange	Larivière	Menoncourt	Phaffans	Reppe	Vauthiermont
90160	Bessoncourt	Denney	Pérouse
90170	Anjoutey	Étueffont	Lamadeleine-Val-des-Anges	Petitmagny
90200	Auxelles-Bas	Auxelles-Haut	Giromagny	Grosmagny	Lepuix	Riervescemont	Rougegoutte	Vescemont
90300	Cravanche	Éloie	Lachapelle-sous-Chaux	Offemont	Sermamagny	Valdoie	Vétrigne
90330	Chaux
90340	Chèvremont	Fontenelle	Novillard
90350	Évette-Salbert
90360	Lachapelle-sous-Rougemont	Petitefontaine
90370	Réchésy
90380	Roppe
90400	Andelnans	Bermont	Botans	Danjoutin	Dorans	Meroux-Moval	Sevenans	Trévenans	Vézelois
90500	Beaucourt	Montbouton
90600	Grandvillars
90700	Châtenois-les-Forges
90800	Argiésans	Banvillars	Bavilliers	Buc	Urcerey
90850	Essert
91000	Évry-Courcouronnes
91070	Bondoufle
91080	Évry-Courcouronnes
91090	Lisses
91100	Corbeil-Essonnes	Villabé
91120	Palaiseau
91130	Ris-Orangis
91140	Villebon-sur-Yvette	Villejust
91150	Abbéville-la-Rivière	Blandy	Bois-Herpin	Boutervilliers	Brières-les-Scellés	Brouy	Champmotteux	Étampes	La Forêt-Sainte-Croix	Marolles-en-Beauce	Mespuits	Morigny-Champigny	Ormoy-la-Rivière	Puiselet-le-Marais	Roinvilliers
91160	Ballainvilliers	Champlan	Longjumeau	Saulx-les-Chartreux
91170	Viry-Châtillon
91180	Saint-Germain-lès-Arpajon
91190	Gif-sur-Yvette	Saint-Aubin	Villiers-le-Bâcle
91200	Athis-Mons
91210	Draveil
91220	Brétigny-sur-Orge	Le Plessis-Pâté
91230	Montgeron
91240	Saint-Michel-sur-Orge
91250	Morsang-sur-Seine	Saint-Germain-lès-Corbeil	Saintry-sur-Seine	Tigery
91260	Juvisy-sur-Orge
91270	Vigneux-sur-Seine
91280	Saint-Pierre-du-Perray
91290	Arpajon	La Norville
91300	Massy
91310	Leuville-sur-Orge	Linas	Longpont-sur-Orge	Montlhéry
91320	Wissous
91330	Yerres
91340	Ollainville
91350	Grigny
91360	Épinay-sur-Orge	Villemoisson-sur-Orge
91370	Verrières-le-Buisson
91380	Chilly-Mazarin
91390	Morsang-sur-Orge
91400	Gometz-la-Ville	Orsay	Saclay
91410	Authon-la-Plaine	Chatignonville	Corbreuse	Dourdan	La Forêt-le-Roi	Les Granges-le-Roi	Plessis-Saint-Benoist	Richarville	Roinville	Saint-Cyr-sous-Dourdan	Saint-Escobille
91420	Morangis
91430	Igny	Vauhallan
91440	Bures-sur-Yvette
91450	Étiolles	Soisy-sur-Seine
91460	Marcoussis
91470	Angervilliers	Boullay-les-Troux	Forges-les-Bains	Les Molières	Limours	Pecqueuse
91480	Quincy-sous-Sénart	Varennes-Jarcy
91490	Courances	Dannemois	Milly-la-Forêt	Moigny-sur-École	Oncy-sur-École
91510	Janville-sur-Juine	Lardy
91520	Égly
91530	Le Val-Saint-Germain	Saint-Chéron	Saint-Maurice-Montcouronne	Sermaise
91540	Écharcon	Fontenay-le-Vicomte	Mennecy	Ormoy
91550	Paray-Vieille-Poste
91560	Crosne
91570	Bièvres
91580	Auvers-Saint-Georges	Chauffour-lès-Étréchy	Étréchy	Souzy-la-Briche	Villeconin	Villeneuve-sur-Auvers
91590	Baulne	Boissy-le-Cutté	Cerny	D'Huison-Longueville	Guigneville-sur-Essonne	La Ferté-Alais	Mondeville	Orveau
91600	Savigny-sur-Orge
91610	Ballancourt-sur-Essonne
91620	La Ville-du-Bois	Nozay
91630	Avrainville	Cheptainville	Guibeville	Leudeville	Marolles-en-Hurepoix
91640	Briis-sous-Forges	Fontenay-lès-Briis	Janvry	Vaugrigneuse
91650	Breuillet	Breux-Jouy	Saint-Yon
91660	Le Mérévillois	Estouches|Le Mérévillois	Méréville|Le Mérévillois
91670	Angerville
91680	Bruyères-le-Châtel	Courson-Monteloup
91690	Arrancourt	Boissy-la-Rivière	Fontaine-la-Rivière	Guillerval	Saclas	Saint-Cyr-la-Rivière
91700	Fleury-Mérogis	Sainte-Geneviève-des-Bois	Villiers-sur-Orge
91710	Vert-le-Petit
91720	Boigneville	Buno-Bonnevaux	Courdimanche-sur-Essonne	Gironville-sur-Essonne	Maisse	Prunay-sur-Essonne	Valpuiseaux
91730	Chamarande	Mauchamps	Torfou
91740	Chalou-Moulineux	Congerville-Thionville	Pussay
91750	Champcueil	Chevannes	Nainville-les-Roches
91760	Itteville
91770	Saint-Vrain
91780	Chalo-Saint-Mars	Mérobert	Saint-Hilaire
91790	Boissy-sous-Saint-Yon
91800	Boussy-Saint-Antoine	Brunoy
91810	Vert-le-Grand
91820	Boutigny-sur-Essonne	Vayres-sur-Essonne
91830	Auvernaux	Le Coudray-Montceaux
91840	Soisy-sur-École
91850	Bouray-sur-Juine
91860	Épinay-sous-Sénart
91870	Boissy-le-Sec
91880	Bouville
91890	Videlles
91910	Saint-Sulpice-de-Favières
91930	Monnerville
91940	Gometz-le-Châtel	Les Ulis	Saint-Jean-de-Beauregard
92000	Nanterre
92100	Boulogne-Billancourt
92110	Clichy
92120	Montrouge
92130	Issy-les-Moulineaux
92140	Clamart
92150	Suresnes
92160	Antony
92170	Vanves
92190	Meudon
92200	Neuilly-sur-Seine
92210	Saint-Cloud
92220	Bagneux
92230	Gennevilliers
92240	Malakoff
92250	La Garenne-Colombes
92260	Fontenay-aux-Roses
92270	Bois-Colombes
92290	Châtenay-Malabry
92300	Levallois-Perret
92310	Sèvres
92320	Châtillon
92330	Sceaux
92340	Bourg-la-Reine
92350	Le Plessis-Robinson
92360	Meudon
92370	Chaville
92380	Garches
92390	Villeneuve-la-Garenne
92400	Courbevoie
92410	Ville-d'Avray
92420	Vaucresson
92430	Marnes-la-Coquette
92500	Rueil-Malmaison
92600	Asnières-sur-Seine
92700	Colombes
92800	Puteaux
93000	Bobigny
93100	Montreuil
93110	Rosny-sous-Bois
93120	La Courneuve
93130	Noisy-le-Sec
93140	Bondy
93150	Le Blanc-Mesnil
93160	Noisy-le-Grand
93170	Bagnolet
93190	Livry-Gargan
93200	Saint-Denis
93210	Saint-Denis
93220	Gagny
93230	Romainville
93240	Stains
93250	Villemomble
93260	Les Lilas
93270	Sevran
93290	Tremblay-en-France
93300	Aubervilliers
93310	Le Pré-Saint-Gervais
93320	Les Pavillons-sous-Bois
93330	Neuilly-sur-Marne
93340	Le Raincy
93350	Le Bourget
93360	Neuilly-Plaisance
93370	Montfermeil
93380	Saint-Denis	Pierrefitte-sur-Seine|Saint-Denis
93390	Clichy-sous-Bois
93400	Saint-Ouen-sur-Seine
93410	Vaujours
93420	Villepinte
93430	Villetaneuse
93440	Dugny
93450	L'Île-Saint-Denis
93460	Gournay-sur-Marne
93470	Coubron
93500	Pantin
93600	Aulnay-sous-Bois
93700	Drancy
93800	Épinay-sur-Seine
94000	Créteil
94100	Saint-Maur-des-Fossés
94110	Arcueil
94120	Fontenay-sous-Bois
94130	Nogent-sur-Marne
94140	Alfortville
94150	Rungis
94160	Saint-Mandé
94170	Le Perreux-sur-Marne
94190	Villeneuve-Saint-Georges
94200	Ivry-sur-Seine
94210	Saint-Maur-des-Fossés
94220	Charenton-le-Pont
94230	Cachan
94240	L'Haÿ-les-Roses
94250	Gentilly
94260	Fresnes
94270	Le Kremlin-Bicêtre
94290	Villeneuve-le-Roi
94300	Vincennes
94310	Orly
94320	Thiais
94340	Joinville-le-Pont
94350	Villiers-sur-Marne
94360	Bry-sur-Marne
94370	Sucy-en-Brie
94380	Bonneuil-sur-Marne
94390	Paray-Vieille-Poste
94400	Vitry-sur-Seine
94410	Saint-Maurice
94420	Le Plessis-Trévise
94430	Chennevières-sur-Marne
94440	Marolles-en-Brie	Santeny	Villecresnes
94450	Limeil-Brévannes
94460	Valenton
94470	Boissy-Saint-Léger
94480	Ablon-sur-Seine
94490	Ormesson-sur-Marne
94500	Champigny-sur-Marne
94510	La Queue-en-Brie
94520	Mandres-les-Roses	Périgny
94550	Chevilly-Larue
94600	Choisy-le-Roi
94700	Maisons-Alfort
94800	Villejuif
94880	Noiseau
95000	Boisemont	Cergy	Neuville-sur-Oise	Pontoise
95100	Argenteuil
95110	Sannois
95120	Ermont
95130	Franconville	Le Plessis-Bouchard
95140	Garges-lès-Gonesse
95150	Taverny
95160	Montmorency
95170	Deuil-la-Barre
95180	Menucourt
95190	Châtenay-en-France	Fontenay-en-Parisis	Goussainville
95200	Sarcelles
95210	Saint-Gratien
95220	Herblay-sur-Seine	Pierrelaye
95230	Soisy-sous-Montmorency
95240	Cormeilles-en-Parisis
95250	Beauchamp
95260	Beaumont-sur-Oise	Mours
95270	Asnières-sur-Oise	Bellefontaine	Belloy-en-France	Chaumontel	Épinay-Champlâtreux	Lassy	Le Plessis-Luzarches	Luzarches	Noisy-sur-Oise	Saint-Martin-du-Tertre	Seugy	Viarmes
95280	Jouy-le-Moutier
95290	L'Isle-Adam
95300	Ennery	Hérouville-en-Vexin	Livilliers	Pontoise
95310	Saint-Ouen-l'Aumône
95320	Saint-Leu-la-Forêt
95330	Domont
95340	Bernes-sur-Oise	Persan	Ronquerolles
95350	Piscop	Saint-Brice-sous-Forêt
95360	Montmagny
95370	Montigny-lès-Cormeilles
95380	Chennevières-lès-Louvres	Épiais-lès-Louvres	Louvres	Puiseux-en-France	Villeron
95390	Saint-Prix
95400	Arnouville	Villiers-le-Bel
95410	Groslay
95420	Ambleville	Arthies	Banthelu	Charmont	Cléry-en-Vexin	Genainville	Hodent	La Chapelle-en-Vexin	Magny-en-Vexin	Maudétour-en-Vexin	Nucourt	Omerville	Saint-Gervais	Wy-dit-Joli-Village
95430	Auvers-sur-Oise	Butry-sur-Oise
95440	Écouen
95450	Ableiges	Avernes	Commeny	Condécourt	Frémainville	Guiry-en-Vexin	Le Perchay	Longuesse	Sagy	Seraincourt	Théméricourt	Us	Vigny
95460	Ézanville
95470	Fosses	Saint-Witz	Survilliers	Vémars
95480	Pierrelaye
95490	Vauréal
95500	Bonneuil-en-France	Gonesse	Le Thillay	Vaudherland
95510	Aincourt	Amenucourt	Chérence	Saint-Cyr-en-Arthies	Vétheuil	Vienne-en-Arthies	Villers-en-Arthies
95520	Osny
95530	La Frette-sur-Seine
95540	Méry-sur-Oise
95550	Bessancourt
95560	Baillet-en-France	Chauvry	Maffliers	Montsoult
95570	Attainville	Bouffémont	Moisselles	Villaines-sous-Bois
95580	Andilly	Margency
95590	Nerville-la-Forêt	Nointel	Presles
95600	Eaubonne
95610	Éragny-sur-Oise
95620	Parmain
95630	Mériel
95640	Bréançon	Brignancourt	Haravilliers	Le Heaulme	Marines	Moussy	Neuilly-en-Vexin	Santeuil
95650	Boissy-l'Aillerie	Courcelles-sur-Viosne	Génicourt	Montgeroult	Puiseux-Pontoise
95660	Champagne-sur-Oise
95670	Marly-la-Ville
95680	Montlignon
95690	Frouville	Hédouville	Labbeville	Nesles-la-Vallée
95700	Roissy-en-France
95710	Ambleville	Bray-et-Lû	Chaussy
95720	Bouqueval	Le Mesnil-Aubry	Le Plessis-Gassot	Villiers-le-Sec
95740	Frépillon
95750	Chars	Le Bellay-en-Vexin
95760	Valmondois
95770	Buhy	Montreuil-sur-Epte	Saint-Clair-sur-Epte
95780	Haute-Isle	La Roche-Guyon
95800	Cergy	Courdimanche
95810	Arronville	Berville	Épiais-Rhus	Grisy-les-Plâtres	Menouville	Theuville	Vallangoujard
95820	Bruyères-sur-Oise
95830	Cormeilles-en-Vexin	Frémécourt
95840	Béthemont-la-Forêt	Villiers-Adam
95850	Jagny-sous-Bois	Mareil-en-France
95870	Bezons
95880	Enghien-les-Bains
97100	Basse-Terre
97110	Pointe-à-Pitre
97111	Morne-à-l'Eau
97112	Grand-Bourg
97113	Gourbeyre
97114	Trois-Rivières
97115	Sainte-Rose
97116	Pointe-Noire
97117	Port-Louis
97118	Saint-François
97119	Vieux-Habitants
97120	Saint-Claude
97121	Anse-Bertrand
97122	Baie-Mahault
97123	Baillif
97125	Bouillante
97126	Deshaies
97127	La Désirade
97128	Goyave
97129	Lamentin
97130	Capesterre-Belle-Eau
97131	Petit-Canal
97133	Saint-Barthélemy
97134	Saint-Louis
97136	Terre-de-Bas
97137	Terre-de-Haut
97139	Les Abymes
97140	Capesterre-de-Marie-Galante
97141	Vieux-Fort
97142	Les Abymes
97150	Saint-Martin
97160	Le Moule
97170	Petit-Bourg
97180	Sainte-Anne
97190	Le Gosier
97200	Fort-de-France
97211	Rivière-Pilote
97212	Saint-Joseph
97213	Gros-Morne
97214	Le Lorrain
97215	Rivière-Salée
97216	L'Ajoupa-Bouillon
97217	Les Anses-d'Arlet
97218	Basse-Pointe	Grand'Rivière	Macouba
97220	La Trinité
97221	Le Carbet
97222	Bellefontaine	Case-Pilote
97223	Le Diamant
97224	Ducos
97225	Le Marigot
97226	Le Morne-Vert
97227	Sainte-Anne
97228	Sainte-Luce
97229	Les Trois-Îlets
97230	Sainte-Marie
97231	Le Robert
97232	Le Lamentin
97233	Schœlcher
97234	Fort-de-France
97240	Le François
97250	Fonds-Saint-Denis	Le Prêcheur	Saint-Pierre
97260	Le Morne-Rouge
97270	Saint-Esprit
97280	Le Vauclin
97290	Le Marin
97300	Cayenne
97310	Kourou
97311	Roura
97312	Saint-Élie
97313	Saint-Georges
97314	Saül
97315	Sinnamary
97316	Papaichton
97317	Apatou
97318	Mana
97319	Awala-Yalimapo
97320	Saint-Laurent-du-Maroni
97330	Camopi
97340	Grand-Santi
97350	Iracoubo
97351	Matoury
97352	Roura
97353	Régina
97354	Remire-Montjoly
97355	Macouria
97356	Montsinéry-Tonnegrande
97360	Mana
97370	Maripasoula
97380	Ouanary
97390	Régina
97400	Saint-Denis
97410	Saint-Pierre
97411	Saint-Paul
97412	Bras-Panon
97413	Cilaos
97414	Entre-Deux
97416	Saint-Leu
97417	Saint-Denis
97418	Le Tampon
97419	La Possession
97420	Le Port
97421	Saint-Louis
97422	Saint-Paul
97423	Saint-Paul
97424	Saint-Leu
97425	Les Avirons
97426	Les Trois-Bassins
97427	L'Étang-Salé
97429	Petite-Île
97430	Le Tampon
97431	La Plaine-des-Palmistes
97432	Saint-Pierre
97433	Salazie
97434	Saint-Paul
97435	Saint-Paul
97436	Saint-Leu
97437	Saint-Benoît
97438	Sainte-Marie
97439	Sainte-Rose
97440	Saint-André
97441	Sainte-Suzanne
97442	Saint-Philippe
97450	Saint-Louis
97460	Saint-Paul
97470	Saint-Benoît
97480	Saint-Joseph
97490	Saint-Denis
97500	Miquelon-Langlade	Saint-Pierre
97600	Koungou	Mamoudzou
97605	Mamoudzou
97615	Dzaoudzi	Pamandzi
97620	Bouéni	Chirongui
97625	Kani-Kéli
97630	Acoua	Mtsamboro
97640	Sada
97650	Bandraboua	M'Tsangamouji
97660	Bandrele	Dembeni
97670	Chiconi	Ouangani
97680	Tsingoni
98000	Monaco
98600	Uvea
98610	Alo
98620	Sigave
98701	Arue
98703	Punaauia
98704	Faaa
98705	Hitiaa O Te Ra
98706	Hitiaa O Te Ra
98707	Hitiaa O Te Ra
98708	Hitiaa O Te Ra
98709	Mahina
98710	Mahina
98711	Paea
98712	Papara
98714	Papeete
98716	Pirae
98718	Punaauia
98719	Taiarapu-Est
98720	Taiarapu-Est
98721	Taiarapu-Est
98722	Taiarapu-Est
98723	Taiarapu-Ouest
98724	Taiarapu-Ouest
98725	Taiarapu-Ouest
98726	Teva I Uta
98727	Teva I Uta
98728	Moorea-Maiao
98729	Moorea-Maiao
98730	Bora-Bora
98731	Huahine
98732	Huahine	Maupiti
98733	Tahaa
98734	Tahaa
98735	Taputapuatea	Tumaraa	Uturoa
98740	Fatu-Hiva
98741	Hiva-Oa
98742	Nuku-Hiva
98743	Tahuata
98744	Ua-Huka
98745	Ua-Pou
98746	Ua-Pou
98747	Ua-Huka
98748	Nuku-Hiva
98749	Hiva-Oa
98750	Raivavae
98751	Rapa
98752	Rimatara
98753	Rurutu
98754	Tubuai
98755	Gambier
98760	Anaa
98761	Arutua
98762	Arutua
98763	Fakarava
98764	Fakarava
98765	Fangatau
98766	Fangatau
98767	Hao
98768	Hikueru
98769	Makemo
98770	Manihi
98771	Manihi
98772	Napuka
98773	Nukutavake
98774	Pukapuka
98775	Rangiroa
98776	Rangiroa
98777	Rangiroa
98778	Rangiroa
98779	Reao
98780	Reao
98781	Takaroa
98782	Takaroa
98783	Tatakoto
98784	Tureia
98785	Arutua
98786	Anaa
98787	Fakarava
98788	Nukutavake
98789	Makemo
98790	Anaa	Fakarava	Hao	Hikueru	Makemo	Rangiroa	Takaroa
98792	Gambier
98793	Gambier
98794	Rapa
98795	Rimatara
98796	Hiva-Oa	Nuku-Hiva
98799	Île de Clipperton
98800	Nouméa
98809	Le Mont-Dore
98810	Le Mont-Dore
98811	Belep
98812	Bouloupari
98813	Canala
98814	Ouvéa
98815	Hienghène
98816	Houaïlou
98817	Kaala-Gomen
98818	Kouaoua
98819	Moindou
98820	Lifou
98821	Ouégoa
98822	Poindimié
98823	Ponérihouen
98824	Pouébo
98825	Pouembout
98826	Poum
98827	Poya
98828	Maré
98829	Thio
98830	Dumbéa
98831	Touho
98832	L'Île-des-Pins
98833	Voh
98834	Yaté
98835	Dumbéa
98836	Dumbéa
98837	Dumbéa
98838	Houaïlou
98839	Dumbéa
98840	Païta
98850	Koumac
98859	Koné
98860	Koné
98870	Bourail
98874	Le Mont-Dore
98875	Le Mont-Dore
98876	Le Mont-Dore
98877	Poya
98878	Maré
98880	La Foa
98881	Farino
98882	Sarraméa
98883	Voh
98884	Lifou
98885	Lifou
98889	Païta
98890	Païta
